Stkcd,ShortName,Indcd,Indnme,sector,resist_count,resist_crises,rev_growth_2008金融危机,rev_growth_2015股灾,rev_growth_2018去杠杆,rev_growth_2020疫情,np_growth_2008金融危机,np_growth_2015股灾,np_growth_2018去杠杆,np_growth_2020疫情,avg_rev_growth,avg_np_growth,avg_cf_change,avg_roe_change,avg_gm_change,avg_lev_change,roe_2024,leverage_2024,quality_filtered
000592,平潭发展,A02,林业,A,4,2008金融危机; 2015股灾; 2018去杠杆; 2020疫情,1497.1559414531046,0.11382152178854155,0.1025957314590616,0.2771801156518063,-0.7827570241885031,-0.4558849833024937,5.570264801389559,-17.63589806884016,374.412384705501,-3.3260688187353993,-356429743.2575,0.6670663403707573,-0.048594368040720606,-0.35287769891110066,-0.0645326146939093,0.4692726061201307,False
000557,西部创业,G53,铁路运输业,G,4,2008金融危机; 2015股灾; 2018去杠杆; 2020疫情,0.03011520340049652,70.51976310937106,0.15356415955183841,0.11994273520270982,-16.26359768003366,55.21249931667503,0.6939884935182818,2.8328718586313357,17.705846301881525,10.618940497197748,-23671818.08999999,0.11371730959661873,-0.038241719186970696,0.15921749408460514,0.043042782878226465,0.09943234913557161,False
600466,蓝光发展,K70,房地产业,K,4,2008金融危机; 2015股灾; 2018去杠杆; 2020疫情,0.15243977978713347,43.09372991667885,0.25526401785879776,0.09602816374917296,0.8178689316811921,74.95663275380869,0.9957097891113281,-0.11610472733302714,10.89936546951849,19.163526686817047,-3922119594.545,0.01803592439396306,-0.08578929413165048,0.14951110518410135,,,False
600629,华建集团,M74,专业技术服务业,M,4,2008金融危机; 2015股灾; 2018去杠杆; 2020疫情,0.5985480632408612,7.7999623531885325,0.12650419138233304,0.20120823387875553,0.5377069464361974,21.28547976771126,0.04168734313156857,-0.25418654895616216,2.1815557104226206,5.402671877080716,226442614.0725,-0.06168263187426885,0.019574722389820665,0.04595058055793047,0.06463420141360493,0.6488010013773056,False
600539,ST 狮头,C30,非金属矿物制品业,C,4,2008金融危机; 2015股灾; 2018去杠杆; 2020疫情,0.11810431890713965,3.4296177377412347,0.20832160482488843,2.7573284149319095,-0.3086984737575952,1.048543505824848,1.295569997769774,2.0978815775587187,1.628343019101293,1.0333241518489364,39826416.265,0.0773231343875208,0.031775513498859154,0.03708215096628082,-0.10485586886071867,0.20647796006878438,False
600803,新奥股份,C26,化学原料及化学制品制造业,C,4,2008金融危机; 2015股灾; 2018去杠杆; 2020疫情,0.11421200383947301,0.16235528362674914,0.3584075017927871,5.504608852400646,-0.49734793463957233,-0.03929438080712058,1.0299985812917494,5.616648050571904,1.5348959104149138,1.52750107910424,2857359089.365,0.027423461583060818,-0.0073160458066115625,0.02167101729506224,0.1642419406441076,0.5430239833946598,True
600707,彩虹股份,C39,计算机、通信和其他电子设备制造业,C,4,2008金融危机; 2015股灾; 2018去杠杆; 2020疫情,0.7735648431457735,0.47219228986590744,3.260637319655738,0.7829124588768943,2.105870112461655,1.0371922917694447,0.8810983986587282,-15.420625669739184,1.3223267278860784,-2.849116216712339,730401833.3299999,0.18521687718901556,0.09124761490416547,0.0033277730001769756,0.056730400328812026,0.45617415436468944,False
600649,城投控股,K70,房地产业,K,4,2008金融危机; 2015股灾; 2018去杠杆; 2020疫情,1.656046396278342,0.6177995491197119,1.1468911051282167,0.8017746661995567,1.4586301684087466,0.8203203522496728,-0.33766794951712187,0.20623091591683854,1.0556279291814568,0.536878371764534,2983824007.7974997,0.020820274365486453,-0.06543644980418682,0.09518095219301542,0.009705595294060426,0.7430533932302067,False
600704,物产中大,F51,批发业,F,4,2008金融危机; 2015股灾; 2018去杠杆; 2020疫情,0.017036462295610892,3.8082215831825703,0.08655371850399417,0.12569924432369473,0.019190547478863017,3.02279267561175,0.1659751532689089,0.033279652057054854,1.0093777520764675,0.8103095071041443,3714521788.5674996,0.006920102336484477,-0.01287763983384168,-0.01783291813064855,0.08594865212937833,0.670692147319906,False
600711,盛屯矿业,B09,有色金属矿采选业,B,4,2008金融危机; 2015股灾; 2018去杠杆; 2020疫情,2.458141907096738,0.9898690913117932,0.430047386889415,0.09284006373821042,-0.6104930862466915,0.029453191853957637,-0.19377258812974252,-0.31191649578263525,0.9927246122590392,-0.2716822445762779,70806648.82250002,-0.07487841302219021,-0.12868093006391015,0.010738393420662948,0.13390257191765315,0.5497202360089243,True
000004,国华网安,I65,软件和信息技术服务业,I,4,2008金融危机; 2015股灾; 2018去杠杆; 2020疫情,0.0708359910406312,0.49430822185463086,1.6468495083557662,1.591589537283446,-0.14819289299766336,-0.5611370539771101,-4.667989920324734,18.2004483238552,0.9508958146336186,3.2057821141389224,-6182127.085,-0.04861099010369199,0.06654034341204085,0.07349917054203922,-1.8819299243180108,0.7657097869968321,False
600981,汇鸿集团,F51,批发业,F,4,2008金融危机; 2015股灾; 2018去杠杆; 2020疫情,0.13691750323454152,3.2242922066021458,0.05826781513175021,0.06564121575133171,-0.20128274380849176,47.71665863272382,0.5289580126234537,-0.2805139595783637,0.8712796851799423,11.940954985490105,-8697523.547500014,0.04203516752353876,-0.006531270834948108,-0.02459880284087826,0.015715714170542183,0.7790446344182875,False
000975,银泰黄金,B09,有色金属矿采选业,B,4,2008金融危机; 2015股灾; 2018去杠杆; 2020疫情,0.6488629219214347,0.006553390712122412,2.2552139038011227,0.5354201023357118,-14.17681169374643,-0.07965992050313792,0.7779441149617156,0.4298138566930426,0.8615125796925979,-3.2621784106487026,379348769.27000004,-0.004700247455587173,-0.07352125496036065,0.06024238298662608,0.1640649916423809,0.18567429686244738,True
600435,北方导航,C39,计算机、通信和其他电子设备制造业,C,4,2008金融危机; 2015股灾; 2018去杠杆; 2020疫情,2.8755163527982543,0.15131666948332648,0.02221245229824766,0.3108573189039235,5.5338799756096995,-0.047900979892302055,0.08807012175197856,0.5861277349680478,0.839975698370938,1.540044213109356,260332974.4975,0.05765845171177312,0.016306977413710774,0.05850763368496576,0.025285948050925555,0.5463277488869124,False
600116,三峡水利,D44,电力、热力生产和供应业,D,4,2008金融危机; 2015股灾; 2018去杠杆; 2020疫情,0.18076469638880632,0.01380631877733875,0.06639458179197763,3.0216853485073694,0.2427285122928939,0.4462291006100605,-0.31527744292499665,2.368520596592955,0.820662736366373,0.6855501916427282,157676929.5125,-0.011548014464386185,-0.03193931001485561,-0.022982913223968976,0.025279145076442404,0.5536855810930199,False
600683,京投发展,K70,房地产业,K,4,2008金融危机; 2015股灾; 2018去杠杆; 2020疫情,0.19765843966009267,1.4198671001382188,0.28267660792433724,1.0483026005673142,1.8407332126838298,2.1905906938695856,-0.03906641394652305,1.3103541852334355,0.7371261870724908,1.325652919460082,5143276575.5525,0.048592367638484575,0.001908206111722325,-0.013992755877507285,-0.19629566108904015,0.8779602577078569,False
002074,国轩高科,C38,电气机械及器材制造业,C,4,2008金融危机; 2015股灾; 2018去杠杆; 2020疫情,0.3746412435358766,2.1004819980189176,0.05971282788855795,0.35599329547370906,0.22548320594393367,11.374455568366576,-0.3076599512454249,2.039428686600062,0.7227073412292653,3.332926877416287,107845470.94750005,0.02224969762795082,-0.0030211719564378486,0.001044882174495665,0.03860463618169641,0.7227712669445646,False
601872,招商轮船,G55,水上运输业,G,4,2008金融危机; 2015股灾; 2018去杠杆; 2020疫情,0.32626999610193397,1.3661298067753913,0.7933503677640223,0.24157871599787925,0.45321663839332277,8.169071483255838,0.18082879294422763,0.7288267487007587,0.6818322216598067,2.3829859158235367,1541793149.7499998,0.04533413011183306,0.061857489658343444,0.009406259172795847,0.12752283122551827,0.4215578298896333,True
600657,信达地产,K70,房地产业,K,4,2008金融危机; 2015股灾; 2018去杠杆; 2020疫情,1.1943457704310276,0.6772710694156605,0.23251882135481025,0.3278201566425651,12.206696558888025,0.06785227178643968,1.3557506173360494,-0.3175298473918946,0.6079889544610159,3.328192400154655,-1927636981.5325003,0.09054463206081037,0.03629699082360552,-0.08541880131894419,-0.0311815895568698,0.660672421323288,False
002202,金风科技,C34,通用设备制造业,C,4,2008金融危机; 2015股灾; 2018去杠杆; 2020疫情,1.0811330001477457,0.6980190537148361,0.14330399003786945,0.4711926187968076,0.633481191769757,0.5513194829813215,0.042489535412723,0.3299573244776314,0.5984121656743147,0.38931188366035824,457048665.63000023,0.021101409562762873,-0.02836273860868018,0.04036578847875741,0.04591957074278985,0.7395569826064607,False
002189,中光学,C39,计算机、通信和其他电子设备制造业,C,4,2008金融危机; 2015股灾; 2018去杠杆; 2020疫情,0.07735105676526863,0.1310822954556132,1.8301077520677265,0.30583671079659375,-0.08964072337797759,0.14448226865698635,6.401713199359691,0.49879384534124144,0.5860944537713005,1.7388371474949855,31909752.04,0.039193756371521,-0.016773894317867133,0.060216087467802326,-0.48733902133953644,0.7358023734728398,False
002050,三花智控,C34,通用设备制造业,C,4,2008金融危机; 2015股灾; 2018去杠杆; 2020疫情,2.0268827735021886,0.057849475903871087,0.1309586627701808,0.07285445806339869,4.924210773054317,0.24462360691980045,0.048307379870300135,0.027554679056908088,0.5721363425599097,1.3111741097253313,276589470.8175,0.023226711983227358,0.0048958308511528395,-0.014288247589406042,0.1594150937543969,0.4630785696936005,True
600132,重庆啤酒,C15,酒、饮料和精制茶制造业,C,4,2008金融危机; 2015股灾; 2018去杠杆; 2020疫情,0.083314676439021,0.048961553733971874,0.09189564298439087,2.054680102840831,0.0026868292495784664,-3.8743236351511254,0.2917222320830344,1.4052550022976966,0.5697129939995537,-0.5436648928802039,704420292.2775,0.1481258423516978,-0.00788193805243341,0.08182661785776016,0.9167456897816788,0.7762963066231086,False
600113,浙江东日,L72,商务服务业,L,4,2008金融危机; 2015股灾; 2018去杠杆; 2020疫情,0.7367162265420202,1.2257684295364433,0.1937317712743212,0.011413873830472645,0.4183771087051733,5.77112077993488,0.0956284675267995,-0.8085148723490714,0.5419075752958143,1.3691528709544454,48930634.6225,0.03306220894721677,0.017005611549447804,0.007988985183111905,0.04720438104861174,0.29324808341069025,False
000671,阳光城,K70,房地产业,K,4,2008金融危机; 2015股灾; 2018去杠杆; 2020疫情,0.3940550962338881,0.6107504451924995,0.7027973616409721,0.34598019110989703,0.8086071130192047,0.3517951507941654,0.7530280376844899,0.27074451191372156,0.5133957735443142,0.5460437033528954,5174737650.950001,-0.0049423459246672186,-0.03896568635545219,-0.020221383394114584,,,False
600246,万通发展,K70,房地产业,K,4,2008金融危机; 2015股灾; 2018去杠杆; 2020疫情,1.2243703547919018,0.370001209002497,0.10616587932572183,0.23545758064457428,2.0219849550536058,-7.031941207342244,0.23493180760442767,-0.8772683396071248,0.48399875594117375,-1.4130731960728338,167364268.1325,-0.030449729144564702,0.002261610361317029,-0.03602500744291334,-0.08426195622333932,0.30629172477091887,False
002009,天奇股份,C34,通用设备制造业,C,4,2008金融危机; 2015股灾; 2018去杠杆; 2020疫情,1.0009676074447988,0.2209922165137976,0.4248529184676798,0.13766106562581026,0.5789461063921759,0.29295826977201106,0.506822292079722,0.47044540119782036,0.44611845201302164,0.4622930173604323,182442439.93499997,0.01647265246528732,-0.027468890949769592,-0.004108820939854874,-0.13325469024491607,0.6684362951987155,False
000555,神州信息,I65,软件和信息技术服务业,I,4,2008金融危机; 2015股灾; 2018去杠杆; 2020疫情,1.5955927468177011,0.023455964243890064,0.108743384054093,0.0532198133486788,-0.9438353893538193,0.2955602270090939,-0.851414371316976,0.22232838496225527,0.44525297711609074,-0.3193402871748615,-124812933.66499999,-0.000898821809223618,-0.002278833788545695,-0.06669946331007981,-0.09352316864997079,0.5211619286772026,False
600522,中天科技,C38,电气机械及器材制造业,C,4,2008金融危机; 2015股灾; 2018去杠杆; 2020疫情,0.46452954304341293,0.91208137415229,0.25172747115602073,0.08647425664185072,0.6734605770530826,0.7091066345923824,0.18518194605845031,0.2042190460721996,0.4287031612483936,0.4429920509440287,793784691.7349999,0.022045213416877714,0.0006224725587164054,0.034025504196271567,0.07898692620578592,0.3859290107577464,False
600478,科力远,C38,电气机械及器材制造业,C,4,2008金融危机; 2015股灾; 2018去杠杆; 2020疫情,0.9303681398738672,0.3159947222948574,0.209304279409065,0.22410720944363868,0.3550106455594557,2.2893214145093315,-0.8702620920077023,1.0999070520257437,0.4199435877553571,0.7184942550217072,125962741.88749999,0.04564189199705427,0.006465705427076855,-0.037964295530854814,0.014726587337079355,0.6441124318747236,False
600458,时代新材,C29,橡胶和塑料制品业,C,4,2008金融危机; 2015股灾; 2018去杠杆; 2020疫情,0.4672953305295154,0.8018490463320984,0.05232056219055237,0.34097776558827225,0.35793030886866534,5.081559127766549,-7.5087864162752584,14.210877836907843,0.4156106761601096,3.0353952143169494,409840906.335,0.004462368574500429,0.000915409471799189,0.0036100691797892603,0.0638033514051259,0.6681155291338826,False
000799,酒鬼酒,C15,酒、饮料和精制茶制造业,C,4,2008金融危机; 2015股灾; 2018去杠杆; 2020疫情,0.5456445860170572,0.5476235333445693,0.3512939622480052,0.20786313625325994,-0.34137308136645805,1.7160449646345266,0.2785569212068453,0.641453836072046,0.4131063044657229,0.57367066013674,175407155.8,0.03156602974446646,0.029078751311470863,0.01450642844739971,0.003149443044006159,0.21903724583893366,False
600184,光电股份,C35,专用设备制造业,C,4,2008金融危机; 2015股灾; 2018去杠杆; 2020疫情,0.7553469949203492,0.4961010752413231,0.2843423686364702,0.06869892454034031,0.49668850527783154,-0.2261713248896384,0.3039979499435441,-0.16220154480187027,0.40112234083462067,0.10307839638246676,27782324.325000003,-0.00945188949535436,-0.028586568939330245,-0.029793277480779035,-0.0877371693677127,0.44010299729832114,False
000069,华侨城A,K70,房地产业,K,4,2008金融危机; 2015股灾; 2018去杠杆; 2020疫情,1.0187405978551505,0.049421198181178315,0.13700875459992778,0.36389925822628066,0.45420413817800637,-0.06215702616706036,0.212037232629256,0.09625809927860761,0.3922674522156343,0.1750856109797024,6308114021.4725,-0.006318688972456899,-0.023536807406793175,-0.004164410367680088,-0.12718800681769304,0.7642517406028246,False
000156,华数传媒,R86,广播、电视、电影和影视录音制作业,R,4,2008金融危机; 2015股灾; 2018去杠杆; 2020疫情,0.2432176191809238,0.1853346400990737,0.07063405022438142,1.0421268156099195,1.8162853031461652,0.38739044796462124,0.004670091137409626,0.47430224698464996,0.3853282812785746,0.6706620223082115,16827184.079999983,-0.03264881405339918,-0.010356600924419968,0.10746751201315827,0.03534280828013145,0.47200372970235527,False
600223,鲁商发展,K70,房地产业,K,4,2008金融危机; 2015股灾; 2018去杠杆; 2020疫情,1.0124565554802238,0.03213233914167173,0.16857594380315272,0.32327809197995455,-32.17274489562391,-0.4222704900148542,1.0259528627290333,0.6210767241687968,0.3841107326012507,-7.736996449685233,2069909777.3899999,-0.17450316834015808,0.054653423527477325,0.015226979548773861,0.06190874108437841,0.20198305970891267,False
600325,华发股份,K70,房地产业,K,4,2008金融危机; 2015股灾; 2018去杠杆; 2020疫情,0.6065544505882634,0.17426583306420632,0.18989550362519975,0.5387127545341641,0.7968510732677831,0.09546681986792624,0.35110877428640824,0.37500159755659435,0.3773571354529584,0.404607066244678,632520643.8275001,-0.010121867556453858,-0.02683812966540637,-0.035365620876272846,0.011237521417859456,0.7026175473660796,False
002092,中泰化学,C26,化学原料及化学制品制造业,C,4,2008金融危机; 2015股灾; 2018去杠杆; 2020疫情,0.4249287303846072,0.3655957424529307,0.7102848004234847,0.0023796877004322605,-0.45192223892520017,-0.443853098439022,0.044104950937754676,-1.2419769913620646,0.3757972402403637,-0.5234118444471331,-131536320.2374999,-0.01771870363398699,-0.04963569400711515,0.019542723613255555,-0.0457521630834915,0.6358841100694993,False
000977,浪潮信息,C39,计算机、通信和其他电子设备制造业,C,4,2008金融危机; 2015股灾; 2018去杠杆; 2020疫情,0.029771456227880005,0.38545288489427104,0.841670461540091,0.22040633538039525,1.1159588095467443,0.3194713969457603,0.5346913891168159,0.5794311819510081,0.3693252845106593,0.6373881943900821,716177542.9975,0.011323913484108696,0.010401641509910457,-0.0026485752296003945,0.1126295072625753,0.7144207267435909,False
002179,中航光电,C39,计算机、通信和其他电子设备制造业,C,4,2008金融危机; 2015股灾; 2018去杠杆; 2020疫情,0.7533861325398835,0.35344142763993003,0.22858349859476004,0.1251684230828466,0.20584494506628442,0.6113185049792245,0.16522534674584655,0.31723149434298414,0.36514487046435506,0.32490507278358494,115711923.93500002,0.011332948546385155,0.005390581466908517,0.051106007732900124,0.14049592155393664,0.38776282196264417,True
002174,游族网络,I64,互联网和相关服务,I,4,2008金融危机; 2015股灾; 2018去杠杆; 2020疫情,0.022973628212114464,0.8193510059587202,0.10680257506890949,0.46037413718140546,-0.6408011179818528,0.2389650284366372,0.5227945572972629,-1.7290327039600382,0.3523753366052874,-0.40201855905199774,-23550732.677499995,-0.07954936331787794,-0.03581295637507064,-0.012288771958363004,-0.09211755953073417,0.29695276181167585,False
600048,保利地产,K70,房地产业,K,4,2008金融危机; 2015股灾; 2018去杠杆; 2020疫情,0.9124401559100236,0.13178753666376036,0.32949796888417776,0.03035305284890194,0.8692670792356756,0.18243908345968116,0.32890538272091563,0.06641752081335328,0.3510196785767159,0.3617572665574064,11803170624.645,0.016757410184048985,0.00621335407095279,0.004532461884648231,0.02842931434228042,0.7434441085289598,False
002100,天康生物,C13,农副食品加工业,C,4,2008金融危机; 2015股灾; 2018去杠杆; 2020疫情,0.5930581659587875,0.03802651491878718,0.13887754580555806,0.603304129427209,0.45824222561667016,0.21412295981690654,-0.25439634869780464,2.013720058943447,0.34331658902758544,0.6079222239198048,-656848350.61,0.021255955513112296,0.012118438434597145,0.03357628187522495,0.07000616267709346,0.5149012562491045,False
600419,天润乳业,C14,食品制造业,C,4,2008金融危机; 2015股灾; 2018去杠杆; 2020疫情,0.2729201587017054,0.8025765295970344,0.1788660327480627,0.08673399336844384,1.1305340740900691,2.069754197659576,0.12136071777153302,0.08149059918162042,0.3352741786038116,0.8507848971756996,16426151.68,0.07293091757010871,0.008206519048694797,-0.009563207621694186,0.005630711466793244,0.5726679679559741,False
000955,欣龙控股,C17,纺织业,C,4,2008金融危机; 2015股灾; 2018去杠杆; 2020疫情,0.05817396141608876,0.16672210145585817,0.17591537124869938,0.8800085709609407,-1.2551271054606088,-17.46033404934733,-3.5466890469136096,159.70932437387395,0.32020500127039675,34.361793543038104,132253363.7675,-0.12182279874272728,0.059765652595814796,0.022279188961028235,-0.026256243881190196,0.154395587112585,False
002151,北斗星通,C39,计算机、通信和其他电子设备制造业,C,4,2008金融危机; 2015股灾; 2018去杠杆; 2020疫情,0.522004075678773,0.16120695865121093,0.3841495655279068,0.21336960121991677,0.2191263570219733,-0.0686391602316456,0.14304657773690038,1.1699237506795752,0.32018255026945186,0.36586438130170085,149012144.92000002,0.058935429691262586,0.001638103043764716,-0.011014004085562502,-0.07617191057949402,0.14835955998891545,False
002007,华兰生物,C27,医药制造业,C,4,2008金融危机; 2015股灾; 2018去杠杆; 2020疫情,0.3532087198345078,0.1835766439933947,0.35838634849260337,0.35764460002478876,0.6622576627045756,0.08053716056743004,0.5049687401864017,0.3374392604945571,0.31320407808632367,0.39630070598824113,277846545.09749997,0.016971433349608225,0.03190140871691474,-0.017446401192472233,0.0834471479852749,0.15102591774874133,False
600118,中国卫星,C39,计算机、通信和其他电子设备制造业,C,4,2008金融危机; 2015股灾; 2018去杠杆; 2020疫情,0.9703373056726673,0.16815173247697007,0.026781113100399014,0.08418999423476746,1.0329332100697404,0.08295650118633352,-0.04877180104123548,0.11302914402131334,0.31236503637120094,0.29503676355903796,560759089.355,0.01472408630355814,0.008536471067749848,0.009973484922394457,-0.003783636557949759,0.3893930390440295,False
600763,通策医疗,Q83,卫生,Q,4,2008金融危机; 2015股灾; 2018去杠杆; 2020疫情,0.5223379122942129,0.30749060204285583,0.3105086020563599,0.10223031975634816,0.4444933573570683,0.10676195703164222,0.5845664618059749,0.07324414060937726,0.3106418590374442,0.3022664792010157,41521673.3375,0.008591545656234314,-0.02936343229137009,0.029344023640298283,0.1312502254175833,0.29488400637931117,True
600567,山鹰国际,C22,造纸及纸制品业,C,4,2008金融危机; 2015股灾; 2018去杠杆; 2020疫情,0.5047539473894932,0.26522361782864656,0.39478985032979175,0.07436026267391035,-0.7752750945698011,0.8746304464050906,0.7011427713442464,0.02747281657658884,0.30978191955546047,0.20699273493903117,219268723.48000002,0.007412180680074508,-0.003979151719941398,-0.0008175425290771199,-0.029365149301428063,0.6766831194875936,False
002139,拓邦股份,C38,电气机械及器材制造业,C,4,2008金融危机; 2015股灾; 2018去杠杆; 2020疫情,0.29145187040303483,0.2963028434175833,0.2699387422696419,0.3565209020037286,0.7729044461242185,0.2504242663246518,-0.06797734746125737,0.6381966272062108,0.30355358952349715,0.39838699804845595,100505180.9025,0.005874294968333624,-0.000976803287781415,-0.015987912867067813,0.1006963857325612,0.480702789185656,True
002107,沃华医药,C27,医药制造业,C,4,2008金融危机; 2015股灾; 2018去杠杆; 2020疫情,0.4859573650230322,0.48719248427475415,0.06573983792352148,0.169467143678988,0.4636576983899797,1.24166547508755,-0.5049876630462564,0.9161166190604265,0.30208920772507397,0.529113032372925,70074384.86,0.020412135135636993,-0.03887910717368753,0.02520964500838107,0.046696562528140334,0.26660058107281775,False
002138,顺络电子,C39,计算机、通信和其他电子设备制造业,C,4,2008金融危机; 2015股灾; 2018去杠杆; 2020疫情,0.5786288263933531,0.13483313564451474,0.18841459824635975,0.2908709804119247,-0.2420682252178842,0.24010997079763854,0.40380367736152184,0.4716119708988825,0.2981868851740381,0.21836434846003966,105467399.66999999,0.007260271147006898,-0.02693694479639412,0.04406642433275687,0.13667477483263682,0.45278568756092996,True
600643,爱建集团,J69,其他金融业,J,4,2008金融危机; 2015股灾; 2018去杠杆; 2020疫情,0.6474424750891323,0.02366505451745175,0.41409890425278556,0.04691206721844707,-0.9623907236160731,0.08269735309490904,0.39621201026414365,0.023734164945743954,0.2830296252694542,-0.11493679882781913,314909488.17499995,-0.07628688806598087,0.02054623492135943,0.017037102039812346,-0.045086758948199634,0.5061653995660444,False
002131,利欧股份,I64,互联网和相关服务,I,4,2008金融危机; 2015股灾; 2018去杠杆; 2020疫情,0.33021610884687264,0.5281195816948149,0.15865567294282512,0.10798006935209833,0.5209912707900978,0.12597673320311842,-5.247603646377897,14.454231363177353,0.28124285820915274,2.463398930198168,62544095.84249999,-0.006865041360559099,-0.01280683265646958,-0.06878005351123204,-0.023638445974560083,0.4150158103832318,False
600008,首创股份,D46,水的生产和供应业,D,4,2008金融危机; 2015股灾; 2018去杠杆; 2020疫情,0.22942377995578153,0.2633761530789378,0.3413823028386015,0.2896123172309579,-0.42796583870496796,0.01925208684976776,0.16160595615643597,0.46761269597108746,0.2809486382760697,0.055126225068080806,556100732.6775,-0.016391800026664866,0.0004966896698971046,0.011476077736316523,0.10582161525229063,0.6477460738257328,False
002140,东华科技,E48,土木工程建筑业,E,4,2008金融危机; 2015股灾; 2018去杠杆; 2020疫情,0.508063991194791,0.07473330581617918,0.3868238904701864,0.1532335951950742,0.3098357870219323,-0.3165272600844506,3.421195179342942,0.1264675408549628,0.2807136956690577,0.8852428117838467,-372169275.74749994,0.017744450386729282,-0.012018787044905506,0.0007077750370218239,0.07951091379375613,0.6900363754848942,False
600565,迪马股份,K70,房地产业,K,4,2008金融危机; 2015股灾; 2018去杠杆; 2020疫情,0.563013597975912,0.07647323369052747,0.3887208060830535,0.07988249047658406,-0.15679150641593126,-0.17076997564323268,0.6427979130365647,-0.04975115245747665,0.2770225320565193,0.06637131962998105,1902311499.69,-0.015852093337185742,-0.007690130638700957,0.024650183589220304,,,False
600171,上海贝岭,C39,计算机、通信和其他电子设备制造业,C,4,2008金融危机; 2015股灾; 2018去杠杆; 2020疫情,0.10459174795338534,0.04553943521238684,0.395943697742978,0.5162320120968914,-0.7314635657934385,0.3261766404544622,-0.40962703399139083,1.2250680016584057,0.2655767232514104,0.10253851058200963,4532772.877499998,0.012023402779193008,-0.009752123989088236,0.0055635952049067385,0.0897045390587555,0.16543227929098683,False
600570,恒生电子,I65,软件和信息技术服务业,I,4,2008金融危机; 2015股灾; 2018去杠杆; 2020疫情,0.168149258897723,0.5652490865516725,0.22382994654653687,0.0776904896506599,0.016446575662845204,0.26412814907407084,0.5655883861002794,-0.036922182828760954,0.2587296954116481,0.20231023200210863,206252316.5675,0.010531250537742988,-0.02629177729561541,0.020228000241958144,0.1105980876349209,0.36131478624233787,True
002080,中材科技,C30,非金属矿物制品业,C,4,2008金融危机; 2015股灾; 2018去杠杆; 2020疫情,0.21428607334244887,0.31713163668805383,0.1148296628805507,0.3767644531434003,0.4781612925076985,0.9496578726238045,0.22344350244526656,0.37811463942811474,0.2557529565136134,0.5073443267512211,412340736.80499995,0.02369274720202744,0.009000690024025329,-0.01752772599954075,0.04205075191946414,0.5533755623837097,False
600127,金健米业,C13,农副食品加工业,C,4,2008金融危机; 2015股灾; 2018去杠杆; 2020疫情,0.177541181241773,0.35953242192776447,0.09117869989698386,0.3914052486921483,-16.16249282057775,-14.289053846920353,-6.238176522415091,1.4140537029078941,0.2549143879396674,-8.818917371751326,-28493190.947499998,-0.16978409970996913,-0.019870608595357643,0.09359988165410535,0.0034969761919605674,0.5943201137299784,False
000950,重药控股,F51,批发业,F,4,2008金融危机; 2015股灾; 2018去杠杆; 2020疫情,0.4168044239318867,0.12050893196474854,0.11968696883767888,0.33612484666596026,0.27092013606773796,-0.0175193385216029,-0.34862905836407104,0.21500902032898286,0.2482812928500686,0.029945189877761715,25080416.32499996,-0.02876753393209689,-0.010345944778887287,0.10459702521261052,0.024405066410848306,0.752913655069042,False
002111,威海广泰,C35,专用设备制造业,C,4,2008金融危机; 2015股灾; 2018去杠杆; 2020疫情,0.31323707662915273,0.30340334529941143,0.21233029560155975,0.1620837340744026,0.22750638083812127,0.6029325175142003,0.9954459071052411,0.1552975146210396,0.24776361290113164,0.49529558001965057,101216071.75500003,0.013237526197430231,0.0017464705172020034,-0.008383931381751461,0.023535458532273505,0.5125344566500537,False
600990,四创电子,C39,计算机、通信和其他电子设备制造业,C,4,2008金融危机; 2015股灾; 2018去杠杆; 2020疫情,0.3819767171326165,0.4829899956425522,0.037482479358628445,0.07390288692534129,0.10871681122040341,0.4387544129280472,0.27398080668917346,0.508382493505062,0.24408801976478461,0.33245863108567153,-25644147.542500004,0.015892479923442324,-0.023102076159589167,0.012664679826506653,-0.1279172972140129,0.6830716520925156,False
600206,有研新材,C32,有色金属冶炼及压延加工业,C,4,2008金融危机; 2015股灾; 2018去杠杆; 2020疫情,0.49722174355831616,0.06876392993367765,0.16871346751397237,0.24076498049144188,0.2346113738187079,-0.5226639066806332,0.7740395692346984,0.6031991811219043,0.243866030374352,0.27229655437366934,12315154.307499994,0.006279061742814085,-0.016801575487861556,-0.008565790626630852,-0.007293107269182142,0.3125903576004154,False
600496,精工钢构,C33,金属制品业,C,4,2008金融危机; 2015股灾; 2018去杠杆; 2020疫情,0.4701654995199642,0.04640832829034032,0.32112130023641167,0.12198515230209564,-0.005916078313474243,-0.276841827118508,1.9127638193938823,0.6131643188488646,0.23992007008720295,0.5607925582026911,174870412.925,0.004840703907543808,0.0013683081352372506,-0.010205564246529214,0.058694790568351383,0.6496362358371685,False
000031,大悦城,K70,房地产业,K,4,2008金融危机; 2015股灾; 2018去杠杆; 2020疫情,0.31935685876004627,0.493174620351014,0.005499020727025078,0.13788477841890137,-0.7054155074264716,0.10900882023445187,0.15536046278306156,-0.6970057421141795,0.2389788195642467,-0.2845129916307844,-175400674.17000008,-0.03625370413387377,-0.05559928794903009,0.0710361494780036,-0.061589970977903315,0.7672997708182269,False
600111,北方稀土,C32,有色金属冶炼及压延加工业,C,4,2008金融危机; 2015股灾; 2018去杠杆; 2020疫情,0.2900364517738278,0.1217882988855753,0.36757670553357613,0.17434010256003868,-0.4314984479519282,-0.7812284519945405,-0.1689669070717848,0.4151384303191619,0.23843538968825448,-0.24163884417477288,577147652.355,-0.032445011747256905,-0.06603160794506212,0.013665004127089445,0.05641658896535371,0.3795741003429144,False
600580,卧龙电驱,C38,电气机械及器材制造业,C,4,2008金融危机; 2015股灾; 2018去杠杆; 2020疫情,0.46714700804839354,0.3744717681712018,0.0981551181138448,0.011995591390861938,0.20769058313889005,-0.08687110111249545,0.0247380068161015,-0.0848190001275686,0.23794237143107552,0.015184622178731875,233948880.83,-0.011166007353787748,0.004968238109620833,0.02099240761713987,0.07300789662281834,0.5668429926037498,False
000811,冰轮环境,C34,通用设备制造业,C,4,2008金融危机; 2015股灾; 2018去杠杆; 2020疫情,0.1464501399083775,0.6969576696481679,0.04471587530917107,0.05829106696786468,-0.48364226461414195,0.4399311929147571,-0.08840733663731765,-0.5040830034260815,0.2366036879583953,-0.159050352940696,144706398.77500004,-0.022976508295370686,0.0006684811664450924,0.03944819247803885,0.10748240024394447,0.47665586476439403,True
600820,隧道股份,E48,土木工程建筑业,E,4,2008金融危机; 2015股灾; 2018去杠杆; 2020疫情,0.4575763802036458,0.05433771557603477,0.18206317414173073,0.23800299955159926,0.5375072519147945,0.0629420176059123,0.089716751327318,0.057651937352241556,0.23299506736825265,0.1869544895500666,-967852142.1275,-0.0009784932084936603,-0.0039495096430931,0.0013045896628270381,0.07504476528337616,0.7719730978141154,False
600276,恒瑞医药,C27,医药制造业,C,4,2008金融危机; 2015股灾; 2018去杠杆; 2020疫情,0.2209061830064863,0.25008639113465564,0.258916423983767,0.19090999917204407,0.04076924384119572,0.41390337215924716,0.23329543886217574,0.1844457433666968,0.23020474932423826,0.21810344955732885,110875591.63499981,-0.006551612004155501,0.008506845123167767,-0.014672950638701845,0.13749099965191067,0.08068898976471686,True
002215,诺普信,C26,化学原料及化学制品制造业,C,4,2008金融危机; 2015股灾; 2018去杠杆; 2020疫情,0.475571153823047,0.003187188989766308,0.419577345405771,0.01799486152122857,0.3389623500114433,0.20239163363074286,0.06926554998322261,-0.30402974936954685,0.22908263743495322,0.07664744606396548,375039715.73499995,-0.06050645993621979,0.004643699092674286,-0.049029948565705195,0.1375522934421646,0.6367589901324667,False
002010,传化智联,L72,商务服务业,L,4,2008金融危机; 2015股灾; 2018去杠杆; 2020疫情,0.7379072145763519,0.061706593621508855,0.04853993575173524,0.06717959776134233,0.14839253784160528,1.1485971643076007,0.6654462148807111,-0.03333302644987017,0.22883333542773457,0.48227572264501173,608532816.2575,-0.01444493559503718,-0.005700300463256598,-0.01959694949635249,0.015155621197288884,0.54971473429443,False
600486,扬农化工,C26,化学原料及化学制品制造业,C,4,2008金融危机; 2015股灾; 2018去杠杆; 2020疫情,0.48531963875986417,0.10410934123383699,0.19208062146986984,0.1298268444163481,1.0021361265229134,0.0030483667276363564,0.5514008560012926,0.032382202048158795,0.22783411146997978,0.3972418878250003,67353539.23500003,0.017825030714756385,0.005817637347780701,-0.02812836146718911,0.11410463072380667,0.4031885063917463,True
000801,四川九洲,C39,计算机、通信和其他电子设备制造业,C,4,2008金融危机; 2015股灾; 2018去杠杆; 2020疫情,0.10504928592327899,0.48975651635706424,0.19897912759730121,0.10404213835254077,-0.4994795076542197,1.986197379004354,110.23929479544707,3.0001310531951986,0.2244567670575463,28.681535929998102,124076994.65500002,0.0066667278015382705,0.01995816171244224,0.02215655347135778,0.071269260893042,0.5170459793525922,False
000568,泸州老窖,C15,酒、饮料和精制茶制造业,C,4,2008金融危机; 2015股灾; 2018去杠杆; 2020疫情,0.2977682054131382,0.2889196742349501,0.2559530720101948,0.05284970288928491,0.6415759008742614,0.5887486628358666,0.3491287950483437,0.2835442405682905,0.22387266363689198,0.46574939983169056,-222544288.80749983,0.045678798856563826,0.04735490588432503,-0.023329388385523335,0.2841158686027509,0.30477372049692913,True
002025,航天电器,C39,计算机、通信和其他电子设备制造业,C,4,2008金融危机; 2015股灾; 2018去杠杆; 2020疫情,0.4388919724888711,0.16772943447405608,0.08497169052754872,0.19376270408513813,0.12678667943388555,0.21630725004628198,0.16927062857385688,0.10973094654443287,0.2213389503939035,0.15552387614961433,3327177.7525000125,0.0040021542899527154,-0.009038448946835254,0.02436475463157684,0.053875684066882104,0.3719045651073304,False
000090,天健集团,E48,土木工程建筑业,E,4,2008金融危机; 2015股灾; 2018去杠杆; 2020疫情,0.004210956454351469,0.19232061441562937,0.512607231175481,0.16770343930320267,-1.662385841495913,-0.0690854156246102,0.29612874169077585,0.2068257873155036,0.21921056033716613,-0.30712918202856093,-737883269.4775,-0.03887710283184839,-0.03336741353270112,0.00904940960952727,0.03950848413419824,0.764882247916523,False
600993,马应龙,F51,批发业,F,4,2008金融危机; 2015股灾; 2018去杠杆; 2020疫情,0.4757215191291228,0.10049422533064423,0.25529363745584727,0.031860658291007975,-0.5232061574744133,0.09712155127879261,-0.46718345781941173,0.21858750987444503,0.21584251005165556,-0.16867013853514684,-22309981.074999988,-0.0374361140337728,-0.03012728091331611,0.021857850102471002,0.13050756104818728,0.18924567970236997,True
000997,新大陆,I65,软件和信息技术服务业,I,4,2008金融危机; 2015股灾; 2018去杠杆; 2020疫情,0.18420470746463338,0.3622612422313634,0.18612112050467947,0.12891494820749116,-0.5674914007660051,0.21731926299820772,-0.10796756140837856,-0.3051785046631465,0.21537550460204186,-0.19082955095983062,283151702.745,-0.033113354196422626,-0.03962944623605138,0.021125122138456007,0.15584246573794963,0.4286911664350972,True
600026,中远海能,G55,水上运输业,G,4,2008金融危机; 2015股灾; 2018去杠杆; 2020疫情,0.38425821216157074,0.03589387239916506,0.2588841219713524,0.18045166554005973,0.16969884495240345,0.14643613533941968,-0.82819718529589,2.804350930782852,0.21487196801803699,0.5730721814446963,682270438.9075003,-0.010185336839827912,0.01209172492282383,-0.04220514276288863,0.11247784241557394,0.518953076048117,True
000002,万科A,K70,房地产业,K,4,2008金融危机; 2015股灾; 2018去杠杆; 2020疫情,0.15383307646686697,0.3358275542514406,0.22553673362424342,0.1392189522636424,-0.12743423805768342,0.3454001658549414,0.3242254789900701,0.07557373214586147,0.21360407915154833,0.15444128473329738,-14119668133.9275,-0.009438915905171014,-0.017995309111280167,-0.001606444864724249,-0.14373104399785872,0.7365581613147495,False
600793,宜宾纸业,C22,造纸及纸制品业,C,4,2008金融危机; 2015股灾; 2018去杠杆; 2020疫情,0.2783900430344895,0.2881525913598274,0.11644019196546097,0.16571819116895709,1.0548397101230917,0.06323471701681088,0.8868024066933401,-9.060023623722945,0.21217525438218374,-1.7637866974724254,156464054.3775,0.32109232086838024,0.010798340631474185,-0.007976235578484009,-0.26397545313036647,0.9169178082861834,False
600487,亨通光电,C38,电气机械及器材制造业,C,4,2008金融危机; 2015股灾; 2018去杠杆; 2020疫情,0.3065920629598058,0.3017139699107339,0.15588209342532758,0.08416661848976724,0.2670881352929411,0.8080277077737082,0.1841015945574147,-0.13476811860130003,0.21208868619640864,0.281112329755691,659697304.685,0.00609348915270338,-0.0018591790381314796,-0.005094039802122918,0.0961265819658526,0.5349016659138265,False
600751,海航科技,F51,批发业,F,4,2008金融危机; 2015股灾; 2018去杠杆; 2020疫情,0.0507054283163717,0.7000676819575556,0.06660748621173868,0.02916289964968767,1.0559313589352692,2.138782577773715,-0.8252941220836053,-14.577972332843302,0.21163587403383843,-3.0521381295544807,5524965255.6725,-0.6614435785121298,-0.012747557553128508,0.02612168115557477,0.016616278546380408,0.13277170260107143,False
900938,海科B,F51,批发业,F,4,2008金融危机; 2015股灾; 2018去杠杆; 2020疫情,0.0507054283163717,0.7000676819575556,0.06660748621173868,0.02916289964968767,1.0559313589352692,2.138782577773715,-0.8252941220836053,-14.577972332843302,0.21163587403383843,-3.0521381295544807,5524965255.6725,-0.6614435785121298,-0.012747557553128508,0.02612168115557477,0.016616278546380408,0.13277170260107143,False
600975,新五丰,A03,畜牧业,A,4,2008金融危机; 2015股灾; 2018去杠杆; 2020疫情,0.3624743662906527,0.018075169978878557,0.18408962600756887,0.27849173102161756,-0.5391222086214464,1.0849921803946085,-1.9992426855125693,3.16845159428515,0.21078272332467943,0.4287697201364357,38332888.2425,0.042588441820527206,0.02250869940305799,-0.033992832415045415,0.01482245584580989,0.7399755970517705,False
600584,长电科技,C39,计算机、通信和其他电子设备制造业,C,4,2008金融危机; 2015股灾; 2018去杠杆; 2020疫情,0.02941749894482995,0.6811705614653257,4.087049795742901e-05,0.12486949717250256,-0.3333104008183553,-1.75868606632494,-13.600530374320128,12.512825152098003,0.20887460702015392,-0.7949254223413549,483383979.6150001,-0.025246832137148834,-0.008955853372655281,0.005466967149477919,0.05456620626920227,0.4535194455662587,False
600330,天通股份,C39,计算机、通信和其他电子设备制造业,C,4,2008金融危机; 2015股灾; 2018去杠杆; 2020疫情,0.37035436633152186,0.1266112352272119,0.1976984506168054,0.13519443761795263,-0.8552962982182147,4.663317106864499,0.8177804355972732,1.3036165326751565,0.20746462244837294,1.4823544442296783,10090105.860000003,0.010069277514950284,-0.013830278410649814,-0.07960808196625899,0.010070538748606727,0.30711115491082064,False
002129,中环股份,C38,电气机械及器材制造业,C,4,2008金融危机; 2015股灾; 2018去杠杆; 2020疫情,0.21150190764711463,0.056585340461111695,0.42632196703794517,0.12848987076522594,0.15533866488247386,0.6156827777416256,0.33568740752593434,0.16988476711741282,0.20572477147784934,0.31914840431686164,373049740.75250006,-0.004262021937977859,-0.016865770489941007,-0.0037452120187689703,-0.23254631004663442,0.6300077648836865,False
600436,片仔癀,C27,医药制造业,C,4,2008金融危机; 2015股灾; 2018去杠杆; 2020疫情,0.0955609735160912,0.29700383751631504,0.2833107044873531,0.13779637329958852,0.46955167109265883,0.05811931118990814,0.4462951242852588,0.21804880756393843,0.20341797220483698,0.29800372853294105,568843046.7175,0.024231317675356717,-0.006057956029624292,0.012807920635960791,0.20187207420073477,0.15398955353252658,True
600039,四川路桥,E48,土木工程建筑业,E,4,2008金融危机; 2015股灾; 2018去杠杆; 2020疫情,0.28985997832494803,0.14082515114825664,0.22148276842295703,0.15826183885855344,0.12478689526151898,0.10407173451069321,0.06997695576418685,0.7940125432048951,0.20260743418867877,0.27321203218532353,742486512.27,0.006550082841867759,0.008283516536982033,0.007368352840001785,0.14537282790238382,0.7887179706023687,False
000998,隆平高科,A01,农业,A,4,2008金融危机; 2015股灾; 2018去杠杆; 2020疫情,0.5185440330849895,0.11589560059202925,0.1221616577307583,0.051441075065550276,0.3843790300110949,0.4345320674000731,0.011766207388268378,2.2878404157552925,0.20201059161833185,0.7796294301386822,215536020.91749996,0.02235178833184688,-0.001052138871612672,-0.00893891033499232,-0.020024370369355247,0.6648377033300924,False
000948,南天信息,I65,软件和信息技术服务业,I,4,2008金融危机; 2015股灾; 2018去杠杆; 2020疫情,0.15132967528261937,0.1691275293934716,0.2003590125929918,0.2833686427921514,1.8726949205041017,1.0041767816767027,3.5189451520003803,0.6021959594672422,0.20104621501530853,1.7495032034121067,171590393.735,0.022095616491203614,-0.006950732227320282,-0.06066279198408288,0.04011990759288964,0.7273445087944546,False
600141,兴发集团,C26,化学原料及化学制品制造业,C,4,2008金融危机; 2015股灾; 2018去杠杆; 2020疫情,0.5635925204333527,0.0878131229811208,0.13311782636968209,0.01879949046474804,2.758008171758306,-0.81020301834825,0.3204534482777976,0.528042535610907,0.2008307400622259,0.6990752843246901,419229044.49499995,0.030474114257084663,0.02639683631718582,-0.018352190623011577,0.07074441755826873,0.5210547042895645,False
600188,兖州煤业,B06,煤炭开采和洗选业,B,4,2008金融危机; 2015股灾; 2018去杠杆; 2020疫情,0.5741031225706531,0.0795435890120977,0.07790035263032866,0.07149181214287345,1.4086754158517951,-0.5527397053885823,0.3553957885045822,-0.3845283293998196,0.20075971908898824,0.20670079239199385,878531244.75,0.015412607375905185,3.171913507026697e-05,0.012682383994939914,0.15737351507600628,0.6290375110118206,False
600973,宝胜股份,C38,电气机械及器材制造业,C,4,2008金融危机; 2015股灾; 2018去杠杆; 2020疫情,0.15292251563575684,0.06791878035356394,0.5554660921274238,0.02570608020884692,-0.9623785529120286,0.2876360347275028,0.7062109510474152,0.3438459537635669,0.20050336708139788,0.09382859665661407,93045797.30500004,-0.03160347978377457,-0.007963799337431262,0.014197786467359863,-0.07818252686374692,0.8021541657473832,False
000049,德赛电池,C38,电气机械及器材制造业,C,4,2008金融危机; 2015股灾; 2018去杠杆; 2020疫情,0.039689409554958165,0.31998681730696116,0.3814886676994512,0.05178946275034842,-1.3123081031950938,-0.015298036617384147,0.44491209899967926,0.10515863005233544,0.19823858932792973,-0.19438385269011582,219048743.78750002,-0.013369536682293685,0.0017665148891655887,-0.04525754903593307,0.04506475822534678,0.6120127960554174,False
002203,海亮股份,C32,有色金属冶炼及压延加工业,C,4,2008金融危机; 2015股灾; 2018去杠杆; 2020疫情,0.16812721489782112,0.12681274651442037,0.36155953285865083,0.12774268994662524,0.002787600273694101,0.059188683604747154,0.2861798130025915,-0.3536578964442183,0.1960605460543794,-0.0013754498907963958,1094412528.8125,-0.04767756703905762,-0.010797141243193059,-0.07359741806537229,0.03604692852212473,0.6189796045687429,False
600323,瀚蓝环境,N77,生态保护和环境治理业,N,4,2008金融危机; 2015股灾; 2018去杠杆; 2020疫情,0.029037943336314577,0.3784637867286249,0.15383190265145175,0.2145126164573523,0.03534147338748348,0.2673756345162596,0.2601723191359515,0.17047297190805152,0.1939615622934359,0.18334059973693653,300738507.40500003,0.004067545702628607,-0.009224235353594845,0.018726355110925144,0.11064365705137975,0.6127533057857176,False
600459,贵研铂业,C32,有色金属冶炼及压延加工业,C,4,2008金融危机; 2015股灾; 2018去杠杆; 2020疫情,0.1889759903997311,0.12527971032946575,0.10571397188265984,0.3545531433374163,-1.9126624823891927,-0.23686279261657936,0.41227579796792047,0.4002658565217295,0.19363070398731824,-0.3342459051290305,443841793.71000004,-0.0750589518643769,-0.032383238853480475,0.06227898654119485,0.0833104740099163,0.4935772620042279,False
600299,安迪苏,C27,医药制造业,C,4,2008金融危机; 2015股灾; 2018去杠杆; 2020疫情,0.014797131896004694,0.5897565264393119,0.09811271372900143,0.06959201150594306,-1.3709778718194954,12.932466255438184,-0.27468707857072433,0.17465549412380024,0.19306459589256528,2.8653641997929413,593689866.7824999,-0.04728817427161176,0.07384068348024393,-0.1495308937941881,0.0774233605694822,0.30046712619464633,False
600595,*ST 中孚,C32,有色金属冶炼及压延加工业,C,4,2008金融危机; 2015股灾; 2018去杠杆; 2020疫情,0.26538387544498887,0.0040059791831186485,0.019842267384549667,0.48220706261574314,-0.6802694163408988,-5.253304772705606,-7.951842271298434,-73.28574822147952,0.19285979615710008,-21.792791170456116,-6418051.735000014,5.291632617974898,-0.04287017848664436,0.09075316830173771,0.04634828035952998,0.33068527724531416,False
600153,建发股份,F51,批发业,F,4,2008金融危机; 2015股灾; 2018去杠杆; 2020疫情,0.14527449119256114,0.05924118789144424,0.28261557871171705,0.2838073525432139,-0.10484333103590383,0.05608220020041844,0.5814459281257967,0.027546168943380144,0.19273465258473407,0.14005774155842285,7346218116.692499,-0.008858791989567173,0.003995800339505572,-0.008711008571599538,0.02550655045884733,0.7028681495370075,False
600873,梅花生物,C14,食品制造业,C,4,2008金融危机; 2015股灾; 2018去杠杆; 2020疫情,0.2482969080791234,0.2015421727679352,0.13617164809680612,0.17150231088628412,-0.1677942397698174,-0.1200670513992887,-0.1471245985873363,0.0018683507730976232,0.1893782599575372,-0.10827938474583619,731047222.385,-0.009787067662477658,-0.03241887032319995,-0.008499803310002108,0.18802315610646844,0.3878531767035588,True
600674,川投能源,D44,电力、热力生产和供应业,D,4,2008金融危机; 2015股灾; 2018去杠杆; 2020疫情,0.43041095737541757,0.012529627590801458,0.07998118931258039,0.22996711242393922,4.571287160243641,0.11320363110821954,0.09272498671869972,0.0743995582697057,0.18822222167568464,1.2129038340850666,-4105953.942500025,0.030560384237051666,0.012444675215970757,-0.004975061310928834,0.10550379841743376,0.3253351786239764,True
000661,长春高新,C27,医药制造业,C,4,2008金融危机; 2015股灾; 2018去杠杆; 2020疫情,0.21744854322733573,0.0617888509183742,0.31025157854499336,0.16313373677476448,2.2075653222045775,0.2122481456791621,0.5769714715614697,0.408001456776647,0.18815567736636693,0.8511965990554641,30527669.53250003,0.02894203654585901,0.026164650312766102,-0.008400853581240195,0.10372643245455403,0.1593718236609509,True
002065,东华软件,I65,软件和信息技术服务业,I,4,2008金融危机; 2015股灾; 2018去杠杆; 2020疫情,0.4519822737992322,0.08864119314243708,0.16192617705195753,0.03595587978444824,0.8750567865067601,0.09659301306659207,0.19918093846290738,-0.055036919050490775,0.18462638094451878,0.2789484547464422,91848016.575,-0.0022551261799394935,-0.01327849740233255,0.03193705109271899,0.033892033902627926,0.4928478095580007,False
600167,联美控股,D44,电力、热力生产和供应业,D,4,2008金融危机; 2015股灾; 2018去杠杆; 2020疫情,0.25519613876520136,0.14549019988653905,0.2780067127011209,0.05943172533470876,-0.03772010015701596,0.08484885229087231,0.4288876698087022,0.050790294950489395,0.1845311941718925,0.13170167922326198,-105004228.03500003,0.012702445511329208,0.014101359032055921,0.026268556344846816,0.05578092593276327,0.3249150350844641,False
000070,特发信息,C38,电气机械及器材制造业,C,4,2008金融危机; 2015股灾; 2018去杠杆; 2020疫情,0.31319368723124696,0.2804343918586815,0.04255870599424406,0.09104383248374902,2.0549687825930816,-5.024367980122255,0.24961353013529425,-0.8412553646249729,0.18180765439198038,-0.890260258004713,38644982.584999986,-0.08207903212231651,-0.006476951058401514,0.07457631375190223,-0.17418794009903843,0.6814711760718722,False
000990,诚志股份,C26,化学原料及化学制品制造业,C,4,2008金融危机; 2015股灾; 2018去杠杆; 2020疫情,0.2744772899993999,0.007877536591601886,0.030492948766530643,0.4079148812780271,-0.5218782071876811,0.9229187448762606,0.07239659165373603,-0.20415355253630643,0.1801906641588899,0.06732089420150228,-29103031.855000064,-0.002629572344104351,-0.010855012680316453,0.02684225173044917,0.017885634892796924,0.3082329249475702,False
600298,安琪酵母,C14,食品制造业,C,4,2008金融危机; 2015股灾; 2018去杠杆; 2020疫情,0.23613191496936603,0.1530454695031661,0.15753381460587468,0.16729678410291132,0.17896041813796967,0.8024221240611771,0.007888530241088543,0.5130998406098696,0.17850199579532955,0.3755927282625262,160959694.27249998,0.019784181639008705,0.004607279213256682,-0.0029028241922300357,0.11931032311699329,0.47824101939773,True
600521,华海药业,C27,医药制造业,C,4,2008金融危机; 2015股灾; 2018去杠杆; 2020疫情,0.13359789008939912,0.3541117733103627,0.01851128628067782,0.2036190727443862,0.13488370711442196,0.7010866663653227,-0.7836695108095681,0.6390201353124648,0.17746000560620648,0.17283024949566034,-215611683.22750002,-0.002278891018863624,0.02799766140859984,0.08041537343359798,0.12277815120226256,0.5548158470003048,True
000538,云南白药,C27,医药制造业,C,4,2008金融危机; 2015股灾; 2018去杠杆; 2020疫情,0.39057151103454163,0.10224951477118686,0.0984428310968804,0.10376291034703924,0.3706620604360812,0.10341235451655076,0.05018679015316739,0.3206248707491685,0.17375669181241205,0.21122151896374197,1134327267.6374998,-0.020657893156652528,-0.0030619885516446066,-0.02148135035913553,0.12265378450052897,0.2654883136594161,True
000795,英洛华,C30,非金属矿物制品业,C,4,2008金融危机; 2015股灾; 2018去杠杆; 2020疫情,0.04709301643985788,0.4457058733616502,0.14971170395481867,0.03521072007736167,-19.53599299928146,-6.504692380446383,0.17228011694947304,-0.49493470046493804,0.1694303284584221,-6.590834990810827,-120126253.6575,-0.2400665733625044,-0.009474205642629609,0.00043105307895810463,0.09166608303388542,0.3455615756701668,False
600489,中金黄金,B09,有色金属矿采选业,B,4,2008金融危机; 2015股灾; 2018去杠杆; 2020疫情,0.29386852883500236,0.10468736095207201,0.04628652435815605,0.2318036436468592,0.6387209914608005,-0.49653951287789794,-0.3068688137607445,1.7954182967091252,0.1691615144480224,0.4076827403828208,329411566.3724998,-0.04332333439781846,0.006171485002911339,-0.07267344737529902,0.12905299350667404,0.4145734383566655,True
002004,华邦健康,C26,化学原料及化学制品制造业,C,4,2008金融危机; 2015股灾; 2018去杠杆; 2020疫情,0.16927843713740875,0.2686871810006868,0.16080175701766958,0.07778838240591877,-0.5953669581885995,0.4727002288309189,0.38599225003847076,-0.03959370217992924,0.16913893939042096,0.05593295462521522,382208407.31249994,-0.049182745158206795,0.02229689139659574,-0.0451097680918439,-0.022140793267268696,0.4745954930780763,False
002191,劲嘉股份,C23,印刷和记录媒介复制业,C,4,2008金融危机; 2015股灾; 2018去杠杆; 2020疫情,0.30811215706758277,0.17080039330581845,0.14555807883231525,0.05082588618819728,0.506958324137714,0.30434460348682457,0.21226316793595518,-0.10622389079505079,0.16882412884847844,0.22933555119136073,62445844.02250001,0.009219619128858603,0.0032175748842575153,-0.003056834630602058,0.011940798784660294,0.20966819916002938,False
600590,泰豪科技,C38,电气机械及器材制造业,C,4,2008金融危机; 2015股灾; 2018去杠杆; 2020疫情,0.1400452543245507,0.19426335476176732,0.20130245407430064,0.13952962652761913,0.05131024923240287,0.7335662179253285,0.05722084991309992,-2.4359113960837986,0.16878517242205945,-0.39845351975324184,-46374138.1225,-0.022463442147034083,0.005386794058889276,0.006138444686462935,-0.22125655199345723,0.6504177720496992,False
600789,鲁抗医药,C27,医药制造业,C,4,2008金融危机; 2015股灾; 2018去杠杆; 2020疫情,0.2236248951089875,0.04246548357701151,0.28096757985688237,0.12655392215283334,0.48661159626429035,1.0553771324153685,0.3451867763602554,0.8129449416161002,0.1684029701739287,0.6750301116640036,-2456327.867499996,0.03168899245230296,-0.0024154559793525196,-0.05066131121123517,0.10053931956211401,0.553574727820585,True
002095,生意宝,I64,互联网和相关服务,I,4,2008金融危机; 2015股灾; 2018去杠杆; 2020疫情,0.3494607802804054,0.10299395253930306,0.16202576051287992,0.05613301351344536,-0.2669494438027609,-0.4705246037140342,0.8231638488036231,-0.006374170680673865,0.16765337671150843,0.019828907651538538,-72883911.4575,-0.014254027875329513,-0.052321037033817075,0.025110337306369156,-0.03309631798329231,0.25625636145300545,False
600089,特变电工,C38,电气机械及器材制造业,C,4,2008金融危机; 2015股灾; 2018去杠杆; 2020疫情,0.40170411562774094,0.03817644234353533,0.03590080718831664,0.1924083843397081,0.7670707619225323,0.11797872195615713,-0.04082405950691888,0.33722547026620314,0.16704743737482525,0.29536272365949345,1782548318.7549999,-0.0011717159116729353,0.0008371496187397978,-0.018464745364962648,0.03995773384926868,0.5663148523676553,False
000065,北方国际,E48,土木工程建筑业,E,4,2008金融危机; 2015股灾; 2018去杠杆; 2020疫情,0.061817504735226805,0.4171399383601511,0.0258352889765195,0.16188565765589602,1.5852627374892376,0.027312716160180186,0.13740739448554076,0.06027421986569975,0.16666959743194837,0.4525642670001646,-105782836.20250005,0.02651568307421077,-0.00297640996829936,0.0029526369051651735,0.10040297803165353,0.5821076736535427,True
600612,老凤祥,C41,其他制造业,C,4,2008金融危机; 2015股灾; 2018去杠杆; 2020疫情,0.43413596495885814,0.08763067583630733,0.09982626558800452,0.0421701135984397,-0.23726741384952638,0.15740303506990744,0.06357904562874107,0.13224635715775762,0.16594075499540242,0.02899025600171994,118872279.42250001,-0.004641723315973192,-0.00779949526984396,0.017238468943376634,0.17247127922733205,0.3511311048113805,True
900905,老凤祥B,C41,其他制造业,C,4,2008金融危机; 2015股灾; 2018去杠杆; 2020疫情,0.43413596495885814,0.08763067583630733,0.09982626558800452,0.0421701135984397,-0.23726741384952638,0.15740303506990744,0.06357904562874107,0.13224635715775762,0.16594075499540242,0.02899025600171994,118872279.42250001,-0.004641723315973192,-0.00779949526984396,0.017238468943376634,0.17247127922733205,0.3511311048113805,True
002063,远光软件,I65,软件和信息技术服务业,I,4,2008金融危机; 2015股灾; 2018去杠杆; 2020疫情,0.3760675978392098,0.11976497893763312,0.0840552753489031,0.08069893744078739,0.32686377186259646,-0.3813704943110007,0.12574236823847487,0.2692435756263242,0.16514669739163335,0.08511980535409872,-44476651.644999996,-0.0012786780966648516,-0.04119312810972112,-0.016879868702669557,0.08007685370207415,0.13356063368844884,False
002112,三变科技,C38,电气机械及器材制造业,C,4,2008金融危机; 2015股灾; 2018去杠杆; 2020疫情,0.1608858740098865,0.005041614959322188,0.06469734794009084,0.42223022129080234,-0.11107022478903117,-0.3902887778851523,1.0504784141041217,2.168476103081284,0.16321376455002545,0.6793988786278056,1682212.7300000023,0.0938565847675767,0.003664833369751843,0.020387918202372624,0.18400741239189441,0.6950972867304727,False
600170,上海建工,E48,土木工程建筑业,E,4,2008金融危机; 2015股灾; 2018去杠杆; 2020疫情,0.22243682149407146,0.10354430119857075,0.20032809658580297,0.12569799524297015,-0.04137599492398781,0.0668994888813232,0.2298353800564673,-0.25275398265413224,0.16300180363035383,0.0006512228399176145,622699272.6025002,-0.015031263444058026,0.0017332226490991524,0.007486358851176794,0.040967628642431926,0.8658913635053929,False
600343,航天动力,C35,专用设备制造业,C,4,2008金融危机; 2015股灾; 2018去杠杆; 2020疫情,0.19805475469349945,0.14706363028914402,0.1301129292068058,0.17625904603105663,-0.4999375095366611,-0.25562406105326024,4.274904779128366,1.2161959634618447,0.16287259005512647,1.1838847930000722,63069926.21000001,0.0020268947488481445,-0.01983248573173485,-0.008385718393039698,-0.13274295980405154,0.5016555892293093,False
600176,中国巨石,C30,非金属矿物制品业,C,4,2008金融危机; 2015股灾; 2018去杠杆; 2020疫情,0.2522757096558363,0.12549688762373373,0.15961003878850472,0.11177651198592674,-0.0898545594768058,1.084004534374074,0.10532264829834226,0.1401991236054052,0.16228978701350036,0.3099179367002539,-238203775.93499994,-0.020018319060562714,0.004406369783921463,-0.03144685199927298,0.08043154803131833,0.41084204008613273,False
600269,赣粤高速,G54,道路运输业,G,4,2008金融危机; 2015股灾; 2018去杠杆; 2020疫情,0.25022285282939827,0.34826363994922827,0.04150279056703791,0.005267477952368533,0.002103500837192261,0.04897522710724632,0.1955732351776586,-0.4932554711798259,0.16131419032450825,-0.06165087701443218,215723254.0575,-0.010443461517070176,-0.09693995264259685,-0.02252314873970744,0.06477634833153312,0.44712942127467437,False
002146,荣盛发展,K70,房地产业,K,4,2008金融危机; 2015股灾; 2018去杠杆; 2020疫情,0.16311093549750802,0.013537816150653333,0.45637661035546384,0.00845304524173958,0.3032773059507708,-0.25562738975007465,0.3614865660966314,-0.1891575998095959,0.1603696018113412,0.054994720621932905,3616066248.9850006,-0.03365624242233223,-0.0008225878419336197,0.005753363832798536,-0.4604072088517148,0.8928886227305014,False
002061,浙江交科,E48,土木工程建筑业,E,4,2008金融危机; 2015股灾; 2018去杠杆; 2020疫情,0.057067223860031324,0.04264204357190054,0.27005739090555425,0.27131518706312646,-1.9902733411674864,-0.15797767735431711,0.09033767381969701,0.3627043609239361,0.16027046135015316,-0.42380224594454263,349266835.58000004,-0.08074055036408015,-0.029439473759993937,0.025098211987009622,0.08202435941310611,0.781829479317729,False
001696,宗申动力,C37,铁路、船舶、航空航天和其它运输设备制造业,C,4,2008金融危机; 2015股灾; 2018去杠杆; 2020疫情,0.09778163555431088,0.019607024883158228,0.15240576332150432,0.36402214397465044,0.034913615769227246,0.042684314776876495,0.23428784403296488,0.3646251445547541,0.15845414193340596,0.1691277297834557,282531213.0825,-0.0007926680955791902,-0.006459505471877222,0.004805260883825935,0.09159318564816124,0.5480475175160737,False
600461,洪城水业,D46,水的生产和供应业,D,4,2008金融危机; 2015股灾; 2018去杠杆; 2020疫情,0.041155264294447005,0.11680987551267645,0.23519761463116556,0.22675652067901744,-0.26728194148317164,0.27149497253016935,0.19762370834218584,0.35046897143147804,0.15497981877932662,0.1380764277051654,126250681.49250004,0.005915115390393374,-0.012637297787086,0.035997470373894745,0.12672954721076662,0.57328348139092,True
600372,中航电子,C37,铁路、船舶、航空航天和其它运输设备制造业,C,4,2008金融危机; 2015股灾; 2018去杠杆; 2020疫情,0.45033936517281387,0.030697304533026857,0.08832481421930233,0.04722432642570745,0.2769316319452732,-0.17230318252282364,-0.1365997659792332,0.13261690456610817,0.15414645258771262,0.02516139700233113,80983793.87250003,-3.763015578830372,-0.004005755878183807,0.019707005562185326,0.030438828147607826,0.4980491671947302,False
000988,华工科技,C39,计算机、通信和其他电子设备制造业,C,4,2008金融危机; 2015股灾; 2018去杠杆; 2020疫情,0.2036805409184523,0.11312724532434125,0.16790028619783426,0.12404266095746491,0.5948143577824653,-0.10577930699510944,-0.15679352039324354,0.0907002704529811,0.15218768334952318,0.10573545021177336,-17337547.137500003,0.001432393039702752,-0.0007122319249983425,0.012727845706009072,0.11705779543321267,0.5064566888117558,True
002126,银轮股份,C36,汽车制造业,C,4,2008金融危机; 2015股灾; 2018去杠杆; 2020疫情,0.17363333639663112,0.12732826609784806,0.160984508687338,0.14553164196586477,0.2917585721398795,0.30376209774223256,0.16046315340798697,0.047073121699754375,0.15186943828692048,0.20076423624746334,-9579850.549999997,0.003910472255487581,0.003507620013029261,0.005225373729354013,0.12643969899112784,0.6148708925426393,False
002026,山东威达,C33,金属制品业,C,4,2008金融危机; 2015股灾; 2018去杠杆; 2020疫情,0.05964046779263733,0.027260903313725056,0.1310341078991626,0.3745412078175338,-0.2682558221909425,-0.1916602326125086,0.24730290825452025,3.1121976247569823,0.1481191717057647,0.7248961195520128,51286236.980000004,0.030596437123405592,-0.006993626611174239,-0.014998791451163701,0.08257073919572967,0.2825020786353726,False
600633,浙数文化,I64,互联网和相关服务,I,4,2008金融危机; 2015股灾; 2018去杠杆; 2020疫情,0.038942688341881804,0.12772642336032747,0.1741623576586337,0.2516422735221637,-2.8456309449162887,0.4431715066009076,-0.6690982667413019,0.027531310674945065,0.14811843572075167,-0.7610065985954345,96018021.77499999,-0.0788073157528091,-0.007525633101149065,0.0008640068658501074,0.049329632660651476,0.11004316291996417,False
002028,思源电气,C38,电气机械及器材制造业,C,4,2008金融危机; 2015股灾; 2018去杠杆; 2020疫情,0.2770259193148859,0.08882835401961327,0.06937560283976003,0.15555013572813078,0.21085926407271066,-0.14947352003907566,0.0601653404796561,0.7259685668037635,0.1476950029755975,0.21187991282926366,78780503.15249999,0.002589108296284901,-0.023651876103281025,-0.009602628842531463,0.16473870350126632,0.4608714893413497,True
000858,五粮液,C15,酒、饮料和精制茶制造业,C,4,2008金融危机; 2015股灾; 2018去杠杆; 2020疫情,0.08248731327895166,0.030830549197603817,0.3260834397480031,0.14371958895787865,0.2423408797751812,0.05814738753038375,0.39189896442290073,0.14730346321629703,0.14578022279560932,0.20992267373619067,85258044.08249974,0.00773666992586667,-0.0033702968789286747,-0.00814153337564874,0.2433631048218262,0.27546780233688317,True
002156,通富微电,C39,计算机、通信和其他电子设备制造业,C,4,2008金融危机; 2015股灾; 2018去杠杆; 2020疫情,0.05781328832966441,0.11059401988075569,0.10792764057294461,0.3026798309827317,-0.4115089958978243,0.21933426592701877,-0.22378795523373665,9.37619949839289,0.14475369494152412,2.2400592032970867,180209745.695,-0.004771587221951057,0.011951971597877427,-0.014347403695055133,0.05037794736838698,0.60063090518754,False
601607,上海医药,F52,零售业,F,4,2008金融危机; 2015股灾; 2018去杠杆; 2020疫情,0.188798354033424,0.1419680816694265,0.21580300513193945,0.02864061793802407,0.355663753247973,0.12444897571674715,0.0982016289806895,0.16033190580398293,0.14380251469320351,0.18466156593734814,279716841.7275002,0.0036912723137702327,0.002689685178331562,0.02050724229641568,0.07009607866374418,0.621434024467321,False
002060,粤水电,E48,土木工程建筑业,E,4,2008金融危机; 2015股灾; 2018去杠杆; 2020疫情,0.07337662628031136,0.11384190371369962,0.25306401464916,0.12918219225136074,0.0020899220715583206,0.10108724538130373,0.2775593639236575,0.1243498045310146,0.14236618422363295,0.12627158397688354,-167758670.3574999,-0.0035371002807957925,0.002979105773434833,-0.006348605222072756,0.08477052135895745,0.893661741170353,False
600488,天药股份,C27,医药制造业,C,4,2008金融危机; 2015股灾; 2018去杠杆; 2020疫情,0.2545652827795618,0.011376386339270917,0.2313456599817179,0.06898754832630186,0.843289427198422,-0.09128200247052425,0.21257245343966608,-0.5602046765518696,0.1415687193567131,0.10109380040392357,68161400.89750001,-0.0026201492432119285,0.030738035899552013,0.045198001765396074,0.05358204608432126,0.3180644451461812,False
600894,广日股份,C34,通用设备制造业,C,4,2008金融危机; 2015股灾; 2018去杠杆; 2020疫情,0.25999110773914313,0.06259529078600805,0.13605242896145373,0.10642937409999861,-27.108554242534655,2.1206191422321288,-0.669984848212903,0.6873432721727184,0.14126705039665088,-6.242644169085678,529538505.17499995,-0.3960896641991238,-0.029568574828762535,0.04640060604526233,0.08608573428338014,0.3724285535342392,False
600446,金证股份,I65,软件和信息技术服务业,I,4,2008金融危机; 2015股灾; 2018去杠杆; 2020疫情,0.14639607177137512,0.1042367190038045,0.1567895951681426,0.15751405370119792,0.5927667350004024,0.5738195007771174,-1.5867474287370649,0.40771759028730264,0.14123410991113003,-0.0031109006680605927,107511819.185,-0.02527395630064287,0.0038560293563116715,-0.021800448093506355,-0.048351170091053795,0.345057058454114,False
600713,南京医药,F52,零售业,F,4,2008金融危机; 2015股灾; 2018去杠杆; 2020疫情,0.2195249646767421,0.12399590907655118,0.13939265851201815,0.0716341842757465,-0.38110314773496917,0.26423068043829717,0.11110074891489592,0.08918424302952943,0.1386369291352645,0.020853131161938338,-688210212.795,-0.007942451503925751,-0.0004677131441635767,0.002540592879319542,0.09541984024587687,0.7461044260875026,False
600519,贵州茅台,C15,酒、饮料和精制茶制造业,C,4,2008金融危机; 2015股灾; 2018去杠杆; 2020疫情,0.13875846997080066,0.034384545884942455,0.26488453415767416,0.11103657743423534,0.34884980324447884,0.011409482860345538,0.30418071366549915,0.12629813486007424,0.13726603186191316,0.19768453365759944,8499664353.135,-0.011714775023338758,0.008567502448782377,0.02710114271147864,0.3691345091917804,0.19044755657916054,True
000722,湖南发展,D44,电力、热力生产和供应业,D,4,2008金融危机; 2015股灾; 2018去杠杆; 2020疫情,0.1616512724612097,0.017935767659372714,0.09089884702976961,0.2747880505165646,0.6251347455707115,-0.3400134965518999,-0.04906523750009057,-0.25364885601659193,0.13631848441672914,-0.004398211124467727,-82066663.97,0.03990276398552645,-0.0464613919157834,-0.03733302962990169,0.019582437137342007,0.07833464170478627,False
600056,中国医药,C27,医药制造业,C,4,2008金融危机; 2015股灾; 2018去杠杆; 2020疫情,0.24402323911775248,0.15191783162207645,0.030020853561176165,0.11412637686441965,-0.25444966283569065,0.17123137557015802,0.18031294993706237,0.10433162929660453,0.13502207529135618,0.05035657299203357,266041204.4275,0.0021118300947948684,0.021213532627783194,0.029099030446767843,0.04865935378541709,0.6000451602504309,False
601390,中国中铁,E48,土木工程建筑业,E,4,2008金融危机; 2015股灾; 2018去杠杆; 2020疫情,0.29978071188667554,0.01763028737061743,0.06923595459498025,0.14493009859764494,-0.5902921069448567,0.10394277688026209,0.22760077927046501,0.07373083931496034,0.13289426311247954,-0.04625442786979231,-136447500.0,-0.01771174336500918,0.0018171223614972844,-0.01683036003463728,0.06029332754658064,0.7739156175900249,False
600874,创业环保,D46,水的生产和供应业,D,4,2008金融危机; 2015股灾; 2018去杠杆; 2020疫情,0.1545537024071896,0.058053836841843266,0.13925815315166448,0.17970522396827163,0.27886532436518197,0.08424925718890064,0.014609154556573157,0.1459008397578654,0.13289272909224226,0.1309061439671303,304924500.0,0.000659598951466495,-0.010516857519612455,0.007739845641680565,0.08063696223806197,0.5707691352404601,False
000513,丽珠集团,C27,医药制造业,C,4,2008金融危机; 2015股灾; 2018去杠杆; 2020疫情,0.17763897038504675,0.19412651089280558,0.03864591346915923,0.12101766822992509,-0.8606993227019838,0.1913601194981387,-0.7366771193683966,0.4582371581671988,0.13285726574423418,-0.23694479110126074,163092851.84000003,-0.12083868665817145,0.0016654199910386414,0.016299320550242857,0.1546037924334121,0.3905032371996836,True
600279,重庆港九,G55,水上运输业,G,4,2008金融危机; 2015股灾; 2018去杠杆; 2020疫情,0.3665058568351695,0.09009824518856621,0.007286175519432123,0.06350876433047054,-0.2745855209953347,-0.19770928669472523,-0.6704808346595205,-0.44352387165726137,0.1318497604684096,-0.39657487850171047,156270202.8275,-0.029395499368683787,-0.011033826811271543,0.01263563624261442,0.10016771445269912,0.37328984944010296,True
600587,新华医疗,C35,专用设备制造业,C,4,2008金融危机; 2015股灾; 2018去杠杆; 2020疫情,0.23833113459259844,0.20227330687212913,0.03008969736879719,0.04382454723380306,0.3137361757714878,-0.07387664676567623,-0.1794921445547638,-0.7216550995117637,0.12862967151683197,-0.16532192876517898,78979440.245,-0.0383011064683944,0.005594224578973031,-0.005699066700122241,0.08667535811464076,0.48586671995329306,False
600502,安徽建工,E48,土木工程建筑业,E,4,2008金融危机; 2015股灾; 2018去杠杆; 2020疫情,0.12161464020693116,0.08807857538971181,0.0950697954475947,0.2053690757944413,0.0645278168302265,0.11111604393805502,0.04907558317234509,0.6039358844971443,0.12753302170966974,0.20716383210944272,2636396500.295,-0.005875683561954196,-0.0064668783920459015,-0.009390830875307732,0.07450669402725833,0.8651485130865548,False
600380,健康元,C27,医药制造业,C,4,2008金融危机; 2015股灾; 2018去杠杆; 2020疫情,0.17607390228188807,0.16500412683457152,0.03940028104626802,0.1286671918649311,-0.9756597438660679,0.2017975423428655,-0.6876345721495716,0.3937521043697834,0.12728637550691468,-0.26693616732574765,244647098.47499987,-0.11594952085993795,0.0035354587644433055,-0.0034753940970082275,0.12746699948519616,0.3448665107723319,True
600531,豫光金铅,C32,有色金属冶炼及压延加工业,C,4,2008金融危机; 2015股灾; 2018去杠杆; 2020疫情,0.06185937000081442,0.2360629096745064,0.1080478113484933,0.09964294906683485,-0.614163286450294,-0.5314936236008924,-0.5549214994430495,0.4477621552270917,0.12640326002266225,-0.31320406356678604,536322091.7225,-0.03616193579216642,-0.014097125550758989,-0.0067571300175533755,0.1465656476829118,0.6871131105347407,False
600588,用友网络,I65,软件和信息技术服务业,I,4,2008金融危机; 2015股灾; 2018去杠杆; 2020疫情,0.27179374834409165,0.017609922532229965,0.21436155280053046,0.0017543422935927238,0.13377626753254326,-0.39778905929875025,0.44670436730283347,-0.20428798127248646,0.1263798914926112,-0.005399101433964999,114503409.25,-0.010306249002934524,-0.016785454467627636,0.00327366293844103,-0.21121869675304136,0.5943393217922468,False
000829,天音控股,F51,批发业,F,4,2008金融危机; 2015股灾; 2018去杠杆; 2020疫情,0.059931381306429055,0.24375861900804652,0.07163252964816355,0.129234750809121,-0.45503555743987206,-0.033842737783039555,-1.9293945655670315,1.1648740340399073,0.12613932019294002,-0.31334970668750894,825286424.4875001,-0.06345368721546409,-0.004678839472873992,0.009960408495703094,0.01902134135579856,0.8663416637105327,False
002135,东南网架,C33,金属制品业,C,4,2008金融危机; 2015股灾; 2018去杠杆; 2020疫情,0.12639495233735312,0.22928903733289252,0.11590941980007835,0.031183558379363742,-0.4364870850319118,-0.43810184076688036,0.7252708160042918,-0.005956431216005106,0.12569424196242193,-0.03881863525262639,-17226510.694999993,-0.008371333999122134,-0.005751801068594017,0.019974843172338802,0.02945384147557094,0.6662002346435474,False
600475,华光环能,N77,生态保护和环境治理业,N,4,2008金融危机; 2015股灾; 2018去杠杆; 2020疫情,0.05520761199817985,0.08089613518869482,0.2742400490584041,0.09085521106597573,-0.4842883723567643,0.3592299856159696,0.09032608053152538,0.2698306410390018,0.12529975182781364,0.05877458370743311,-16434752.030000001,-0.011321831572921236,-0.00883002986200894,0.018303470094286817,0.08558313016932194,0.588877425380718,False
000598,兴蓉环境,D46,水的生产和供应业,D,4,2008金融危机; 2015股灾; 2018去杠杆; 2020疫情,0.14597780205457367,0.12415522634756769,0.11478748849273122,0.11008403744553369,-1.1382453775845556,0.11944293466089517,0.10105038922893447,0.20229622610345704,0.12375113858510156,-0.17886395689781723,254141662.90999994,-0.03238633756407906,-0.016441672262074974,0.03886706019330058,0.10509113117051616,0.5964184134019638,True
000028,国药一致,F51,批发业,F,4,2008金融危机; 2015股灾; 2018去杠杆; 2020疫情,0.2154665445514135,0.08511230171289697,0.045045877981946335,0.14609624806156282,0.17111067355913784,0.17542478274910275,0.16571784237034726,0.15973232540992532,0.12293024307695491,0.1679964060221283,385816862.5275,-0.007183387552203286,-0.00014956499227191875,-0.011453119475120982,0.011418885411976413,0.5635574851006724,False
200028,一致B,F51,批发业,F,4,2008金融危机; 2015股灾; 2018去杠杆; 2020疫情,0.2154665445514135,0.08511230171289697,0.045045877981946335,0.14609624806156282,0.17111067355913784,0.17542478274910275,0.16571784237034726,0.15973232540992532,0.12293024307695491,0.1679964060221283,385816862.5275,-0.007183387552203286,-0.00014956499227191875,-0.011453119475120982,0.011418885411976413,0.5635574851006724,False
600406,国电南瑞,I65,软件和信息技术服务业,I,4,2008金融危机; 2015股灾; 2018去杠杆; 2020疫情,0.02383363294763083,0.0865624195190438,0.1794561189707544,0.1874812679655798,-0.12267521744720927,0.018384486027180867,0.20175949015343703,0.11831017420078639,0.11933335985075219,0.05394473323354876,92724656.49499995,-0.015411344189964864,-0.010981675483270184,-0.016153170746603093,0.15447929700068935,0.43114487068396384,True
000738,航发控制,C37,铁路、船舶、航空航天和其它运输设备制造业,C,4,2008金融危机; 2015股灾; 2018去杠杆; 2020疫情,0.2604917022845908,0.008754547494879932,0.0755621754417049,0.1313586487567407,-19.369306248564985,0.05392304582406587,0.1856701179002995,0.41478999499764535,0.11904176849447907,-4.678730772460744,-402999730.03,-0.029133490156578304,0.01090638670339367,0.0018003198123513267,0.05829160871696686,0.20647856692675676,False
600196,复星医药,C27,医药制造业,C,4,2008金融危机; 2015股灾; 2018去杠杆; 2020疫情,0.02164257056294691,0.048489851988052585,0.3444950522895572,0.060235090895839824,0.10249814752203554,0.21133162648135415,-0.15769483288546352,0.05247959780787452,0.11871564143409913,0.05215363473145017,62404754.01250008,-0.003594424221226366,0.006074070969990478,-0.010078148780856347,0.05860540381424493,0.489754474502864,False
000682,东方电子,I65,软件和信息技术服务业,I,4,2008金融危机; 2015股灾; 2018去杠杆; 2020疫情,0.12991643609145187,0.1318390798825787,0.12327729353485375,0.08776308089657228,0.37473428972088807,0.04170631407178149,0.19861283078281786,0.12238377367372902,0.11819897260136415,0.1843593020623041,-39789987.337500006,0.004190354840181109,0.002006229025646622,0.013877065640667811,0.13248577509896914,0.5560505159779995,True
600055,万东医疗,C35,专用设备制造业,C,4,2008金融危机; 2015股灾; 2018去杠杆; 2020疫情,0.1340127076521778,0.10588713311642871,0.07983534901645764,0.15221603454595034,0.039459680068232264,0.6805458899301308,0.4758642125240914,0.3226767459842355,0.11798780608275362,0.3796366321266725,165136537.0925,0.014648516265547208,0.028650913993714514,0.01820527325828475,0.032522066642205166,0.10830906433319641,False
600887,伊利股份,C14,食品制造业,C,4,2008金融危机; 2015股灾; 2018去杠杆; 2020疫情,0.11874646909974045,0.10941926940034238,0.1691986779136626,0.07237965961024616,-379.5830494499007,0.11709647985422468,0.07482841550547203,0.021323317446598666,0.1174360190059979,-94.8424503092736,2379772355.0274997,-0.1418008464344313,0.008603983508824534,0.02135094951259396,0.14846621909781813,0.6291413548173385,False
000960,锡业股份,C32,有色金属冶炼及压延加工业,C,4,2008金融危机; 2015股灾; 2018去杠杆; 2020疫情,0.08307723867247765,0.18924063260132884,0.15085380165121523,0.044489825730154704,-0.9606354529944022,-48.45676592360798,0.25461210331889195,-0.22574908004004537,0.1169153746637941,-12.347134588330885,653328862.21,-0.11803819216780044,-0.02080573608159583,-0.008693813163032693,0.07165128945397187,0.4018808043733778,False
000739,普洛药业,C27,医药制造业,C,4,2008金融危机; 2015股灾; 2018去杠杆; 2020疫情,0.20059671396480797,0.024849280541566664,0.1485361611700355,0.09277328151225656,-0.06542976122072089,-0.36265869059922146,0.4441865421575158,0.475838350898379,0.11668885929716667,0.12298411030898812,-25688314.732499987,0.0017645749305959732,-0.004074687933833469,-0.0056568643502933336,0.1527206760255015,0.46972436059691247,True
600879,航天电子,C35,专用设备制造业,C,4,2008金融危机; 2015股灾; 2018去杠杆; 2020疫情,0.26355323572860223,0.14434117776422034,0.03645258553453087,0.021613841412170823,-0.12523075793198882,0.10816713169355824,-0.06857965388688275,0.05653279028132792,0.11649021010988106,-0.007277622460996353,90317294.7775,-0.005863353128756058,-0.0132429754373364,0.02704039014279057,0.024941965277280716,0.47838334864922194,False
600021,上海电力,D44,电力、热力生产和供应业,D,4,2008金融危机; 2015股灾; 2018去杠杆; 2020疫情,0.18923305899824736,0.05616562941009428,0.19817435100306707,0.021646370255940534,-3.6960108611448104,0.14210178020749245,1.3880190132585626,-0.05278923326695117,0.11630485241683731,-0.5546698252364266,1082690115.9,-0.07433516383561323,-0.02558149078582187,0.04037487814842938,0.07822399806004937,0.7189707357279749,False
600644,乐山电力,D44,电力、热力生产和供应业,D,4,2008金融危机; 2015股灾; 2018去杠杆; 2020疫情,0.30009903587746634,0.07475406054231185,0.0541185191292039,0.030588766483758602,0.4080905683142465,1.0688915234183654,0.5270161214329409,0.1380421545783135,0.11489009550818517,0.5355100919359665,37568771.00500001,0.49795615036653024,-0.0006930541547069888,0.00658960133865194,0.01349686253634407,0.5215766972204253,False
601186,中国铁建,E48,土木工程建筑业,E,4,2008金融危机; 2015股灾; 2018去杠杆; 2020疫情,0.27412340651686556,0.014477592464674114,0.07216340666662852,0.09617965987172455,0.17713619469942823,0.1558016569063908,0.17253887449694696,0.13636072911356506,0.11423601637997319,0.16045936380408277,5454675750.0,-0.13308033434222888,0.0030306746905722666,-0.05568403584923126,0.06407614915760063,0.7731440972550443,False
600480,凌云股份,C36,汽车制造业,C,4,2008金融危机; 2015股灾; 2018去杠杆; 2020疫情,0.1649523339875179,0.10546854319929162,0.03435026606947033,0.14945610401712434,0.4273801208540448,0.09825657904595772,-0.03410297257043015,1.5204682753491814,0.11355681181835105,0.5030005006696885,-11539520.405000001,0.007827989199899443,0.008343723780659021,-0.01598150484191528,0.09847685385935576,0.5021385298460196,False
002014,永新股份,C29,橡胶和塑料制品业,C,4,2008金融危机; 2015股灾; 2018去杠杆; 2020疫情,0.16627988246292577,0.06917520542813911,0.16134750777009244,0.052995369329386983,0.24916142065131652,0.18761754393565144,0.09134499196726062,0.12591154595135584,0.11244949124763608,0.1635088756263961,73461679.43,0.010581255117966426,0.008309291590717159,0.020175388093039932,0.17874157553636416,0.38889523400727144,True
600839,四川长虹,C39,计算机、通信和其他电子设备制造业,C,4,2008金融危机; 2015股灾; 2018去杠杆; 2020疫情,0.21188978936589453,0.08980776884889882,0.07410282869767758,0.06369059106393903,-0.4059100960271176,-7.446791876625567,-0.0008969511490559056,-0.29701320403222703,0.10987274449410249,-2.037653031958492,2021752757.8875,-0.03412908601994119,-0.0022262036024180178,0.016289272354027468,0.07229477458902549,0.7487274564051846,False
600853,龙建股份,E48,土木工程建筑业,E,4,2008金融危机; 2015股灾; 2018去杠杆; 2020疫情,0.12205197686124229,0.2058970757171645,0.04386069309438855,0.06582318718313608,0.11545395531035765,0.06436503277856805,-0.024004228263353945,-0.05087854943469311,0.10940823321398285,0.02623405259771966,1200789644.4625,-0.023987230886250058,-0.003423711137480981,-0.011301216942811998,0.0647552416315569,0.8239681164543528,False
600979,广安爱众,D44,电力、热力生产和供应业,D,4,2008金融危机; 2015股灾; 2018去杠杆; 2020疫情,0.2357096572365971,0.12383542109627559,0.05378175468532116,0.022660835968144378,1.4046112108141342,1.7020271125482704,-0.10861125003776362,-0.2690550735276609,0.10899691724658456,0.682242999949245,21368379.825000018,0.048831977662671555,-0.0001465129184532732,-0.007040086150530589,0.04936350219641947,0.5803527947589769,False
600885,宏发股份,C38,电气机械及器材制造业,C,4,2008金融危机; 2015股灾; 2018去杠杆; 2020疫情,0.1343160814350871,0.04553666298664003,0.1427807251979664,0.10415542884928276,-5.963146080888622,0.11600456068846596,0.0027767295196420567,0.17113900788727118,0.10669722461724407,-1.4183064456983108,-89568900.79999998,-0.11570130258476677,-0.004496391124507608,0.015136103860209346,0.172470076916151,0.39304590749109763,True
600867,通化东宝,C27,医药制造业,C,4,2008金融危机; 2015股灾; 2018去杠杆; 2020疫情,0.17250519793037464,0.15018697166203238,0.057989656380303976,0.04141670609888158,-0.4112316309894941,0.7721332248771622,-0.0013969358946714302,0.1490496376030266,0.10552463301789815,0.12713857389900582,3981385.8374999873,0.012295223504242997,0.034131266029085325,0.0396565840418269,-0.006893739885302919,0.13255849807574963,False
002056,横店东磁,C38,电气机械及器材制造业,C,4,2008金融危机; 2015股灾; 2018去杠杆; 2020疫情,0.02487462648707213,0.07890538632514063,0.07960418652154733,0.23495349909185378,-0.16587221882652542,-0.15299968244584905,0.19300838678216317,0.4638196543468399,0.10458442460640346,0.08448903496415716,130000932.01499993,0.0035630510041799596,-0.0022706396148011662,0.004466328482147543,0.17800897207232538,0.5758265607785293,True
600529,山东药玻,C30,非金属矿物制品业,C,4,2008金融危机; 2015股灾; 2018去杠杆; 2020疫情,0.14441064336491227,0.018978459765236374,0.10904959445426418,0.14527819038544348,0.27380834648907415,0.1701444582872386,0.3632691360168826,0.2305542431772886,0.10442922199246407,0.259444045992621,28223574.54500001,0.013435167554435584,0.01205707552696586,-0.006258689421675692,0.11775954377444542,0.21027985264719376,True
600195,中牧股份,C27,医药制造业,C,4,2008金融危机; 2015股灾; 2018去杠杆; 2020疫情,0.060058067272639404,0.049250792539342586,0.0879725498117962,0.2141393225466672,0.06879934871377424,-0.008993851106928522,0.0853576464601581,0.6288294634153305,0.10285518304261135,0.19349815187058358,293872054.015,0.005399587648406992,0.027620289534126076,-0.0007746510634597942,0.009451325381321832,0.2651008302896873,False
000411,英特集团,F51,批发业,F,4,2008金融危机; 2015股灾; 2018去杠杆; 2020疫情,0.21184086270077712,0.09895157516618462,0.0838198629827017,0.016555371872439308,0.33193625945781197,0.19901420913106355,0.16930522227432462,0.015218077056672582,0.10279191818052569,0.17886844197996818,71901313.96000001,0.009537970413556494,-0.00023535979993954612,-0.0005439261066358669,0.11746293609999393,0.643974215918575,False
600869,智慧能源,C38,电气机械及器材制造业,C,4,2008金融危机; 2015股灾; 2018去杠杆; 2020疫情,0.17919300945611646,0.031645627785517605,0.014560781644873984,0.15439439515177336,-9.63173732675269,1.2638885705098555,1.0898010263676485,-31.776970551617467,0.09494845350957035,-9.763754570373163,360404414.80499995,-0.3082585427655983,0.009784060251936576,0.060131818424602024,-0.07598084001225373,0.7855995772111167,False
000705,浙江震元,F51,批发业,F,4,2008金融危机; 2015股灾; 2018去杠杆; 2020疫情,0.16571708095968066,0.03953060630411763,0.10867017162055269,0.060648155350349404,0.5843226063730343,-0.09173068288784357,0.14113313054414778,-0.5662506310343788,0.0936415035586751,0.01686860574873994,-7758044.040000003,-0.015555129853854757,0.007407065526266805,0.006403555470847533,0.018456654766114404,0.4261831905655802,False
600038,中直股份,C37,铁路、船舶、航空航天和其它运输设备制造业,C,4,2008金融危机; 2015股灾; 2018去杠杆; 2020疫情,0.03443029017245953,0.007120207325712331,0.08444518557409654,0.24435164655915986,0.012333340804581391,0.3179448054004374,0.12070540078777366,0.2883102325775047,0.09258683240785706,0.1848234448925743,-40226158.73000002,0.006581282990745941,0.00029201241064663597,0.01114738834036276,0.029402253597544465,0.6862235008448246,False
600479,千金药业,C27,医药制造业,C,4,2008金融危机; 2015股灾; 2018去杠杆; 2020疫情,0.17895901345373377,0.11504828552368043,0.045812726491476205,0.028857252433024262,-0.23843884386174485,-0.24943705981298545,0.22662783933101235,0.0230298759455257,0.09216931947547867,-0.059554547099548064,82240382.91250002,-0.018130228276277693,0.006274602966749893,-0.019157306099323097,0.09639839855621668,0.31103134511911507,False
600218,全柴动力,C34,通用设备制造业,C,4,2008金融危机; 2015股灾; 2018去杠杆; 2020疫情,0.1235683309870459,0.05282223832887216,0.08874207160566173,0.10175488924039693,-0.49555296571274027,1.1422629345649906,-0.42530290331017256,0.8509544040943186,0.09172188254049418,0.2680903674090991,163829276.4175,0.004620791035670531,0.002729210768012247,-0.034604206728228504,0.02472148737167546,0.467051363197503,False
600098,广州发展,D44,电力、热力生产和供应业,D,4,2008金融危机; 2015股灾; 2018去杠杆; 2020疫情,0.14678721016246998,0.08592374621969193,0.0539431015479007,0.07147331042370315,-0.5767198659138669,0.0770682431460348,-0.11204281105171199,0.13606796110387911,0.08953184208844145,-0.11890661817891625,-518067661.4074999,-0.01822703490954049,-0.022348153739903752,0.0003923198725938881,0.06682032479492113,0.6176483479953659,False
002216,三全食品,C14,食品制造业,C,4,2008金融危机; 2015股灾; 2018去杠杆; 2020疫情,0.10683965928932689,0.03493294215462982,0.05392910102976471,0.15710060191159075,0.09334862581612602,-0.5683264623924044,0.4076205853058806,2.503012410749285,0.08820057609632805,0.6089137898697218,249579548.91500002,0.0005262464030747066,-0.00804867937423473,-0.08233364433994088,0.12292480651207967,0.4579685387021883,True
000756,新华制药,C27,医药制造业,C,4,2008金融危机; 2015股灾; 2018去杠杆; 2020疫情,0.11128092265553663,0.002028954474482272,0.15327623227242634,0.07127440120242334,0.04004049394090566,0.37571056596315056,0.23970864276951034,0.07426913135851003,0.08446512765121714,0.18243220850801914,2933784.9975000024,0.006720346311684518,0.0007083208540792085,0.02461404538976067,0.09328500909409378,0.421537594728943,False
600505,西昌电力,D44,电力、热力生产和供应业,D,4,2008金融危机; 2015股灾; 2018去杠杆; 2020疫情,0.18452466830615571,0.09676298306270265,0.02787797129250115,0.014276157800562145,0.3105534792138586,0.01436228480159,0.5852328063988301,-0.11831076464640591,0.08086044511548042,0.19795945144196822,60108318.51750001,0.0031532098981016552,-0.007203140968188519,0.03479443925998578,-0.0048247601404958415,0.6722601379300017,False
002185,华天科技,C39,计算机、通信和其他电子设备制造业,C,4,2008金融危机; 2015股灾; 2018去杠杆; 2020疫情,0.0885809927350556,0.1719977658305365,0.015951633323164117,0.034379455677192965,-0.1523983193651971,0.07376345703823114,-0.2153149027454565,1.8001105676811011,0.0777274618914873,0.37654020065216964,155899094.11249995,-0.0157093611683658,0.0007716467772180963,-0.015066122558074102,0.0324449407559962,0.4687101238221566,False
600183,生益科技,C39,计算机、通信和其他电子设备制造业,C,4,2008金融危机; 2015股灾; 2018去杠杆; 2020疫情,0.011711120547481529,0.025905237704206215,0.11435812810722398,0.10922490058315165,-0.7919087287948549,0.058476475918385055,-0.0434548571340535,0.15147103153728722,0.06529984673551584,-0.15635401961830903,504859758.2049999,-0.04785201445924007,-0.009965407937830389,-0.01340535784181758,0.11316479299906358,0.4029298079270788,True
600690,海尔智家,C38,电气机械及器材制造业,C,4,2008金融危机; 2015股灾; 2018去杠杆; 2020疫情,0.03187774050034357,0.010958840448598748,0.15109210933624792,0.044649079957605226,0.2975165171441893,-0.11508405682503692,0.07942758966815278,-0.08202886671697095,0.05964444256069887,0.04495779581758355,993974493.7549999,-0.016700846711558956,0.006019810475568939,-0.011870826431583256,0.16534997525007086,0.5919223556294911,True
000559,万向钱潮,C36,汽车制造业,C,4,2008金融危机; 2015股灾; 2018去杠杆; 2020疫情,0.14548800316375549,0.04197412356472483,0.018632856997339763,0.02840674868346517,-0.15062937278919225,0.07194072654812789,-0.1895295288653908,-0.18736767833135562,0.05862543310232131,-0.1138964633594527,-330623577.8225,-0.014082257544132339,-0.019352647414316873,0.009303813218188323,0.10242056072947073,0.5807382478019331,True
000860,顺鑫农业,C15,酒、饮料和精制茶制造业,C,4,2008金融危机; 2015股灾; 2018去杠杆; 2020疫情,0.14473922480494045,0.016534630443350292,0.029021180174938658,0.04102367158890399,0.4631276395116337,0.05079519746795075,0.6458184616403373,-0.47903388936397856,0.05782967675303335,0.17017685231398583,123444384.14750002,0.0008481243975537629,0.0104549146612479,0.03442974836028287,0.035784159389027244,0.5295401691805252,False
600594,益佰制药,C27,医药制造业,C,4,2008金融危机; 2015股灾; 2018去杠杆; 2020疫情,0.14669164544663027,0.04606925842082522,0.019750026451467777,0.015521196436268007,0.04161851127637863,-0.6254675120878784,-3.045628855490341,0.7068128855970863,0.05700803168879782,-0.7306662426761887,-63530537.46250002,-0.0952846370170609,-0.0033025431968395913,0.0034553396254161928,-0.12841896492016955,0.3643170202057969,False
600101,明星电力,D44,电力、热力生产和供应业,D,4,2008金融危机; 2015股灾; 2018去杠杆; 2020疫情,0.09681764542340134,0.018536078148265814,0.05732262189956633,0.03764793665937589,0.01880912711803218,0.004309034124444243,-0.028925575522396697,-0.2443383274247427,0.05258107053265234,-0.06253643542616574,-117018463.0025,-0.005443857797048122,6.0279706842115977e-05,-0.02131769298675415,0.06991460458673834,0.27080955058562833,False
600650,锦江投资,G54,道路运输业,G,4,2008金融危机; 2015股灾; 2018去杠杆; 2020疫情,0.033523894982572,0.0045604042437335105,0.028142901047617942,0.04727998204894852,0.010483466241372353,0.000617780923503796,0.036940141359727396,-0.147408821394947,0.02837679558071799,-0.02484185821758586,2691172.9625000022,-0.009139095531788457,-0.012631080753239633,0.011694553612713258,0.0483426132854129,0.19485330469826287,False
900914,锦投B股,G54,道路运输业,G,4,2008金融危机; 2015股灾; 2018去杠杆; 2020疫情,0.033523894982572,0.0045604042437335105,0.028142901047617942,0.04727998204894852,0.010483466241372353,0.000617780923503796,0.036940141359727396,-0.147408821394947,0.02837679558071799,-0.02484185821758586,2691172.9625000022,-0.009139095531788457,-0.012631080753239633,0.011694553612713258,0.0483426132854129,0.19485330469826287,False
600745,闻泰科技,C39,计算机、通信和其他电子设备制造业,C,3,2008金融危机; 2018去杠杆; 2020疫情,1924.5301660520613,-0.5588489480361654,0.024761777376887367,0.24360055532671984,2.6822685370684693,-3.8402273970776992,-0.7845595171121575,0.7831813266127895,641.5995094615884,0.8936301155230337,1248866312.9033332,0.242800632335874,0.03156374064577747,-3.8280858408897913,-0.08202885490592743,0.5353178102959774,False
600606,绿地控股,K70,房地产业,K,3,2015股灾; 2018去杠杆; 2020疫情,-0.5199353216597038,1878.371688802968,0.2007494637766129,0.06528502759562829,-0.061479338261735905,21.05633665692754,0.18060439382946877,0.00885675354204245,626.2125744314468,7.081932601433017,-5167247776.403331,0.0925617597733982,-0.3357370648292628,0.04690767176392833,-0.16557395495265345,0.8916255795962442,False
600703,三安光电,C39,计算机、通信和其他电子设备制造业,C,3,2008金融危机; 2015股灾; 2020疫情,251.7968007486809,0.06083168220611344,-0.003496845016909284,0.1332261444457986,-0.8505844373812109,0.1569340780719831,-0.10556077241793953,-0.21732297916226267,83.99695285844427,-0.3036577794904968,315196852.5333333,-0.023952792138952697,-0.08399551295740064,-0.062094227933837245,0.00692754928491129,0.3752701204078216,False
600297,广汇汽车,F52,零售业,F,3,2008金融危机; 2015股灾; 2018去杠杆,0.27900927583238294,251.21124104040024,0.033983061059118795,-0.07048067336868753,0.7420706751728099,61.133814156609176,-0.11779852958758079,-0.4484990556797766,83.84141112576391,20.586028767398137,879323394.8999997,0.019926266782026702,-0.02753855146399554,0.10960283249800083,,,False
600242,中昌数据,I64,互联网和相关服务,I,3,2008金融危机; 2015股灾; 2018去杠杆,38.26236134493447,0.3638285829198907,0.41375131537164633,-0.5600423762367597,25.98356108552328,1.0708289963919426,0.19862977836994158,1.0060309610673903,13.013313747742002,9.084339953428389,48679126.65,-6.750563295745853,0.5234767438773985,-2.7461479106071756,,,False
002016,世荣兆业,K70,房地产业,K,3,2008金融危机; 2015股灾; 2020疫情,29.8168458113433,2.2039145814801415,-0.24209640609495048,0.07071689531352486,5.1420586299940645,7.901748782974491,-0.12011471826041115,-0.05390661597223485,10.697159096045654,4.329966932332106,-368803199.4866667,0.07954700714541134,0.054358934265089365,0.025310871541401703,0.011780518088921294,0.33168542547341645,False
600800,天津磁卡,C26,化学原料及化学制品制造业,C,3,2008金融危机; 2018去杠杆; 2020疫情,0.11287349970136688,-0.13588588040986974,0.025839038254179967,25.29413247064828,14.421989613940454,-2.3060321986449543,2.1831398382386973,3.3176133530256067,8.477615002867942,6.640914268401587,-357935806.19666666,1.6006135827310282,0.08273787756144768,-0.24126202387951343,-0.35828884202551886,0.5481429516387318,False
000736,中交地产,K70,房地产业,K,3,2008金融危机; 2015股灾; 2018去杠杆,23.942054252755874,0.569985610730328,0.5443939252830013,-0.12538123802990703,10.373540337459474,-0.5869679867762628,0.4712489209138677,-0.20137056685253768,8.352144596256402,3.419273757199026,3318820486.713333,0.08919766815753072,-0.0074621144294872155,-0.33792594888816824,-0.5794257112490041,0.8975037438350322,False
600248,延长化建,E48,土木工程建筑业,E,3,2008金融危机; 2018去杠杆; 2020疫情,7.399268380415576,-0.2651928042068754,0.9445807536841071,14.830912506630101,7.984709770382429,-0.388143694384373,1.5945072540288179,9.007753550126056,7.724920546909928,6.195656858179102,-921256770.5566667,-0.029590865615274808,-0.04695178676170383,0.02324928334879613,0.09033997547093009,0.8868319135247502,False
600083,*ST 博信,F51,批发业,F,3,2015股灾; 2018去杠杆; 2020疫情,-0.9191375276722643,0.26419121001954177,16.850049348904058,0.43005993685265514,-0.9743262043345972,0.8825208878788185,-6.685937217037107,2.61532834729364,5.848100165258752,-1.0626959939548828,-85780451.05333333,-4.185533619508442,-0.02488884576700018,0.09760886387482959,,,False
600193,ST 创兴,E50,建筑装饰和其他建筑业,E,3,2008金融危机; 2018去杠杆; 2020疫情,6.839832049658332,-0.6379264752611096,7.985677257030005,0.9699317629653147,-0.5478942533046879,1.160292079506018,1.3668163789173196,1.511886653368803,5.265147023217884,0.7769362596604782,-26059821.396666665,0.16537560772097112,0.018992238579600734,-0.07314926604379442,-1.867294434683523,0.8190789658923037,False
002568,百润股份,C15,酒、饮料和精制茶制造业,C,3,2015股灾; 2018去杠杆; 2020疫情,,13.958253210296355,0.049547196017663185,0.31203434265921054,,7.77468804672004,-0.32270634973532275,0.7837173032963866,4.773278249657743,2.7452330000937013,204967060.98,0.13085496831215934,-0.00032977607484555954,0.11784540053435721,0.15250913661396653,0.4214591328918693,True
600234,ST 山水,C39,计算机、通信和其他电子设备制造业,C,3,2015股灾; 2018去杠杆; 2020疫情,-0.3109129187014938,0.035379235866779886,9.108293909517105,3.890357786179573,0.30616585600197693,0.19583109390388392,0.6466498509110823,2.038618365453202,4.344676977187819,0.9603664367560562,-11114591.246666662,0.1222551538609677,-0.38026655496602135,0.030845451780872946,0.0828213927511891,0.43952618814529376,False
600743,华远地产,K70,房地产业,K,3,2008金融危机; 2015股灾; 2020疫情,10.108115013609707,0.10195010331231046,-0.31022791551807977,0.04162784714864617,219.47547925960438,0.21360270564502376,-0.3621359472014409,-0.6056877429635732,3.4172309880235545,73.02779807409529,4065731229.043333,-0.019995104504548014,0.09682544712724721,-0.10409671113663888,-2.1389336362418545,0.6815677766653597,False
600648,外高桥,F51,批发业,F,3,2008金融危机; 2015股灾; 2020疫情,7.680567490595525,0.01722838115942162,-0.13879796621400392,0.13531838411236785,20.968362248048674,-0.22319835413802222,0.1345011976515702,-0.16458459185935068,2.611038085289105,6.860193100683767,2304590348.576667,0.010459979876575008,0.006057919638579416,0.03273415891114284,0.07175958041253562,0.708492249243895,False
900912,外高B股,F51,批发业,F,3,2008金融危机; 2015股灾; 2020疫情,7.680567490595525,0.01722838115942162,-0.13879796621400392,0.13531838411236785,20.968362248048674,-0.22319835413802222,0.1345011976515702,-0.16458459185935068,2.611038085289105,6.860193100683767,2304590348.576667,0.010459979876575008,0.006057919638579416,0.03273415891114284,0.07175958041253562,0.708492249243895,False
000796,凯撒旅游,L72,商务服务业,L,3,2008金融危机; 2015股灾; 2018去杠杆,0.1440566123922212,7.308340743681841,0.016693218588301452,-0.7324903193491402,0.435640081128009,2.9458792378408054,-0.10350164384868724,-5.6389285904784705,2.4896968582207877,1.0926725583733756,-53313270.5,0.00901349965592809,-0.08962948068006553,0.014328533741963134,-0.11781638082518946,0.5349635838431956,False
000685,中山公用,D46,水的生产和供应业,D,3,2008金融危机; 2015股灾; 2018去杠杆,7.121573070590178,0.06528621338900784,0.2526187658124053,-0.016338346934290027,17.29504519473231,0.9582236862498336,-0.3423613483085523,0.25986435827272064,2.479826016597197,5.970302510891197,44309491.54666666,0.02884314596150157,-0.07413422537974164,0.06923829234579927,0.06795010466048312,0.4500645199585652,False
600378,昊华科技,C26,化学原料及化学制品制造业,C,3,2008金融危机; 2018去杠杆; 2020疫情,0.21722753702287034,-0.22063411718656228,6.937304998912993,0.15350496568839014,1.253734749123064,-0.4430138736283103,8.083470885361521,0.21782405333215749,2.436012500541418,3.1850098959389137,23243249.386666674,0.03668312268250593,0.006340463732547041,0.0521404975255794,0.06288361245888807,0.41722107731692426,False
002555,三七互娱,I64,互联网和相关服务,I,3,2015股灾; 2018去杠杆; 2020疫情,,6.784335951741116,0.2332996690944172,0.08864860244969108,,14.727435235288443,-0.373030215949474,0.25611554062435954,2.3687614077617414,4.870173519987776,260854097.15,0.11106953683981775,0.08548121338126131,0.08042878831129202,0.2046847625356506,0.3353004639813825,True
002266,浙富控股,N77,生态保护和环境治理业,N,3,2015股灾; 2018去杠杆; 2020疫情,,0.03127156776769667,0.007041124293507422,6.70069647594201,,-0.0410965068596037,0.06058308130329077,7.80388876201817,2.2463363893344046,2.607791778820619,-50082544.23,0.04537698987868952,0.05062291257959311,0.03913282167964116,0.08781415807266162,0.5341876128797447,False
000150,宜华健康,Q83,卫生,Q,3,2008金融危机; 2015股灾; 2018去杠杆,0.970506718060242,5.54028746799723,0.041503036011388515,-0.12866206698985558,-0.2579765287701422,0.8462847300629948,0.08878446759124525,0.604547263626325,2.1840990740229533,0.22569755629469926,283628335.54333335,-0.02557996448661179,-0.014765642937734783,-0.01745942577493953,,,False
430047,诺思兰德,C27,医药制造业,C,3,2015股灾; 2018去杠杆; 2020疫情,,0.3999422946939165,1.0165733888627335,4.714356092842616,,-0.9173729150246748,0.1373873669061605,0.5409206990103105,2.043623925466422,-0.07968828303606794,7822856.19,0.05721087573421196,0.013790601731201649,0.05697199167514381,-0.10443109660620233,0.20358143729932046,False
000723,美锦能源,C25,石油加工、炼焦及核燃料加工业,C,3,2008金融危机; 2015股灾; 2018去杠杆,1.120727430675572,4.712495470740774,0.23768788963791274,-0.0882740305589266,0.2217426683079262,-41.81637203898029,0.6886502172707241,-0.2049947606368033,2.0236369303514197,-13.635326384467213,348284021.2933333,0.009227347128344504,-0.033440172969595804,0.1002189171162443,-0.08201447682473159,0.6400904705235941,False
300223,北京君正,C39,计算机、通信和其他电子设备制造业,C,3,2015股灾; 2018去杠杆; 2020疫情,,0.1875823488971818,0.40767770931205394,5.393969910785012,,4.257583143602219,1.0789482613876435,0.24381015396198413,1.9964099896647494,1.8601138529839492,139119602.06333333,0.002257371785103939,-0.033794923208903795,0.021523263427933037,0.03014155267931552,0.06529241020621114,False
300242,佳云科技,I64,互联网和相关服务,I,3,2015股灾; 2018去杠杆; 2020疫情,,4.330350529221256,1.0731477927308988,0.26550371665369693,,12.501511619488092,-7.44735462216005,-22.379166605621524,1.8896673462019506,-5.775003202764495,-190345276.14333335,-0.6009531710411896,-0.05223654306172404,0.17424920520744278,-0.6424038020265905,0.5096261930440911,False
600753,东方银星,F51,批发业,F,3,2015股灾; 2018去杠杆; 2020疫情,-0.5224346273126662,0.08283878289787992,4.575183655021224,0.32091989172279006,-8.710845504215232,44.512261963353254,0.08382985912267786,0.0657226021453081,1.6596474432139645,14.887271474873748,108227576.79333334,0.08724516486609828,-0.036235386111026106,-0.01129681278841276,69.74773560268098,1.020844343423664,False
300059,东方财富,J67,资本市场服务,J,3,2015股灾; 2018去杠杆; 2020疫情,,3.5958832174611266,0.17732355482018325,1.200404654288121,,10.15788326804141,0.509376027534511,1.6091486590419222,1.6578704755231435,4.092135984872614,-60139063.59999975,0.07117242981464973,0.09705596762058526,-0.013789963554250773,0.11904455717930303,0.7365040315336829,False
002030,达安基因,C27,医药制造业,C,3,2008金融危机; 2015股灾; 2020疫情,0.15359777555794044,0.3573948730545891,-0.04134141837522272,3.863527749241399,0.1585346234716689,-0.25764540212945636,-0.09997369031889514,52.95263303202877,1.4581734659513097,17.617840751123662,798519024.7066666,0.148255817963213,0.06811750392794506,-0.05048064281027361,-0.1153273276800096,0.14972405023437202,False
600732,爱旭股份,C38,电气机械及器材制造业,C,3,2008金融危机; 2018去杠杆; 2020疫情,1.1345661258317858,-0.3254197462405413,2.412447151751464,0.5922501457359348,24.36412532718094,-2.1464317490201212,-0.684844390574743,0.37804356344341755,1.3797544744397283,8.019108166683205,-565309420.8266667,-0.02660066217985443,0.17334365679195526,-0.03585202440431094,-1.0888935904017971,0.8565228777578373,False
002608,江苏国信,D44,电力、热力生产和供应业,D,3,2015股灾; 2018去杠杆; 2020疫情,,3.9483527110083743,0.09453666434033992,0.03521475858195935,,0.09446529718680026,0.16064135682578246,-0.01799002277377143,1.3593680446435579,0.07903887707960376,1509028580.9533336,-0.017483036843847482,0.10799319031229071,-0.0008700505551192209,0.09776920253434199,0.533239426163672,False
300097,智云股份,C34,通用设备制造业,C,3,2015股灾; 2018去杠杆; 2020疫情,,0.9222047321293998,0.06890344927920823,2.916691462704589,,1.5264943739297052,-0.2839045262935091,1.0543933218418131,1.3025998813710657,0.7656610564926698,110767213.81,0.1903982678533663,0.010279542487700152,0.10820535267555527,-0.2631931142451432,0.44684660740423754,False
831010,凯添燃气,D45,燃气生产和供应业,D,3,2015股灾; 2018去杠杆; 2020疫情,,3.178809581224825,0.3291063334344789,0.08573654653586336,,3.936155274188208,0.02896621517201982,0.020598857283407643,1.1978841537317224,1.3285734488812118,-21559173.74666667,-0.015595055562851609,-0.06529595141227233,-0.04822643113809027,0.06531982433648963,0.3373555639406304,False
600876,洛阳玻璃,C30,非金属矿物制品业,C,3,2015股灾; 2018去杠杆; 2020疫情,-0.12342827148988973,0.08099934450337325,2.8217112999933462,0.641980595651952,0.547798549351618,-569.2679263075381,0.12729348295757217,4.699953541106496,1.1815637467162239,-188.14689309449136,36901892.59666666,-0.18050198478079027,-0.010858230774556684,-0.0637054711135027,-0.15159502433172067,0.6445288415542021,False
000768,中航飞机,C37,铁路、船舶、航空航天和其它运输设备制造业,C,3,2008金融危机; 2015股灾; 2018去杠杆,3.3154396920224904,0.13763893445321948,0.0768773218712355,-0.02373204387449082,3.280077476127987,0.22638412647948547,0.07072557033498254,0.36577150044861834,1.1766519827823152,1.1923957243141519,1042489328.3233333,-0.0005134788958980514,-0.020030409519564068,-0.030521691702292814,0.04867890717079832,0.715160443164677,False
600365,通葡股份,C15,酒、饮料和精制茶制造业,C,3,2008金融危机; 2015股灾; 2018去杠杆,0.06881816595991884,3.3236014811611674,0.09061841184683571,-0.3768007379848174,1.008127469904218,4.6062321345815835,0.24458735460197714,-4.317080337605244,1.1610126863226407,1.9529823196959262,-28251172.76666667,0.4704783542918829,-0.02161374737760981,0.04453153100517857,-0.1734821060547854,0.7053641181603474,False
000008,神州高铁,C37,铁路、船舶、航空航天和其它运输设备制造业,C,3,2008金融危机; 2015股灾; 2018去杠杆,0.15408138810043742,3.215999046009658,0.10037576912730234,-0.4045235955159109,-0.555331867943213,23.452654388776324,-0.6156858169820492,-2.9500183960963953,1.1568187344124659,7.427212234617021,-228490705.95666662,-0.012715772587142867,0.028873679796271635,0.010528484662745316,-0.18371904891011673,0.6878511555912236,False
002180,纳思达,C39,计算机、通信和其他电子设备制造业,C,3,2008金融危机; 2015股灾; 2018去杠杆,0.1001172134085589,3.273001097995489,0.028256215842036202,-0.1592842061411398,-0.2970690810104702,0.4086386179273571,-0.1608681457903695,-1.1737963469449464,1.1337915090820279,-0.016432869624494195,588909686.94,-0.10153887746061101,-0.04568488177439576,0.07405499225675154,0.07966356120474455,0.726098865431567,False
002115,三维通信,C39,计算机、通信和其他电子设备制造业,C,3,2008金融危机; 2018去杠杆; 2020疫情,0.6626102671634955,-0.04374863521103321,2.0078752633981733,0.5719060073112368,0.3942767148671166,0.29765664663155794,4.001526797040714,-0.9848671663736379,1.0807971792909685,1.1369787818447306,-52992198.363333344,0.011011001984998178,-0.0654696997955833,-0.03223938865335402,-0.11441471913305092,0.42164557899001087,False
001872,招商港口,G55,水上运输业,G,3,2015股灾; 2018去杠杆; 2020疫情,-0.044697787894845485,0.03759069775382749,2.950541574623867,0.040803986511993816,-0.04845826023322315,0.23202975267378673,3.0426970358065724,-0.3234205924073299,1.009645419629896,0.983768732024343,1093252253.7700002,-0.030115976989219365,0.004513358419099371,0.04034562954175592,0.06927757855687844,0.364034314688687,False
201872,招港B,G55,水上运输业,G,3,2015股灾; 2018去杠杆; 2020疫情,-0.044697787894845485,0.03759069775382749,2.950541574623867,0.040803986511993816,-0.04845826023322315,0.23202975267378673,3.0426970358065724,-0.3234205924073299,1.009645419629896,0.983768732024343,1093252253.7700002,-0.030115976989219365,0.004513358419099371,0.04034562954175592,0.06927757855687844,0.364034314688687,False
600782,新钢股份,C31,黑色金属冶炼及压延加工业,C,3,2008金融危机; 2018去杠杆; 2020疫情,2.605234891834796,-0.21622542079350482,0.14001814291123799,0.2505606978294537,1.313169382707578,-0.872830378785689,0.8835567648255214,-0.19934054400086632,0.9986045775251626,0.665795201177411,-2527754270.096667,0.026847484365634628,-0.002439019093994755,0.017037299424259095,0.002036524567329873,0.49021573258692025,False
300149,睿智医药,M73,研究和试验发展,M,3,2015股灾; 2018去杠杆; 2020疫情,,0.13329492542665855,2.620491066420409,0.11580267525240763,,0.5851586862672308,1.8420068513364012,0.13317844141981314,0.9565295556998251,0.853447993007815,116298438.27,0.012624029631389465,-0.005451564590987519,0.04702740585965804,-0.18295704544155905,0.37966836658686887,False
000899,赣能股份,D44,电力、热力生产和供应业,D,3,2008金融危机; 2018去杠杆; 2020疫情,2.520563479908538,-0.04361452628436508,0.207579932240883,0.0025695820445125585,-0.3688505006869747,0.4815139826442359,10.459116735303466,0.3000382978538925,0.9102376647313112,3.463434844156795,120397673.41666669,0.013620993179439453,0.03802005236275751,0.16892795079511713,0.11960719114914785,0.6595532143557123,False
000958,东方能源,J69,其他金融业,J,3,2015股灾; 2018去杠杆; 2020疫情,-0.010452469822355303,2.2920994338798537,0.17221550669173702,0.2128238559026095,-29.696283449098164,1.262416393408687,0.8888020026808082,0.0975599898955024,0.8923795988247334,0.7495927953283325,1389112714.5533333,-0.01112063771482454,0.072948917509018,-0.0008212372159631295,0.04575121049217823,0.37721058352912185,False
300085,银之杰,I65,软件和信息技术服务业,I,3,2015股灾; 2018去杠杆; 2020疫情,,2.2253314702388542,0.13206867013658505,0.17735181344232173,,1.7735189786732086,-0.12632366192025396,3.7963378107991597,0.8449173179392537,1.8145110425173714,122103776.82333334,0.023296651776650745,-0.046566522846324176,0.022249376834651214,-0.24219878233306052,0.5082016115744827,False
002127,南极电商,L72,商务服务业,L,3,2008金融危机; 2018去杠杆; 2020疫情,0.06273156629077857,-0.752610034336767,2.401201828487266,0.06784562340040265,-0.5223861386444654,13.444202982509502,0.6565832815986351,-0.01743230748884568,0.8439263393928157,0.038921611821774685,-61958093.51333334,-0.015936286371008617,-0.133627939788778,-0.010788123857678453,-0.05789035254457786,0.17303133810758306,False
300319,麦捷科技,C39,计算机、通信和其他电子设备制造业,C,3,2015股灾; 2018去杠杆; 2020疫情,,2.078922768321556,0.15978501456989447,0.28136532550962895,,1.6533993102614846,1.405643285731002,-0.21640468168760182,0.8400243694670265,0.9475459714349616,22475353.47333333,0.07353373384377655,-0.0027491399260861546,0.05119786075309176,0.07406819702908773,0.32285427699901,False
000852,石化机械,C35,专用设备制造业,C,3,2008金融危机; 2015股灾; 2018去杠杆,0.16430841570851912,2.073767378320281,0.23157418666015395,-0.056918694942669844,0.10500917837679463,-0.31465644386670727,-0.07901689093813631,-0.321342213966471,0.8232166602296515,-0.09622138547601632,-116796164.07666667,-0.00770316738876986,-0.012532909618302057,0.07197603244460919,0.03728177636592814,0.6858215310735616,False
002314,南山控股,K70,房地产业,K,3,2015股灾; 2018去杠杆; 2020疫情,,1.817975514323316,0.06819006054270989,0.5518671746053835,,1.4188911432567608,-0.20865118984085748,2.5155228429730516,0.8126775831571366,1.2419209321296518,1448499967.7699997,0.14812435052917597,0.0516403628207902,0.009955674659957447,-0.09442913030990943,0.7694440196857188,False
300413,芒果超媒,R87,文化艺术业,R,3,2015股灾; 2018去杠杆; 2020疫情,,0.021766095488888415,2.237746763162012,0.12038326087118778,,-0.398196544882517,13.543447755236558,0.7100062616653554,0.7932987065073626,4.618419157339799,-51871230.683333315,0.026120620652938725,0.0455894146446531,0.07240781477340748,0.05960579544380114,0.30741681528097453,False
300142,沃森生物,C27,医药制造业,C,3,2015股灾; 2018去杠杆; 2020疫情,,0.39916161240183595,0.3154136517259791,1.6212701004973338,,-10.561567962983629,2.903636227571415,5.238868109139288,0.7786151215417162,-0.8063545420909755,13504162.179999994,0.047759946106240764,0.06240888575412534,-0.02420946413656443,0.015154668928943491,0.21844467281553487,False
601908,京运通,C35,专用设备制造业,C,3,2015股灾; 2018去杠杆; 2020疫情,,1.2777281535739848,0.06089668584500453,0.9715132410405486,,1.0310083900055917,0.1780191306171093,0.6197295441041014,0.770046026819846,0.6095856882422676,-310372980.86666673,0.011400545080163998,-0.003738225469495741,0.04303510691435608,-0.2731537515239411,0.5374913506050867,False
600893,航发动力,C37,铁路、船舶、航空航天和其它运输设备制造业,C,3,2008金融危机; 2018去杠杆; 2020疫情,2.1406231796814827,-0.12271444267950639,0.02425278785472866,0.13574212993574505,1.7157857017481903,0.07423231377632292,0.15845223489726723,0.051583603638200914,0.7668726991573188,0.6419405134278862,-326585142.9266667,0.009858037322265345,-0.007416177652660135,0.12774638955871423,0.021606206420377385,0.607383577232101,False
300125,聆达股份,M74,专业技术服务业,M,3,2015股灾; 2018去杠杆; 2020疫情,,0.3812600931768872,0.3511781247740792,1.5451576920113386,,-0.35753788527005187,1.1367987300060378,-4.403329685108816,0.7591986366541016,-1.2080229467909434,-39549866.836666666,0.09620784098525843,-0.09660814225589542,0.06851354342838999,1.765283945155067,1.5376533723094519,False
002714,牧原股份,A03,畜牧业,A,3,2015股灾; 2018去杠杆; 2020疫情,,0.15307007689399227,0.3331610418828985,1.783054258985776,,6.4297418172716725,-0.7767607506721982,3.7936511938628357,0.7564284592542223,3.1488774201541037,4409132919.336667,0.08016270383631864,0.0720764292816758,0.03517275671539175,0.2440800271044921,0.5868011914324892,True
300318,博晖创新,C35,专用设备制造业,C,3,2015股灾; 2018去杠杆; 2020疫情,,1.662645867362687,0.4018876676904595,0.17566500857029874,,-0.5763779405447774,0.6403850529216057,-4.727217524961513,0.7467328478744818,-1.5544034708615617,63703466.699999996,-0.0041260926607369275,-0.11112377142469475,0.14103607043408842,0.0036949325099407313,0.4305913328209222,False
002124,天邦股份,C13,农副食品加工业,C,3,2008金融危机; 2018去杠杆; 2020疫情,0.8829946928725345,-0.17748517031069933,0.4762695411784308,0.7919689586097723,2.493109884245143,2.9582486810608124,-3.218244840689362,31.45402343027433,0.7170777308869125,10.242962824610037,1282983417.3833332,0.04962135959095134,0.03904223631156126,0.04349810358712445,0.38936151344791864,0.7258103936181967,False
002373,千方科技,I65,软件和信息技术服务业,I,3,2015股灾; 2018去杠杆; 2020疫情,,0.13348855066348195,1.8955830625418393,0.07987739815517723,,0.18425285847005887,0.9974257359901074,0.07327088352831565,0.7029830037868328,0.41831649266282733,120355885.77666672,-0.06385587850491443,0.023029066407813437,-0.11541311997512567,-0.10272086606463086,0.3676648666573227,False
000971,*ST 高升,I65,软件和信息技术服务业,I,3,2015股灾; 2018去杠杆; 2020疫情,-0.43227109212427606,1.9969715144566031,0.03756766431540377,0.060464307972527706,1.0823076945140784,-0.3656270057150243,-15.8186542154604,1.1903727101638757,0.6983344955815115,-4.997969503670516,-125440621.71,-0.2718090279532294,0.03937214575489476,-0.14484479238734171,,,False
000507,珠海港,G55,水上运输业,G,3,2008金融危机; 2018去杠杆; 2020疫情,1.6251373044549418,-0.054406482315531156,0.40541319424470984,0.06427079652872336,-0.38639623104603293,3.758592958317965,0.1635939762001348,0.16375708601847908,0.698273765076125,-0.01968172294247302,-125408739.89666669,-0.012622075300668383,-0.022739258600707444,-0.0025782440593511793,0.05003727222064528,0.5305771798001805,False
600675,中华企业,K70,房地产业,K,3,2008金融危机; 2015股灾; 2018去杠杆,0.5055469207603298,0.05418453818021182,1.5180731961441805,-0.13022705190193143,-0.3776477841443234,-5.351858113172687,5.279389241959582,-0.31114334632519103,0.6926015516949073,-0.15003888511914276,3374148593.8933334,-0.19740858050812016,-0.01500339531522125,-0.014279440166729477,0.003949480076968932,0.7012376411961626,False
600202,哈空调,C38,电气机械及器材制造业,C,3,2008金融危机; 2018去杠杆; 2020疫情,0.2236288084182647,-0.2849235147456986,1.8113859148812002,0.014013821443284944,0.17551045044573024,-0.38155316763960206,1.2381269274446638,0.002075631855443505,0.68300951491425,0.4719043365819459,-196544939.35666665,0.03605157009098818,0.03989069729829712,0.006553716524756707,-0.002632654329606821,0.6986811596676975,False
000930,中粮科技,C26,化学原料及化学制品制造业,C,3,2008金融危机; 2018去杠杆; 2020疫情,0.14928196589219234,-0.0972870249983274,1.8209325048987304,0.022462846353097317,0.9605703291607908,-48.32209863567682,1.072257377349948,0.12404397944266565,0.66422577238134,0.7189572286511349,-2959385417.0866666,-0.020889484983901363,0.02552379701890453,-0.0370416866120327,0.004186295882917878,0.3700597979170751,False
900957,凌云B股,K70,房地产业,K,3,2008金融危机; 2015股灾; 2018去杠杆,0.0544559814642566,1.8444232049219746,0.08153747482826094,-0.053481135652109775,-0.2545799440634473,-0.43660347278778777,-0.07764997834823707,-0.13742104351254067,0.6601388870714974,-0.25627779839982406,-59156213.73333333,-0.008271335017226482,0.07170591219781484,-0.01715548700686631,-0.006759991130907271,0.415403144193448,False
000628,高新发展,E47,房屋建筑业,E,3,2008金融危机; 2018去杠杆; 2020疫情,0.6429407776969517,-0.09322438966034279,0.6647337246193409,0.6711850022866508,1.0338999894648244,2.235291569876188,1.761685815371122,1.511591554147117,0.6596198348676477,1.4357257863276878,85551699.91333331,0.7614479685382115,-0.012850335111427311,0.001441589196204666,0.01434246912691206,0.853516000475483,False
002600,领益智造,C39,计算机、通信和其他电子设备制造业,C,3,2015股灾; 2018去杠杆; 2020疫情,,1.3633961534650698,0.41283670289692165,0.17673340436677085,,18.12032134301834,-1.5295665426323777,0.199472787547302,0.6509887535762541,5.596742529311087,228435927.10666665,-0.08965877489212937,0.02134362495794501,-0.008342838300336275,0.08848394829209145,0.5599097651644594,False
002169,智光电气,C38,电气机械及器材制造业,C,3,2008金融危机; 2015股灾; 2018去杠杆,0.32416876591701366,1.1516472882402482,0.4759286957352682,-0.1609657703960798,-0.10608677295982483,1.7795765867406899,-0.4803166631699004,1.3791325117046995,0.65058158329751,0.39772438353698814,217291.4933333347,-0.002624531237494891,-0.05615513418204817,0.05540064368852632,-0.10616672003072065,0.6623296536521558,False
600150,中国船舶,C37,铁路、船舶、航空航天和其它运输设备制造业,C,3,2008金融危机; 2018去杠杆; 2020疫情,0.5470835239532518,-0.019765082138000555,0.013133103328535593,1.3877546946178598,0.2060404914045492,-4.790146301918565,1.2385373442241308,-0.5046035658558525,0.6493237739665491,0.3133247565909425,-2584898201.8366666,0.04453861506574747,-0.03672551241748715,-0.006247277334444967,0.0698000655921685,0.6962996824246857,False
300316,晶盛机电,C35,专用设备制造业,C,3,2015股灾; 2018去杠杆; 2020疫情,,1.412264268005285,0.3011333948747739,0.22540026364675075,,0.7602738087605385,0.5296873317130179,0.3649609642714841,0.6462659755089365,0.5516407015816801,91458434.67000003,0.028667440161500038,0.025039150968013846,0.05383279446460506,0.14857066179402015,0.43156843743363016,True
600387,海越能源,F51,批发业,F,3,2008金融危机; 2015股灾; 2018去杠杆,0.00038676295894782183,1.067073095748396,0.8615637486710184,-0.5876731953196165,-1.2202499835153606,-3.503061125046949,26.842131321332992,-0.8282280498479605,0.6430078691261207,7.372940070923561,195514621.29333332,-0.06964387102797487,-0.0059259449744042125,-0.013275012558437623,-0.10987166175160556,0.25423037883880495,False
600984,建设机械,C35,专用设备制造业,C,3,2015股灾; 2018去杠杆; 2020疫情,-0.014888597583310868,1.4761473128429605,0.21765046141701447,0.23061867671483896,-22.14288976721463,1.0476068252573771,6.038675510510413,0.09583342452655279,0.641472150324938,2.394038586764781,-69830335.24333332,0.0740571914496059,0.05158738662264773,0.006285825875934052,-0.23109385609222896,0.7480984140393846,False
600651,*ST 飞乐,C38,电气机械及器材制造业,C,3,2008金融危机; 2015股灾; 2020疫情,0.028053899735144678,1.3765052081673474,-0.3935284401535443,0.5144093862315793,0.3155212872385433,3.98813742309093,-109.07639481581602,1.2493418771675526,0.6396561647113571,1.851000195832342,-169566713.1333333,-0.3046337333007152,-0.018864566016005075,-0.10759613296306837,0.015857834019356844,0.41032110067392014,False
600779,水井坊,C15,酒、饮料和精制茶制造业,C,3,2008金融危机; 2015股灾; 2018去杠杆,0.17427880386923683,1.3429458992122398,0.3762397974653021,-0.1506154799838203,0.55199237379645,1.2183894423442543,0.7271850586560296,-0.11491904981792848,0.631154833515593,0.8325222915989112,-136644214.18666667,0.1898996080048261,0.04690079030495157,0.004186411222549369,0.2584987206468938,0.4344370541065125,True
600077,宋都股份,K70,房地产业,K,3,2015股灾; 2018去杠杆; 2020疫情,-0.02606347786953584,0.4952405545851874,0.6703232106637209,0.718607892846991,-2.4068401215643527,0.5061100404126361,1.534751423432404,-0.4523959203782616,0.6280572193652998,0.5294885144889262,2453596511.11,0.0009896398619988918,-0.037388008582628855,0.013763175213938697,,,False
002669,康达新材,C26,化学原料及化学制品制造业,C,3,2015股灾; 2018去杠杆; 2020疫情,,0.3789731388591281,0.6879807358983719,0.8123833172205045,,0.6098840280896868,0.8359548279431126,0.5483120057405854,0.6264457306593348,0.6647169539244616,-178261207.41333333,0.028429795460658103,-0.007463005955740343,0.07190555929990598,-0.1012712674299738,0.5813176909233866,False
300120,经纬辉开,C39,计算机、通信和其他电子设备制造业,C,3,2015股灾; 2018去杠杆; 2020疫情,,0.19312094976125593,1.3211939105052817,0.33562821921350744,,0.023161891307520083,1.2975463670401781,-0.37230309337844203,0.616647693160015,0.31613505498975203,-20439702.830000002,0.005464135276288804,-0.008392639270755328,0.01686559680036545,0.007186279367326798,0.3403635808785958,False
002039,黔源电力,D44,电力、热力生产和供应业,D,3,2008金融危机; 2015股灾; 2020疫情,1.3523636855627823,0.257471059777336,-0.01270955954555705,0.21899772813106044,11.367632592396033,0.23944585648501546,0.013328121151476757,0.5772827573301491,0.6096108244903929,4.061453735403733,487194125.3633333,0.049472441038036906,0.0568785524836651,0.016912770699041107,0.05863984820925498,0.5614338639953688,False
600533,栖霞建设,K70,房地产业,K,3,2015股灾; 2018去杠杆; 2020疫情,-0.4428708560931609,1.0191056410768486,0.3693909650534532,0.43928245406974153,-0.4260425152770996,13.233924710205581,2.853888474082713,0.05285016626767194,0.6092596867333478,5.380221116851989,1987633021.1766665,0.02816210617271714,0.05119649896266704,-0.006661659924944385,-0.2924926055809004,0.8545149076380496,False
600623,华谊集团,C26,化学原料及化学制品制造业,C,3,2008金融危机; 2015股灾; 2018去杠杆,0.05124945091769024,1.7572813092584287,0.015759962551135733,-0.2504735415603803,-1.9988145662051435,0.17693310917881375,2.8301228302332575,-0.3603237266646322,0.6080969075757515,0.3360804577356426,892030228.98,-0.059975482218547545,-0.02552217785409905,-0.029572452426904167,0.044713355170863334,0.569668568356709,False
900909,华谊B股,C26,化学原料及化学制品制造业,C,3,2008金融危机; 2015股灾; 2018去杠杆,0.05124945091769024,1.7572813092584287,0.015759962551135733,-0.2504735415603803,-1.9988145662051435,0.17693310917881375,2.8301228302332575,-0.3603237266646322,0.6080969075757515,0.3360804577356426,892030228.98,-0.059975482218547545,-0.02552217785409905,-0.029572452426904167,0.044713355170863334,0.569668568356709,False
600896,览海医疗,Q83,卫生,Q,3,2008金融危机; 2018去杠杆; 2020疫情,0.22176849712898786,-0.08791252529279941,0.20266232042327698,1.390677554648626,-0.42116155407798017,1.4193392503919045,1.1697576360366255,1.3254464563650363,0.6050361240669636,0.6913475127745605,62765445.453333326,0.1587697158488511,0.017609761541127627,-0.14138005613200658,,,False
000068,华控赛格,M74,专业技术服务业,M,3,2008金融危机; 2015股灾; 2020疫情,0.25088854306514907,1.5391748040427056,-0.5013718206521119,0.015965186667331217,1.1079754479378132,1.0771800175454225,-5.279137002359958,-25.839506803498324,0.6020095112583953,-7.884783779338363,57028963.43000001,0.2642533630591071,-0.010102340117882294,-0.2031429435151925,0.008678325837684232,0.7371718747260508,False
000967,盈峰环境,N77,生态保护和环境治理业,N,3,2015股灾; 2018去杠杆; 2020疫情,-0.08194585840688863,0.007794487238359202,1.6630717012050147,0.1288740251441336,-0.6309251383947859,0.5650715407155212,2.8470238848738956,0.02749024103225386,0.5999134045291692,1.1465285555405569,-79215245.27666664,-0.0026042263283974514,0.03101505753700881,-0.015639515996786774,0.03021790568176443,0.3935833502198145,False
002109,兴化股份,C26,化学原料及化学制品制造业,C,3,2008金融危机; 2015股灾; 2018去杠杆,0.2524930438228677,1.414653931080672,0.083775872931312,-0.017453911215439537,0.7530628323074002,0.010186348469371533,0.15317924589776777,0.46356214385205285,0.5836409492782839,0.3054761422248465,54347044.03000001,0.017026851924920698,0.06579266864428486,-0.01710169634804723,-0.06706129155699947,0.5123166513858257,False
600217,中再资环,C42,废弃资源综合利用业,C,3,2015股灾; 2018去杠杆; 2020疫情,-0.03543626571441783,1.383636550999263,0.34118595828407217,0.018009377834460032,-22.4553132050092,1.7457982518814286,0.46112341056135175,0.011617922055644337,0.5809439623725984,0.7395131948328082,623709521.6266667,-0.3057960940242476,0.13365872099987372,-0.16098198952197715,0.004677748178996993,0.5574909473686759,False
002157,正邦科技,C13,农副食品加工业,C,3,2008金融危机; 2018去杠杆; 2020疫情,0.6530644331530432,-0.0040816792262726555,0.07266879737805376,1.0053334591768326,0.17180827400554557,7.362649049244925,-0.6540076824946125,2.522855394871945,0.5770222299026432,0.680218662127626,406102301.8966667,0.007339696576711495,0.012035038433778228,0.002227475605732776,0.018518114993841327,0.4641526742530935,False
300308,中际旭创,C39,计算机、通信和其他电子设备制造业,C,3,2015股灾; 2018去杠杆; 2020疫情,,0.022432131003310683,1.1875823681930227,0.4817294429280543,,-0.3149268842725425,2.858173887013644,0.7068083620105654,0.5639146473747959,1.0833517882505557,29580166.92333333,0.04028787177195526,-0.021723201200487152,-0.009630168385279497,0.2647128162826251,0.2970052393012133,True
600725,ST 云维,C25,石油加工、炼焦及核燃料加工业,C,3,2008金融危机; 2018去杠杆; 2020疫情,0.6049446826305701,-0.5786331418002864,1.0585839254664426,0.02797686651211959,-0.39865836521257114,-1.8710429146328125,0.5899267499909546,0.27271553086670475,0.5638351582030441,0.1546613052150294,99438169.28333332,-0.013307766752977028,-0.012786441673849616,0.026774135621316707,-0.2106844870230878,0.21363455495168956,False
002414,高德红外,C39,计算机、通信和其他电子设备制造业,C,3,2015股灾; 2018去杠杆; 2020疫情,,0.5888935514422567,0.06608031900175045,1.0351499922137293,,-0.0671532627898,1.2597649668109947,3.5359232363341606,0.5633746208859122,1.576178313451785,4422600.626666685,0.06218592797852035,0.005519992986674919,0.1282260905327138,-0.07070990996931428,0.31528278857130865,False
002214,大立科技,C39,计算机、通信和其他电子设备制造业,C,3,2008金融危机; 2018去杠杆; 2020疫情,0.18426733424281025,-0.1080999155484523,0.40463605918895906,1.0552099785598048,0.03456183711949641,-0.36561258332782764,0.8548420460034751,1.9042515221633403,0.548037790663858,0.9312184684287707,52873261.54333333,0.014056481994091347,-0.006991026010627825,-0.06503753183069567,-0.26528865603677987,0.31662429682833954,False
002001,新和成,C27,医药制造业,C,3,2008金融危机; 2018去杠杆; 2020疫情,0.895994637585785,-0.08204828870274783,0.39265936334647145,0.3533797990367182,17.99179904025633,-0.5175539784835684,0.8079326101126518,0.6435273311604056,0.5473445999896582,6.481086327176462,1472127866.3833334,0.26155904372772265,0.17993657102409202,-0.06140270352215268,0.2002635425364684,0.3150466508526499,True
300341,麦克奥迪,C38,电气机械及器材制造业,C,3,2015股灾; 2018去杠杆; 2020疫情,,1.333847346114444,0.2303680624768191,0.06127185637186031,,1.5205438048133537,0.13813015111322932,-0.06957046971152141,0.5418290883210412,0.5297011620716873,26493219.25333333,0.019284600789495357,0.036896908270514915,0.06937630310033205,0.0847511665220383,0.2364800824443502,False
601012,隆基股份,C30,非金属矿物制品业,C,3,2015股灾; 2018去杠杆; 2020疫情,,0.6159674707503324,0.34379859716408506,0.6591916593831405,,0.7439182001658373,-0.27688476502671966,0.56549209151229,0.5396525757658527,0.34417517555046917,928352871.9766665,-0.01602220996551711,-0.03648280431989581,0.010633829914574436,-0.1413250088018521,0.5982803563385438,False
002123,梦网集团,I65,软件和信息技术服务业,I,3,2008金融危机; 2015股灾; 2018去杠杆,0.5868892968111931,0.9448824576217286,0.08574782241791111,-0.1452969041616922,0.5756165570053422,1.389950550910787,-0.6348493180667862,1.3794472930897546,0.5391731922836109,0.44357259661644766,52089997.50666667,0.05987368280844052,-0.02838041392139225,-0.004455761597869312,0.024533704478042158,0.5640407157170632,False
002322,理工环科,I65,软件和信息技术服务业,I,3,2015股灾; 2018去杠杆; 2020疫情,,1.297070331082479,0.18080727345507774,0.13251287401428108,,0.7578038602074073,-0.07947966957944252,-0.2483474372467524,0.5367968261839459,0.14332558446040414,35561268.07333332,-0.01382277036361458,-0.06607602053229884,0.02935084492521305,0.09272165432042319,0.10555556164363121,False
300368,汇金股份,C35,专用设备制造业,C,3,2015股灾; 2018去杠杆; 2020疫情,,0.6686824557273694,0.3313498991175958,0.6055703311346646,,0.43189342627404087,1.1643840442986715,0.8203741472541293,0.5352008953265432,0.8055505392756138,-61255056.07666666,0.08722391865586587,-0.012271580537580965,0.07189766156071209,-2.064945350679635,0.8140454327629828,False
000838,财信发展,K70,房地产业,K,3,2015股灾; 2018去杠杆; 2020疫情,-0.7475536262963184,0.12104392212737254,0.6899920794463705,0.7829869737009805,-0.8206435691416127,0.05757703277185027,-0.7565038520174616,2.0630625411190264,0.5313409917582411,0.4547119072911383,1311246415.57,-0.04513888009004587,-0.004196834915507801,-0.023626485990336937,-0.5100195613996499,0.8081625114589058,False
002195,二三四五,I65,软件和信息技术服务业,I,3,2008金融危机; 2015股灾; 2018去杠杆,0.14955514921976706,1.2472864529809782,0.17928061979940338,-0.4977826316838959,0.10120688892909212,2.6783514069044196,0.4393878184453174,-2.1859186485507203,0.5253740740000495,1.072982038092943,10793377.23666668,0.030181129244253594,0.057508977626202606,0.04163344432755686,-0.005447171895580496,0.02363282640887974,False
600596,新安股份,C26,化学原料及化学制品制造业,C,3,2008金融危机; 2018去杠杆; 2020疫情,0.885914645545498,-0.04781293346036116,0.5118520806726871,0.14229469996097271,2.2935994157192354,-5.202864884213785,1.3832839475399366,0.4693862628272379,0.5133538087263859,1.3820898753621365,672063232.8366667,0.10794430553543265,0.047300864033926145,-0.09951798218164469,0.0043076500400545965,0.3980970773885344,False
002280,*ST 联络,I65,软件和信息技术服务业,I,3,2015股灾; 2018去杠杆; 2020疫情,,1.0972304637244759,0.13318092320115452,0.29573630321567623,,0.9416297314970481,-17.4640188374403,1.0611097627495325,0.5087158967137689,-5.153759781064573,436647408.70000005,0.4565245392093793,-0.04117730673550802,0.13027533180306453,,,False
600556,天下秀,I65,软件和信息技术服务业,I,3,2015股灾; 2018去杠杆; 2020疫情,-0.5207436894139201,0.9614078935887448,0.01576136161647674,0.5477609130363538,-2.2397182426506483,7.448773511342859,-12.762310466423429,0.13744844086961566,0.508310056080525,-1.7253628380703183,-115008394.54333334,-0.4521800543892945,-0.06583259100142147,-0.09036283919434242,0.01140836939204848,0.29909006620137457,False
002528,英飞拓,C39,计算机、通信和其他电子设备制造业,C,3,2015股灾; 2018去杠杆; 2020疫情,,0.8511888744220723,0.4698597332893606,0.14100236370119418,,1.0466065084317482,0.09928071905707542,6.146116238448418,0.487350323804209,2.4306678219790805,6326072.310000002,0.004346744746030095,-0.05133169243946304,0.03306315241976123,-2.605619154850311,0.923880394467838,False
300053,欧比特,C39,计算机、通信和其他电子设备制造业,C,3,2015股灾; 2018去杠杆; 2020疫情,,1.202907494965927,0.2262177116995357,0.02128440075309624,,1.3268025595878106,-0.21229751540808492,1.4630780885255104,0.48346986913951967,0.859194377568412,41525889.85666666,0.03189533941797557,-0.003848615028173167,-0.004433889069869246,-0.1657877294942835,0.2825971557330851,False
002475,立讯精密,C39,计算机、通信和其他电子设备制造业,C,3,2015股灾; 2018去杠杆; 2020疫情,,0.3897428618793019,0.5705689753995808,0.4796339134916657,,0.5319802242439576,0.6096710239997123,0.5202696836777086,0.47998191692351616,0.5539736439737929,849064088.0966668,0.0342389947071001,-0.003958389741437011,0.021408549280808913,0.17215183033139264,0.6216412439537288,False
300409,道氏技术,C30,非金属矿物制品业,C,3,2015股灾; 2018去杠杆; 2020疫情,,0.23897124852600402,1.090044610678753,0.1099339004305488,,-0.2957411828006485,0.8349855877671114,1.8376634377774743,0.47964991987843525,0.792302614247979,9788252.380000016,0.008446086733234876,-0.031796921155693304,0.07697973113062619,0.02602289328830284,0.484406014389008,False
600727,鲁北化工,C26,化学原料及化学制品制造业,C,3,2015股灾; 2018去杠杆; 2020疫情,-0.17531867706779236,0.07852949293098466,0.08259803146913677,1.2710869131902918,-60.49613849742935,2.6702303196905266,0.1991915973355097,0.30628133814012,0.4774048125301377,1.058567751722052,43719902.133333325,-0.007284007704828142,-0.023831915084425753,0.06221042445354192,0.1002284735671169,0.5910904739331617,True
002183,怡亚通,L72,商务服务业,L,3,2008金融危机; 2015股灾; 2018去杠杆,0.5989197804196418,0.8059830188452248,0.02398524137323948,-0.05169362145273146,0.8635845447410079,0.44775312467368894,-0.7299835287175909,3.3625901804119374,0.4762960135460354,0.19378471356570195,1008768188.0,-0.0033485072717075828,-0.0218184188088788,-0.035337076436927184,0.004601000245202821,0.8186630293880526,False
000048,*ST 康达,C13,农副食品加工业,C,3,2008金融危机; 2015股灾; 2018去杠杆,0.10310534714883991,0.07349565184025927,1.2179329036387656,-0.17224389712186855,0.3925068335624802,0.7456817584084973,4.239754262174729,-0.24220335283748526,0.4648446342092883,1.7926476180485686,191766685.87333333,0.16155143483937662,0.10843026592491804,-0.07114598535902834,0.16891924154972904,0.6025385015580298,False
600655,豫园股份,F52,零售业,F,3,2008金融危机; 2018去杠杆; 2020疫情,0.3937766216101095,-0.08361206809675559,0.9739763580298119,0.026531634509087635,-0.5298125629963991,-0.20718523489888085,4.203134136227879,0.029979070378098605,0.4647615380496697,1.2344335478698596,892844155.8799998,-0.028493949491409015,0.014389225770987585,0.04351360406683517,-0.011048454301666871,0.6781871211632426,False
600052,浙江广厦,R86,广播、电视、电影和影视录音制作业,R,3,2008金融危机; 2015股灾; 2020疫情,0.22190434430824063,0.3313783312426225,-0.015917022430017566,0.8383318989657028,1.0315876960670456,-4.038812304575896,-0.37528442437347026,-1.0382258129727895,0.46387152483885535,-1.3484834738272131,-881100990.68,-0.2912506703808191,-0.1681599863740704,-0.02051619486238532,-0.14350231311260328,0.14495486192480755,False
600658,电子城,K70,房地产业,K,3,2015股灾; 2018去杠杆; 2020疫情,-0.19741447447358135,0.25974209596308073,0.04708076290698483,1.0661444992439753,-10.199418502458233,0.05852924444988046,-0.22301207478938523,0.6137228753076409,0.45765578603801355,0.14974668165604538,-277369865.7433335,-0.00283546161239859,0.0022318672888240374,0.06255178898253931,-0.25563598322745923,0.6396023355008084,False
000833,粤桂股份,C22,造纸及纸制品业,C,3,2008金融危机; 2015股灾; 2018去杠杆,0.05508851513883805,0.6453691234956392,0.6610167842376957,-0.20590318004330302,0.042186156203953995,3.7790003167358703,0.03824260002244099,0.11597226861813573,0.4538248076240577,1.2864763576540883,91819263.74333334,0.005952362105587809,0.030729588954967812,0.018565700741523434,0.07180627857080853,0.3369257779321094,False
002154,报喜鸟,C18,纺织服装、服饰业,C,3,2008金融危机; 2018去杠杆; 2020疫情,1.0021625998006325,-0.014527675823208014,0.19545115838373348,0.15740356040629733,0.4839108083027847,-0.2545468437960037,0.673801336186521,0.9096912684639928,0.4516724395302211,0.6891344709844329,106810301.24999996,0.028083290715238175,0.014330025256429032,0.016822355661638626,0.11555958074639112,0.32576369238541814,True
300058,蓝色光标,L72,商务服务业,L,3,2015股灾; 2018去杠杆; 2020疫情,,0.3960772427718417,0.5169204131465202,0.44194470815504494,,-0.8955427280776462,0.6627814439418226,0.027038887401303613,0.4516474546911356,-0.06857413224484,970503136.11,-0.040048666369532006,-0.043899891869620976,0.040033196657488244,-0.039159784544277064,0.6610444358307154,False
000732,泰禾集团,K70,房地产业,K,3,2008金融危机; 2015股灾; 2018去杠杆,0.31025924075972494,0.7693122271247596,0.2734662943959438,-0.846975430888502,10.631065845455456,0.7752388981705287,0.6760524232269657,-8.013357264520726,0.4510125874268094,4.027452388950984,13630788025.300001,-0.23979330667806878,0.03337324501004679,-0.22030325020767963,,,False
830964,润农节水,C29,橡胶和塑料制品业,C,3,2015股灾; 2018去杠杆; 2020疫情,,1.1233665402238242,0.06798042423208872,0.1042056724585204,,1.3417440232846671,-0.07573148571618604,0.08104831963674985,0.4318508789714777,0.44902028573507696,-32946349.820000004,-0.027260585871724866,-0.002643482656584003,-0.07155801823867562,0.00891303158191496,0.3674765185995235,False
000038,深大通,L72,商务服务业,L,3,2015股灾; 2018去杠杆; 2020疫情,-1.0,0.4326476475198055,0.701132107641928,0.16099310465536612,10.675331146634539,1.1466962447409592,-8.122799278272025,-0.35886460326276987,0.4315909532723666,-2.4449892122646117,-87851915.5166667,-0.209503065015079,-0.02050693693174256,0.04045556029324127,,,False
603601,再升科技,C30,非金属矿物制品业,C,3,2015股灾; 2018去杠杆; 2020疫情,,0.09463394606451948,0.6914907367466719,0.5047423610933703,,0.399699389782096,0.3521072454454798,1.3355777126687436,0.4302890146348539,0.6957947826321065,-2499770.8733333475,0.025515465395602493,-0.0048319478974557795,-0.035012201504879735,0.047099739607544655,0.2832831145119717,False
300073,当升科技,C38,电气机械及器材制造业,C,3,2015股灾; 2018去杠杆; 2020疫情,,0.3766808477542811,0.5203021844616348,0.393639582567009,,1.5189588535407472,0.2637647779743917,2.859176861422853,0.43020753826097496,1.547300164312664,156665654.98666668,0.04761437572858118,0.015107476546762304,0.008396311828828542,0.034553399764692176,0.20027112068585062,False
603588,高能环境,N77,生态保护和环境治理业,N,3,2015股灾; 2018去杠杆; 2020疫情,,0.31154789098448055,0.6320427295260506,0.34506648377023363,,-0.07761464209593062,0.6514007212329647,0.3159654651631391,0.4295523680935882,0.2965838481000577,247034013.43000004,0.0039922526503214885,-0.01288434974379731,0.016187872398345904,0.05482253014760486,0.6370815311207562,False
300063,天龙集团,L72,商务服务业,L,3,2015股灾; 2018去杠杆; 2020疫情,,0.8933932015119925,0.15875162346424335,0.23073221453954051,,11.060148086232582,-1.7504610614945177,0.6078017264205965,0.4276256798385922,3.3058295837195537,1746247.2866666615,-0.2164919078551644,-0.0035506768872933248,0.035667152307997586,0.04600680594407385,0.4731645694519951,False
000009,中国宝安,S90,综合,S,3,2008金融危机; 2015股灾; 2018去杠杆,0.48434551328368736,0.12846514562570716,0.6680470448398386,-0.11339085839484966,-0.18101184749394963,1.044019032592583,1.0574659350881876,0.5000054289663786,0.426952567916411,0.6401577067289405,795283902.82,0.020660444431448165,0.033825432771243134,0.008253754152024673,0.04753789516381346,0.5961712550688878,False
600031,三一重工,C35,专用设备制造业,C,3,2008金融危机; 2018去杠杆; 2020疫情,0.5030431926775517,-0.23045994725260277,0.45614653228777075,0.3129054409814955,-0.2263527602814447,-0.8172551364336246,1.830375580635674,0.379856518555741,0.4240317219822726,0.66129311296999,689946437.81,-0.0032016917176161627,-0.023094341047647644,0.02097468666054758,0.08345759659319243,0.5201842812185391,False
300224,正海磁材,C30,非金属矿物制品业,C,3,2015股灾; 2018去杠杆; 2020疫情,,0.7760196561976452,0.4088993329921587,0.08639246138370996,,0.4173728505458557,-1.924941004018781,0.5182034907542201,0.42377048352450464,-0.32978822090623505,162905369.49333334,-0.014761385330257676,0.0043571586098639465,0.05643955216351677,0.02251941298522017,0.5452922344548147,False
300206,理邦仪器,C35,专用设备制造业,C,3,2015股灾; 2018去杠杆; 2020疫情,,0.05233748949997096,0.17721517176445892,1.0405883157890767,,7.854462558291918,1.272983884884161,4.085234312508295,0.4233803256845022,4.404226918561458,187684374.25666666,0.12353538374018395,0.0013120268847337895,0.03004588122412831,0.08110474518482776,0.16240225543298512,False
002542,中化岩土,E48,土木工程建筑业,E,3,2015股灾; 2018去杠杆; 2020疫情,,0.6038020549882823,0.2761475976573291,0.38107232340493113,,0.7308879297223002,-0.073325863525182,-0.31522546958843506,0.42034065868351417,0.11411219886956105,-87162519.81,-0.007854702979808567,-0.005964622435859231,0.037869623010827934,-1.6839710357523632,0.8634782056143906,False
002217,合力泰,C39,计算机、通信和其他电子设备制造业,C,3,2008金融危机; 2015股灾; 2018去杠杆,0.5187397540503105,0.6221628452398641,0.11868528578110539,-0.07928386004556318,1.25659330925913,0.47516777256954973,0.08169068957749237,-4.035849512948096,0.41986262835709337,0.6044839238020573,-123628331.42666666,-0.05045246507538986,0.0456201682811485,-0.08399743181700196,0.8057299754975742,0.27515589313492567,True
002560,通达股份,C38,电气机械及器材制造业,C,3,2015股灾; 2018去杠杆; 2020疫情,,0.7123512640620662,0.46196373956105746,0.08089391411044786,,-0.07625851992210593,-2.5516835136534013,0.15233736527367106,0.41840297257785714,-0.8252015561006121,-40070336.12333334,-0.010974903513003773,-0.0008875043232993383,0.02511628133339693,0.01310462976762147,0.4851023124095646,False
000157,中联重科,C35,专用设备制造业,C,3,2008金融危机; 2018去杠杆; 2020疫情,0.5098558651309988,-0.19719972190127508,0.23304575877995293,0.5034139476254182,0.1973143754687692,-0.8548159190467848,0.5678348818785742,0.720477356057147,0.4154385238454566,0.49520887113483014,1089380738.3133335,0.003942438394709047,0.010218327910959177,0.09133668626043734,0.06699437083416131,0.516443369669893,False
600203,福日电子,C39,计算机、通信和其他电子设备制造业,C,3,2015股灾; 2018去杠杆; 2020疫情,-0.0688319097105872,0.7607967726853966,0.33964609721531996,0.14563912272319107,1.0566430447674884,0.8906946468950395,1.2596449041763547,-0.20739342797066262,0.41536066420796924,0.6476487077002439,-87533818.76,0.030427384728251433,0.005008950411288057,0.061472193817002786,-0.22921528454654047,0.7762423281677653,False
002213,大为股份,C36,汽车制造业,C,3,2008金融危机; 2018去杠杆; 2020疫情,0.12930961538627034,-0.2805384280820873,0.04803796554442096,1.0612089947563728,0.036458159988698086,-0.23077759344235246,-0.8691424495360078,4.806521400848765,0.412852191895688,1.3246123704338184,429003.0833333358,-0.037981855284510924,-0.06123574413887534,-0.08246139503193298,-0.08442775383771405,0.26955872098402184,False
830946,森萱医药,C27,医药制造业,C,3,2015股灾; 2018去杠杆; 2020疫情,,0.06746252628519742,1.0911842215210235,0.07543472713433755,,0.9600323743003685,5.966408217559369,0.34720661875381303,0.4113604916468528,2.424549070204517,49691770.29333333,0.026245417196238793,0.050367107067751216,-0.11066766064609636,0.09934092754258513,0.0659008490245588,False
000718,苏宁环球,K70,房地产业,K,3,2008金融危机; 2015股灾; 2020疫情,0.7887237646545769,0.35160748408700115,-0.43762048531490993,0.09254135477035833,1.5241765590308909,0.15703872041916406,-0.08457761706845868,-0.1618384770189833,0.4109575345039788,0.5064589341436906,1272113042.8,-0.027054729288731528,0.04338553950861764,-0.10275250991411544,0.01711473639178496,0.3264402563144833,False
000401,冀东水泥,C30,非金属矿物制品业,C,3,2008金融危机; 2018去杠杆; 2020疫情,0.18348284034527873,-0.2908754873867949,1.0176034699293453,0.028185541418998226,0.23988421086124112,-6.749530570053462,18.519170142020613,0.05689484692681937,0.4097572838978741,6.271983066602892,1454261621.0133336,0.009097811566813108,0.0016306988983208481,-0.11556447868452245,-0.03882071540724525,0.5067159496395001,False
300136,信维通信,C39,计算机、通信和其他电子设备制造业,C,3,2015股灾; 2018去杠杆; 2020疫情,,0.6094361205351284,0.3703719488141255,0.24534206729549748,,2.509016504016369,0.1114766460190975,-0.05177541600200184,0.4083833788815838,0.8562392446778215,297496127.3966667,-0.009459861078974799,-0.00756104815302322,-0.0005756397660882651,0.08925537207298999,0.45121996125057723,False
600687,刚泰控股,C41,其他制造业,C,3,2008金融危机; 2015股灾; 2018去杠杆,0.016481062239279635,0.8653705003761643,0.3432828828725331,,-0.5918701012957589,0.3837048852716536,-3.088225912528354,,0.4083781484959923,-1.0987970428508198,830689532.34,-0.1464473309393096,-0.021113196160263345,-0.06776278032028277,,,False
002071,长城影视,R86,广播、电视、电影和影视录音制作业,R,3,2008金融危机; 2015股灾; 2018去杠杆,0.10470616606110388,0.9565059653913264,0.16170425933117374,-0.6729595977415822,-2.393235309670477,0.40604097273779033,-2.6935165982293787,0.716746508372187,0.40763879692786803,-1.560236978387355,146598868.22,-0.3278701823048854,-0.06835458832081655,0.14010739040652048,,,False
000652,泰达股份,F51,批发业,F,3,2008金融危机; 2015股灾; 2018去杠杆,0.7123021955037512,0.4984479733902859,0.010939442830931808,-0.06557017094566303,-0.3387874464824689,-0.47381391491602787,-0.17641181442740833,-0.7502127348819464,0.40722987057498966,-0.32967105860863505,201774502.4,-0.05996614119596616,-0.049088302050294054,0.017302144605873242,-0.031695582932666624,0.858473667449536,False
002110,三钢闽光,C31,黑色金属冶炼及压延加工业,C,3,2008金融危机; 2018去杠杆; 2020疫情,0.5390579137305261,-0.3040881276136104,0.6138624206967785,0.06866476290641275,-0.9302318998655701,-30.062841772311597,0.6335012143809183,-0.30404867789708157,0.4071950324445725,-0.2002597877939111,2509576552.86,-0.08379832109858998,-0.024375371402953056,0.08426536224600233,-0.06549700105781837,0.624898650486086,False
002066,瑞泰科技,C30,非金属矿物制品业,C,3,2008金融危机; 2018去杠杆; 2020疫情,0.39476566458787427,-0.11679488134959672,0.7395971651771316,0.0810054566759324,0.6472132008801355,-2.161930051458908,0.6446531906720511,0.12243393526288412,0.40512276214697945,0.4714334422716902,96007118.54666667,0.01530866569293002,-0.011933490781359626,-0.000782800646748294,0.08058645662580453,0.7069082952066967,False
300435,中泰股份,D45,燃气生产和供应业,D,3,2015股灾; 2018去杠杆; 2020疫情,,0.06861275756856249,0.22478777642081174,0.911865435099011,,0.155639646750517,0.07148699763551021,1.4967954739420586,0.4017553230294617,0.5746407061093619,56985292.76333334,-0.02549464096509806,-0.017655916264461936,-0.06238917816545383,-0.027008813686790718,0.32988867499657865,False
300042,朗科科技,C39,计算机、通信和其他电子设备制造业,C,3,2015股灾; 2018去杠杆; 2020疫情,,0.9151919519514448,0.04099932036192415,0.24854472577890513,,0.21021781147528196,0.14784302376743366,-0.0166987256929156,0.40157866603075804,0.11378736984993333,69270547.35333334,0.0017524168054745663,-0.020377661483941156,0.01057301541479002,-0.10675150957711062,0.14462307969331006,False
000042,中洲控股,K70,房地产业,K,3,2008金融危机; 2015股灾; 2020疫情,0.052096331095951416,0.6644089433179794,-0.08228589591548333,0.4829853913897426,-0.9666492649030718,0.30833496058022714,-0.3185231325648796,-0.7625087074285383,0.3998302219345578,-0.4736076705837943,918519812.8966666,-0.0629132270010588,-0.03862517581455638,0.0032918185475262485,-0.8160146823980388,0.8997556933307029,False
002054,德美化工,C26,化学原料及化学制品制造业,C,3,2008金融危机; 2015股灾; 2020疫情,0.22700034327236854,0.9296195862839057,-0.3237884321849365,0.03485549936724588,0.25770439394780625,1.8706815842351827,0.5611543812417203,-0.1948896541359092,0.39715847630784,0.6444987746823599,-32370530.42,0.029985906983196958,-0.04034586466593376,-0.011275992820050892,-0.016176143022674092,0.5744422725573541,False
600641,万业企业,K70,房地产业,K,3,2008金融危机; 2015股灾; 2018去杠杆,0.5779925281138035,0.33503729223413237,0.27812924678186135,-0.5015647763891995,-0.2308228780019144,-0.45433997655568237,-0.42755812746880845,-0.4859650048940049,0.39705302237659906,-0.3709069940088017,233517981.35999998,-0.07043791831908947,-0.06168452007104188,-0.06213379793154764,-0.0007535328254031226,0.12933311898807281,False
002022,科华生物,C27,医药制造业,C,3,2008金融危机; 2018去杠杆; 2020疫情,0.22054902205259946,-0.05099196778016101,0.24847457339449122,0.7210512567100085,0.3895526615893197,-0.30076695696980343,0.11469682617718305,3.177857166765176,0.39669161738569975,1.2273688848438928,379711330.08333325,0.06643205012582172,0.04659381193286283,0.022313578960125414,-0.1834699938889038,0.23944168628190549,False
300231,银信科技,I65,软件和信息技术服务业,I,3,2015股灾; 2018去杠杆; 2020疫情,,0.37153657520349814,0.30662887820327783,0.5024444374963423,,0.44308520113057726,-0.08528094553484489,0.20293629210178318,0.3935366303010394,0.18691351589917185,53450492.86666667,-0.01849516720820228,-0.01719188775004386,-0.05926440179639697,-0.07231853337554847,0.41308630611158376,False
000566,海南海药,C27,医药制造业,C,3,2008金融危机; 2015股灾; 2018去杠杆,0.599591129014063,0.22379610238602138,0.35474977621681425,-0.10018255438563549,2.567325863461512,0.1587214610902233,0.2598538475880979,-2.3627816772442074,0.39271233587229953,0.9953003907132777,-293139137.71666664,0.06163534653502037,0.0196631211918669,-0.011819656310824175,-2.7020035274911014,0.9034310598568509,False
300348,长亮科技,I65,软件和信息技术服务业,I,3,2015股灾; 2018去杠杆; 2020疫情,,0.7503544988027682,0.23628035432159417,0.18283124667120523,,-0.020130747351108192,-0.3367319867960835,0.7054955731726592,0.38982203326518916,0.1162109463418225,17704705.76,0.00657551270496793,-0.02983857788439792,0.03961125442530433,0.008779244741670862,0.2661568130624054,False
300292,吴通控股,I65,软件和信息技术服务业,I,3,2015股灾; 2018去杠杆; 2020疫情,,0.9140580588678083,0.18692628673660303,0.06347035321535514,,2.0051722536744894,-6.074795189600671,-10.271733341863534,0.38815156627325553,-4.780452092596572,14004806.776666664,-0.4697300895827375,-0.01026311088570861,0.07848787618504864,0.07149215482010078,0.44521120142269943,False
002230,科大讯飞,I65,软件和信息技术服务业,I,3,2015股灾; 2018去杠杆; 2020疫情,,0.4087337647864979,0.4541185258663144,0.2922968423407409,,0.12380796132164963,0.2896435984681897,0.5288189480820881,0.38504971099785107,0.31409016929064243,540074290.08,0.004378101051994011,-0.029988664693987404,0.03272723787815643,0.0270925503461588,0.5488098083817501,False
300246,宝莱特,C35,专用设备制造业,C,3,2015股灾; 2018去杠杆; 2020疫情,,0.3166577180058296,0.1432416019290798,0.6901686786250353,,-0.16801030908756626,0.10637490783069772,3.822277787328128,0.38335599951998156,1.2535474620237532,123114451.04333334,0.06525991796729688,0.004506532421128806,0.0040873144634340774,-0.054251463966857434,0.4833146715915618,False
000906,浙商中拓,F51,批发业,F,3,2008金融危机; 2018去杠杆; 2020疫情,0.35289662857309506,-0.04833916639636437,0.30753193697830516,0.48340215886493054,1.1684568300237492,-0.01491523903615082,0.7182791856701632,0.0762988514462055,0.38127690813877696,0.6543449557133726,816365469.3866667,0.10266779864085868,0.0029760212037023247,-0.008764381007583736,0.06611722572838384,0.7329039586873539,False
300274,阳光电源,C38,电气机械及器材制造业,C,3,2015股灾; 2018去杠杆; 2020疫情,,0.4921221533474742,0.1668761992559821,0.4831307597079995,,0.5041691495495176,-0.19424735373440197,1.1672608469640922,0.3807097041038186,0.49239421425973595,-134410497.4599999,0.02289738565836547,-0.015528695107269045,0.024451118842441444,0.2802133849681221,0.6506697603120933,False
000537,广宇发展,K70,房地产业,K,3,2008金融危机; 2015股灾; 2018去杠杆,0.766061506909763,0.12504582598809325,0.2501901597059127,-0.14078524481103136,-0.5780712473446091,-0.4374899531081926,0.09266415247672367,-0.2961425410546474,0.3804324975345897,-0.3076323493253594,-1619739038.956667,-0.04833943341394234,0.03692696133552014,0.052012197437211805,0.047749328408828146,0.7226574364243377,False
920799,艾融软件,I65,软件和信息技术服务业,I,3,2015股灾; 2018去杠杆; 2020疫情,,0.6232061490144203,0.2055499297131771,0.3096909122684841,,0.2224335988581616,0.40385840563385955,0.12989029768025906,0.37948233033202716,0.25206076739076005,8209552.129999999,-0.05415314886394601,0.009855169621914961,-0.1275510701937865,0.1623620709928341,0.644016949825701,False
300207,欣旺达,C38,电气机械及器材制造业,C,3,2015股灾; 2018去杠杆; 2020疫情,,0.5123332558321542,0.4480934135970866,0.1763682228452203,,0.9360762778165639,0.250181123666569,0.0668483841791206,0.37893163075815367,0.41770192855408456,217755626.42666665,-0.0010835914647463983,0.004675993999323835,-0.014918904324614698,0.016293515932093397,0.6343809616446673,False
600326,西藏天路,C30,非金属矿物制品业,C,3,2015股灾; 2018去杠杆; 2020疫情,-0.08976163436337288,0.4740279912888292,0.3983433688986371,0.2580643569472729,-0.8444082563676157,0.8084053342263637,0.48170071389069186,0.0015737291622024488,0.37681190571157974,0.4305599257597527,25974202.093333382,0.005856849119587675,-0.0005513913573390224,-0.06296310396769896,-0.023838760835673677,0.550315390410969,False
600639,浦东金桥,K70,房地产业,K,3,2008金融危机; 2018去杠杆; 2020疫情,0.4061793618013732,-0.2165896315079503,0.6497884208824221,0.07184206223870836,0.21819355137174104,-0.0897784432131122,0.3257892290447232,0.018513752166211497,0.37593661497416786,0.18749884419422524,1529376048.7866669,0.01103212696754321,-0.08195602459098002,0.021463763467040892,0.05204883593232287,0.6136391187165359,False
900911,金桥B股,K70,房地产业,K,3,2008金融危机; 2018去杠杆; 2020疫情,0.4061793618013732,-0.2165896315079503,0.6497884208824221,0.07184206223870836,0.21819355137174104,-0.0897784432131122,0.3257892290447232,0.018513752166211497,0.37593661497416786,0.18749884419422524,1529376048.7866669,0.01103212696754321,-0.08195602459098002,0.021463763467040892,0.05204883593232287,0.6136391187165359,False
002399,海普瑞,C27,医药制造业,C,3,2015股灾; 2018去杠杆; 2020疫情,,0.17022068384922054,0.8032187002015598,0.1529674041615302,,0.6940792564005788,3.8078070910744968,-0.021007705604657843,0.37546892940410354,1.493626213956806,429774286.5933333,0.01631698208943354,0.08656760437720973,0.04124195979563764,0.05121388802029291,0.29644514134235195,False
002190,成飞集成,C35,专用设备制造业,C,3,2008金融危机; 2015股灾; 2018去杠杆,0.24741398790772004,0.7740746343927133,0.10445618811272134,-0.41258482314135636,0.1811205635756211,2.619521438177055,-1.5144482963218946,-0.81877853291198,0.3753149368043849,0.42873123514359385,93519267.81333333,-0.010525008752171392,-0.03647217539771545,-0.024975483680465493,-0.003612672714401996,0.39823927348319044,False
601005,重庆钢铁,C31,黑色金属冶炼及压延加工业,C,3,2008金融危机; 2018去杠杆; 2020疫情,0.36978126464480976,-0.3180903935359386,0.7102992103855603,0.04311931923867677,0.3317885158176848,-116.93412466355556,4.590957699619772,-0.31029152349028816,0.3743999314230156,1.5374848973157231,859665666.6666666,0.027171428893972078,0.04095646109642546,0.07440186808351057,-0.19242677983135653,0.5319337691851493,False
600585,海螺水泥,C30,非金属矿物制品业,C,3,2008金融危机; 2018去杠杆; 2020疫情,0.290378231381529,-0.16100569909381798,0.7049691677779859,0.12234804777000156,-0.009056541794378028,-0.34171403465843525,0.8647824388539103,0.05874977148925908,0.37256514897650556,0.3048252228495971,5117505094.0,-0.022921211183497176,-0.02905231167870842,-0.09618524157552888,0.03824382772933236,0.21308050829486924,False
600213,亚星客车,C36,汽车制造业,C,3,2008金融危机; 2015股灾; 2018去杠杆,0.7191933431601855,0.36811893798754075,0.029687757670573543,-0.316812486521283,-0.48008292520859036,1.1090858940762598,-0.7014295239277495,-12.07625522741539,0.37233334627276654,-0.024142185020026668,-23544085.823333327,0.3836231062632713,0.023511963810872477,-2.6035631438918e-05,,,False
300190,维尔利,N77,生态保护和环境治理业,N,3,2015股灾; 2018去杠杆; 2020疫情,,0.476982759541477,0.4564072161951281,0.1728842469091036,,0.28729248704469396,0.7133282905725692,0.13253246116455747,0.36875807421523626,0.3777177462606069,119911517.72999997,0.014360433024366404,-0.0030094289546924355,0.10565366604604672,-0.2591742250377112,0.6219660037685476,False
600748,上实发展,K70,房地产业,K,3,2008金融危机; 2015股灾; 2018去杠杆,0.24104408386300735,0.740467359694885,0.11808900874353523,-0.18345043006774284,0.7613536779607186,-0.3418906571628198,0.48340135995036915,-0.42114039406930637,0.36653348410047587,0.30095479358275595,-263621266.16666666,-0.0022718523058268595,0.026048082211052665,0.09536903989229688,-0.024675512926029722,0.5746765272417732,False
600354,敦煌种业,A01,农业,A,3,2008金融危机; 2015股灾; 2018去杠杆,0.4749324394241517,0.03835315545313047,0.5818282318048228,-0.1938831676795883,4.993587171464814,1.2054665561604743,-2.1069714297703293,1.1175842279410197,0.36503794222736835,1.3640274326183197,91345154.72666664,0.04193006312073696,0.008603305797944785,-0.01582156074979631,0.1409566991426818,0.5837300317413409,True
600079,人福医药,C27,医药制造业,C,3,2008金融危机; 2015股灾; 2018去杠杆,0.4443599736212205,0.4257669787793975,0.22412576546462654,-0.06667343731030492,0.12154591034732509,0.34211193849140736,-1.8583214281365148,0.2486124656666088,0.36475090595508153,-0.46488785976592745,80577329.14,-0.09695733637465127,-0.004717156916705527,0.010350788446294798,0.08593910313599251,0.43319613913681243,False
000826,启迪桑德,N77,生态保护和环境治理业,N,3,2008金融危机; 2015股灾; 2018去杠杆,0.49366242158670076,0.37813400418421067,0.2213413698902867,-0.1348445906557326,0.34203649130709485,0.0417894034584483,-0.47465594865874,-4.726972411378442,0.3643792652203994,-0.030276684631065625,-113356034.71333332,-0.036129002210733126,-0.03778029964581675,0.040533212923365015,-0.6295769874146567,0.7637016017563178,False
600173,卧龙地产,K70,房地产业,K,3,2008金融危机; 2018去杠杆; 2020疫情,0.08781560974176089,-0.2127425818641002,0.8161814535889953,0.1876968505303638,-0.018484391642486334,-0.7618142780102128,0.8957081522274452,-0.051371712377152504,0.36389797128704,0.2752840160692687,-1074747184.1499999,0.0075683145885601195,0.02969909557426159,-0.056952745553879934,0.011722627117904472,0.35817756616539626,False
600547,山东黄金,B09,有色金属矿采选业,B,3,2008金融危机; 2018去杠杆; 2020疫情,1.0014009540005018,-0.1576914262400158,0.07340278791031424,0.016498791448581764,1.7978067592825648,-0.2949674279027763,-0.2147790914761261,0.7878215373643208,0.36376751111979927,0.7902830683902532,596681821.9133334,0.010996527633135368,0.014587797597303156,-0.06680843600039786,0.07579191386429039,0.6354410621023726,False
300003,乐普医疗,C35,专用设备制造业,C,3,2015股灾; 2018去杠杆; 2020疫情,,0.6592689346846509,0.4007944815727265,0.031189434684968,,0.3178747855710691,0.2628552214936908,0.08892422764431822,0.36375095031411514,0.22321807823635934,258321476.57333335,-0.004614909610886564,-0.026476406996568207,0.06827194347887439,0.011785467435765747,0.3187495196283043,False
600540,新赛股份,A01,农业,A,3,2008金融危机; 2015股灾; 2018去杠杆,0.8451802213736812,0.0808108036678746,0.16407362765493433,-0.18919233937927463,-0.22047277881691751,-13.60022128193672,0.30144468496717586,-0.5719246776045793,0.3633548842321634,-4.506416458595488,-20432494.27,-0.0358527412142375,-0.028740416661975198,-0.05464711320934997,-0.5200377754965545,0.8928990797819564,False
002192,*ST 融捷,C39,计算机、通信和其他电子设备制造业,C,3,2008金融危机; 2018去杠杆; 2020疫情,0.2685231001655956,-0.5113171594520803,0.3718793943896592,0.44528873404883296,-0.4877429364807545,1.204928971620103,-1.0968223379708595,1.0617060250077328,0.36189707620136263,-0.17428641648129375,8906793.906666666,0.16283676156786697,-0.041851030936856944,0.04190923543965492,0.0587651354111905,0.2090191116249303,False
601222,林洋能源,C40,仪器仪表制造业,C,3,2015股灾; 2018去杠杆; 2020疫情,,0.23492103020287042,0.11943079341864571,0.7262859757934983,,0.28035857730109753,0.07094880422296768,0.42374125121104755,0.3602125998050048,0.2583495442450376,236559988.15,-0.002726702141413989,-0.039879652204573145,-0.0023749248224483877,0.04893688435744603,0.36253412987744615,False
002523,天桥起重,C34,通用设备制造业,C,3,2015股灾; 2018去杠杆; 2020疫情,,0.8262185217044823,0.1285163140374737,0.1256970166722064,,5.310683537660145,-0.09828971201568641,-0.24573441984015298,0.3601439508047208,1.6555531352681019,-125081961.09666665,0.005997443041982766,0.006375353145173355,0.07245692605384703,0.010661061313181137,0.4709469733484746,False
300285,国瓷材料,C26,化学原料及化学制品制造业,C,3,2015股灾; 2018去杠杆; 2020疫情,,0.4209284016201875,0.47646857892472727,0.18075412444521233,,0.35795973145750615,1.152912725105664,0.14291109430113635,0.3593837016633757,0.5512611836214355,188096682.17666665,0.01262150536259496,0.014271645619326367,-0.031480579489453285,0.09268651663855097,0.20962217419114024,False
002099,海翔药业,C27,医药制造业,C,3,2008金融危机; 2015股灾; 2018去杠杆,0.02716235876220517,0.8682653065778252,0.17743630837437183,-0.1597960507195531,-0.189227821726562,10.408954478465114,0.7671740358827225,-0.5852278390779485,0.3576213245714674,3.662300230873759,312947174.83,0.054112891018849495,0.05340976135800784,-0.009436587085964463,-0.0650620593157743,0.3117220807498081,False
300398,飞凯材料,C26,化学原料及化学制品制造业,C,3,2015股灾; 2018去杠杆; 2020疫情,,0.07369251060224996,0.7622829479102607,0.23174578800310394,,0.16798635494123676,2.282497401768179,-0.08791727311139665,0.3559070821718715,0.7875221611993397,18907561.30666667,0.021239958226902708,0.006933475320319423,0.020993315341026997,0.06557680584530477,0.36911847131716014,False
300364,中文在线,R85,新闻和出版业,R,3,2015股灾; 2018去杠杆; 2020疫情,,0.44675979837521107,0.23537272828466568,0.38351722257620574,,-0.3629972967504139,-19.558233321240884,1.0971495150323995,0.3552165830786942,-6.2746937009863,-55395408.643333316,-0.11839382457785796,0.03131335535919699,0.07449647995490262,-0.24118554410909365,0.3845180817194317,False
002029,七匹狼,C18,纺织服装、服饰业,C,3,2008金融危机; 2015股灾; 2018去杠杆,0.8856010874814705,0.03991341152542478,0.14008194203387286,-0.08082354504815455,0.623206401782268,-0.048601386422946605,0.062050975525760055,-0.3343468019866862,0.355198813680256,0.2122186636283605,-168387569.2966667,0.011126349657566257,-0.0047590664728978105,0.007343531201730998,0.04839440358389489,0.37997285078445125,False
002218,拓日新能,C38,电气机械及器材制造业,C,3,2008金融危机; 2015股灾; 2020疫情,0.4393407583531776,0.3338219043537465,-0.26016714517779793,0.2909611477811317,0.053500161058301354,7.287539428776371,-0.5033229611522477,1.3432821832972934,0.3547079368293519,2.894773924377322,-23688286.629999984,-0.0677560035086487,-0.023884672301261584,-0.06504386543315138,0.0025772569886144286,0.38505885569985593,False
000789,万年青,C30,非金属矿物制品业,C,3,2008金融危机; 2018去杠杆; 2020疫情,0.5218791510995346,-0.16456236398003257,0.4389329393905245,0.09995988069504909,1.8780732566917007,-0.6085484608818145,1.1825959128373922,0.06922601446733365,0.35359065706170273,1.0432983946654755,327367634.01666653,0.03701417825419603,0.014399664771958873,0.0017198077129695528,0.0018721605698085926,0.37954172742681574,False
920445,龙竹科技,C21,家具制造业,C,3,2015股灾; 2018去杠杆; 2020疫情,,0.4043761881091491,0.5037210035626892,0.14447483062419642,,1.5212591991266904,0.9820661476374055,0.2121277620272871,0.35085734076534497,0.9051510362637943,13196052.75,0.025227382667712763,0.03681751834759072,-0.060005510193446965,0.047871597263417665,0.3383555870898192,False
002221,东华能源,F51,批发业,F,3,2008金融危机; 2015股灾; 2018去杠杆,0.26167957169278555,0.29154659720082265,0.4977182760898214,-0.37035623079151736,-0.2146557321155375,1.9444350878532441,-0.0029619133993216097,0.09533712972549921,0.35031481499447653,0.575605814112795,349556644.82666665,-0.02125304064940262,-0.004893114977825169,-0.020398868486762162,0.03637673008966696,0.6932034919407825,False
002531,天顺风能,C38,电气机械及器材制造业,C,3,2015股灾; 2018去杠杆; 2020疫情,,0.532185290289902,0.16793360810188038,0.34935534952690117,,0.7352677673756088,0.007884063580664959,0.4454971453820004,0.34982474930622787,0.39621632544609137,104182097.04999995,0.023485770032596456,0.004272909428850512,0.08141517310824233,0.020321177424210586,0.6007066693224941,False
300244,迪安诊断,Q83,卫生,Q,3,2015股灾; 2018去杠杆; 2020疫情,,0.39179139341867314,0.39222311816836286,0.2597777048632477,,0.3983717563339012,0.2679854843690024,0.8589185021083885,0.34793073881676123,0.5084252476037641,470701736.30999994,0.0065932397009883514,0.012742947076532063,0.04022124734319177,-0.019303004104764022,0.4446219051245006,False
002152,广电运通,C34,通用设备制造业,C,3,2008金融危机; 2015股灾; 2018去杠杆,0.5366691029322768,0.2604868431210789,0.24532584888840928,-0.013161418438972046,0.4317445534518663,0.12252802307043745,-0.1867164165292251,-0.03887715802842791,0.34749393164725495,0.12251871999769288,36046657.72666664,0.0018723671008068071,-0.016081493903422655,0.020604351532278298,0.07560846780509077,0.45536248773740595,False
300347,泰格医药,Q83,卫生,Q,3,2015股灾; 2018去杠杆; 2020疫情,,0.5322709454200484,0.363730931762548,0.13875358626092624,,0.27490839629730346,0.525701709723145,1.0803385868810806,0.3449184878145075,0.6269828976338431,273486738.21999997,0.00018571482513538018,-0.006925309681176402,-0.030465973779297356,0.01860963968917122,0.16066876160812504,False
300249,依米康,I65,软件和信息技术服务业,I,3,2015股灾; 2018去杠杆; 2020疫情,,0.7932576476218987,0.099450465286302,0.14109861978214908,,-0.016990563393654862,-0.5757030690057325,-77.78935324259147,0.3446022442301166,-26.127348958330288,8714889.51,-0.11260526371081236,-0.05923612327083252,0.04834017551528073,-0.2654075770392046,0.8037339026455125,False
600755,厦门国贸,F51,批发业,F,3,2015股灾; 2018去杠杆; 2020疫情,-0.03745395590609497,0.1615540905747161,0.25476406534048573,0.6101530788732622,-0.22405078099813194,0.10611801326903325,0.13462348596853257,0.18308035987695948,0.3421570782628214,0.1412739530381751,7170720366.333333,0.0029126678769101264,-0.006390270530070845,0.011921466287209396,0.005419623136336658,0.6164600386793178,False
000528,柳工,C35,专用设备制造业,C,3,2008金融危机; 2018去杠杆; 2020疫情,0.22071631570002434,-0.3533903613414048,0.6055127966983693,0.19946786606019082,-0.39698782459734555,-0.8924968079428657,1.6096710848871394,0.2530070410442636,0.3418989928195282,0.48856343377801914,-349953515.0566666,-0.016821452983393295,-0.02123075016569262,0.05822417826811795,0.07254993157503943,0.6009886649948024,False
300124,汇川技术,C38,电气机械及器材制造业,C,3,2015股灾; 2018去杠杆; 2020疫情,,0.23543720283250857,0.22964081584649593,0.5576101641903499,,0.20853807029183136,0.1075314263682558,1.1597955326471214,0.3408960609564515,0.49195500976906953,121120113.1633334,0.028168359570624375,-0.012528602760970417,0.02296504325562194,0.1528853298867698,0.5028031586116546,True
300199,翰宇药业,C27,医药制造业,C,3,2015股灾; 2018去杠杆; 2020疫情,,0.8316934199672809,0.014612834189075202,0.175079005435124,,0.7797799615579327,-2.0335373042677247,0.31136592880965747,0.34046175319716004,-0.3141304713000448,-79324726.87333333,-0.0562815219101156,0.0011980172765686896,0.06972490490168429,-0.30163807057626235,0.8015286805406866,False
600811,东方集团,C13,农副食品加工业,C,3,2015股灾; 2018去杠杆; 2020疫情,-0.4446921714364377,0.0797143291111187,0.820895526225722,0.11692391713176313,1.9275579411878843,-0.5121733619110487,-0.13258440820398706,-0.538079991347092,0.33917792415620124,-0.3942792538207092,-553556035.6200001,-0.022354393470173383,-0.0013311448621698928,0.011344792544866367,,,False
300416,苏试试验,C40,仪器仪表制造业,C,3,2015股灾; 2018去杠杆; 2020疫情,,0.23211710798117136,0.28106599714375186,0.5034273050971373,,0.275987067611503,0.23618987326539348,0.39701271868836396,0.33887013674068683,0.30306321985508683,50231801.48333335,-0.012736031967911713,-0.016460008285763383,-0.061152949889297266,0.08729462578570889,0.3820787184574456,False
002059,云南旅游,N78,公共设施管理业,N,3,2008金融危机; 2015股灾; 2018去杠杆,0.10437929655649249,0.5151707067145249,0.3940175362416549,-0.37044835682388827,-0.07993332935843295,0.4069120512211527,3.644495343814791,0.9968327695572858,0.3378558465042241,1.3238246885591702,-47975498.053333335,0.06318277640363716,-0.05027739123626004,-0.055316486705489255,-0.06462111124915834,0.5452199669182715,False
002208,合肥城建,K70,房地产业,K,3,2008金融危机; 2015股灾; 2020疫情,0.018050257448040525,0.06861135933676736,-0.2836021184822888,0.9107198301286686,0.10052051938587582,-0.48986682673204546,0.7680240631498583,0.7362472868392982,0.33246048230449216,0.11563365983104285,147736948.7033333,-0.08869621548500523,-0.059366607035545214,-0.12889154179033716,0.009809818084048304,0.7481537952010248,False
600161,天坛生物,C27,医药制造业,C,3,2008金融危机; 2018去杠杆; 2020疫情,0.2868885945729346,-0.11418522173081773,0.6604968703118237,0.04989101493166387,0.307764707221156,-0.48892996407627265,-0.4094090461217121,0.05459614556321685,0.3324254932721407,-0.015682731112446408,214003390.99,-0.06206233409591594,-0.021572114296619815,0.0203011621444766,0.14534064917868125,0.08420692309572664,True
000546,金圆股份,N77,生态保护和环境治理业,N,3,2015股灾; 2018去杠杆; 2020疫情,-0.9570406328493305,0.35804697000343916,0.5717424264838096,0.06122609969464043,-2.1041885872575437,0.18477022025198883,0.10769583928582252,-0.16547483506778607,0.3303384987272964,0.042330408156675096,93970395.04333337,-0.008018243041350792,0.0035807598066365984,-0.021514094954259693,-0.004939544497124601,0.18123765729206792,False
000887,中鼎股份,C29,橡胶和塑料制品业,C,3,2008金融危机; 2015股灾; 2018去杠杆,0.640335988985798,0.2981810154147804,0.050750564509473774,-0.013478467598601274,0.4979741603558883,0.2761234987057495,-0.013577208426032357,-0.16105172596760828,0.32975585630335075,0.25350681687853516,109493902.38333333,0.020957960198072268,0.0044042306984540995,0.08989177766695704,0.09577941461546796,0.4598082254433993,False
600260,凯乐科技,C39,计算机、通信和其他电子设备制造业,C,3,2008金融危机; 2015股灾; 2018去杠杆,0.013263384334537857,0.8530941870539795,0.12018469066047138,-0.4640862037502866,-0.2709148106029308,1.3381412223477303,0.13531180474212656,-0.49218293001396407,0.32884742068299627,0.4008460721623086,743201682.7533334,0.0001180201966547711,-0.0035959857552973346,0.008225365628033443,,,False
600980,北矿科技,C39,计算机、通信和其他电子设备制造业,C,3,2015股灾; 2018去杠杆; 2020疫情,-0.1602829609448099,0.8068130996850615,0.08305335884751724,0.09528078977249267,1.0838338674510524,2.332219095597246,-0.21800113028488624,0.046296536013865006,0.3283824161016905,0.7201715004420749,-73416613.24333332,0.061504224771248305,0.029309999107864665,0.024484072238143695,0.07357296712556202,0.46712746480679135,False
300007,汉威科技,C40,仪器仪表制造业,C,3,2015股灾; 2018去杠杆; 2020疫情,,0.8700371944376614,0.047190476185503386,0.06688086226046794,,0.6987638116076156,-0.27597654448853126,4.928962167271226,0.32803617762787757,1.7839164781301033,252085498.44333336,0.048987107795652414,-0.022991705459219153,0.062067635307347456,0.01694864868492086,0.47805492438438946,False
300222,科大智能,C38,电气机械及器材制造业,C,3,2015股灾; 2018去杠杆; 2020疫情,,0.3955637191689199,0.404237505701449,0.18377661453662586,,0.8517093305339188,0.15680558626503113,0.903770379833889,0.3278592798023316,0.6374284322109464,-47598089.08333334,0.4046353430166669,0.019660949098135955,0.06880864519333063,0.0360287123118505,0.6503753025370532,False
002605,姚记科技,I64,互联网和相关服务,I,3,2015股灾; 2018去杠杆; 2020疫情,,0.08033998109557809,0.4241861156752374,0.4752399889745904,,-0.27004465443078435,1.390922351486508,1.5606184825868625,0.3265886952484686,0.8938320598808621,39412220.39999998,0.08835849885586922,0.044428675687530804,0.015493539278559093,0.15891174045972933,0.3001127313619165,True
603606,东方电缆,C38,电气机械及器材制造业,C,3,2015股灾; 2018去杠杆; 2020疫情,,0.14330650527027955,0.46666759974709354,0.36903691893242335,,-0.22504850584216585,2.4154619388255107,0.9624523261969359,0.3263370079832655,1.0509552530600936,373841469.1733334,0.03921019539755142,0.024319899790627975,0.02075423989782547,0.14692528064825308,0.43637906464233245,True
600383,金地集团,K70,房地产业,K,3,2008金融危机; 2018去杠杆; 2020疫情,0.30377995719923995,-0.2827373983085135,0.34767853799410237,0.3261117274711224,-0.17274167730730847,-0.024309560976509617,0.27722707250213025,-0.014509296421923138,0.3258567408881549,0.029992032924299545,3111427947.4666667,-0.015251797732574448,0.0002779182462575765,0.03956407753725762,-0.07557165620938958,0.6479369734040037,False
600654,ST 中安,I65,软件和信息技术服务业,I,3,2015股灾; 2018去杠杆; 2020疫情,-0.09553705156914145,0.7100784748700574,0.2213841364882315,0.041579268516871916,1.049678286062063,0.4667028452687388,-1.694678785332073,-3.7272193143307923,0.32434729329172024,-1.651731751464709,-273054893.75333333,-3.682469519408412,-0.08471709531974543,0.1346727553578193,0.012102292244597421,0.5615489513289527,False
300339,润和软件,I65,软件和信息技术服务业,I,3,2015股灾; 2018去杠杆; 2020疫情,,0.5391851099981724,0.2641105776711249,0.1693491483518048,,0.6882251770572173,0.23829771085943274,1.0932755322880676,0.3242149453403674,0.6732661400682393,74250328.28000002,0.22696986025704094,-0.006010300114770144,-0.02845117318796131,0.047267268181359484,0.34796822625464763,False
002726,龙大肉食,C13,农副食品加工业,C,3,2015股灾; 2018去杠杆; 2020疫情,,0.20413742151532835,0.3356094134483756,0.432714300847329,,0.12295357389757171,0.03661169402056212,2.2765657559825745,0.324153711937011,0.8120436746335694,904927122.5399998,0.048192827974613626,-0.0014833081603853326,0.06705338014768066,0.004139971334736627,0.7174443614115043,False
600312,平高电气,C38,电气机械及器材制造业,C,3,2008金融危机; 2015股灾; 2018去杠杆,0.4978946857448561,0.265917456342205,0.20720945097102744,-0.12352188499414928,0.1889632768329844,0.2163415242676971,-0.600492905564489,-0.4042742305810948,0.3236738643526962,-0.06506270148793585,717191191.9099998,-0.006244023404606595,-0.010550399080221826,0.06255419693610527,0.10204032783832617,0.495678375512273,True
300390,天华超净,C39,计算机、通信和其他电子设备制造业,C,3,2015股灾; 2018去杠杆; 2020疫情,,0.17942900535248135,0.0570764536926421,0.7320986358664187,,0.16469103491918297,0.5420177239219554,3.480638710391244,0.3228680316371807,1.3957824897441273,83396625.78333335,0.02518818876649281,0.046810313336691854,0.06365412918681161,0.07301986783240633,0.2013074367784962,False
000876,新希望,C13,农副食品加工业,C,3,2008金融危机; 2018去杠杆; 2020疫情,0.5157357374666837,-0.12130142329390436,0.10383097194968721,0.33850703583006053,-0.24370918462305602,0.13248963261357444,-0.07175703534207122,-0.0538590175604299,0.3193579150821438,-0.12310841250851905,662944864.82,-0.03875388953749769,-0.004544978704082668,0.02930224161985001,0.005517038245119729,0.6900661086119738,False
430476,海能技术,C40,仪器仪表制造业,C,3,2015股灾; 2018去杠杆; 2020疫情,,0.6292705076583144,0.2621306968216845,0.0639191889592464,,0.3426429579691754,0.08723396168376592,0.1909841662691055,0.31844013114641506,0.20695369530734894,-4992409.450000002,-0.05739254597956617,-0.020540176387547238,-0.09374623862706426,0.012354916101196278,0.15829964232734406,False
002719,*ST 麦趣,C14,食品制造业,C,3,2015股灾; 2018去杠杆; 2020疫情,,0.612335928033604,0.03558980079918693,0.30548457404370694,,0.7195963213122593,-9.22131766398562,1.731556392307249,0.317803434292166,-2.256721650122037,48586577.46666666,-0.00906938524508824,-0.03059380375413397,0.05017099206670688,-1.067184610612561,0.7994355021145688,False
002579,中京电子,C39,计算机、通信和其他电子设备制造业,C,3,2015股灾; 2018去杠杆; 2020疫情,,0.19866169198761768,0.6360893595622673,0.11477317426329411,,0.5102621497227458,2.9406078546681678,-0.005505084259298483,0.3165080752710597,1.148454973377205,64869369.583333336,0.002282507177439846,0.010366635547626282,0.03955423923977536,-0.036247675838230305,0.5914671112303119,False
002067,景兴纸业,C22,造纸及纸制品业,C,3,2008金融危机; 2015股灾; 2018去杠杆,0.8178286099545656,0.02281379860251031,0.10793959827582036,-0.07170953346658332,-4.121485205755096,-0.34570974240040575,-0.4833167210002783,0.6313332661134053,0.3161940022776321,-1.65017055638526,146248060.55333334,-0.09546059946395576,-0.06238471204953518,0.013311971375797796,0.012030664775598537,0.3332775171073787,False
000716,黑芝麻,C14,食品制造业,C,3,2008金融危机; 2015股灾; 2018去杠杆,0.2572216670003481,0.2604812356735346,0.4302733641955247,-0.14181592538508142,-10.727484285739477,1.4124841093531606,-0.7689236152712645,-0.930261967063215,0.31599208895646913,-3.361307930552527,5119234.563333322,-0.08764605459068535,-0.014922251385591398,0.07942553753859756,0.03379276368485066,0.4113761907282378,False
600216,浙江医药,C27,医药制造业,C,3,2008金融危机; 2018去杠杆; 2020疫情,0.7027280668588971,-0.06945554309975102,0.20485634639430578,0.04017746856010869,16.785282350485904,-0.07656184949142297,0.3659702424128509,1.2594148062016415,0.31592062727110387,6.136889133033466,619405236.9533334,0.1776080214596791,0.1400206704838284,-0.07554652396006191,0.09387715610359995,0.21220953013800792,False
000617,中油资本,J67,资本市场服务,J,3,2008金融危机; 2018去杠杆; 2020疫情,0.24762294501473406,-0.02983370018012065,0.6682027962524661,0.031150590792543384,0.06800863699758106,0.3385943281612495,0.054636550291616924,-0.0068851166021269405,0.3156587773532478,0.03858669022902368,-47074050433.47666,-0.006796561847070222,0.05674801780975911,-0.013770827351784956,0.05313896733644794,0.8281594929690629,False
300201,海伦哲,C35,专用设备制造业,C,3,2015股灾; 2018去杠杆; 2020疫情,,0.4261677521402612,0.1882659258688836,0.3265646236439714,,0.5216097600134163,-0.7902740089707336,2.9691002962093083,0.3136661005510387,0.900145349083997,237218733.68666664,-0.008513451038305208,-0.008221932560036838,0.04241605710084303,0.1462490999574575,0.40429225187897694,True
000889,中嘉博创,I65,软件和信息技术服务业,I,3,2008金融危机; 2015股灾; 2018去杠杆,0.34674114731988565,0.1540947155944753,0.43816093395023725,-0.18635096478372262,0.10332437638410977,0.5566021784307734,0.10631805537451278,1.016474347741086,0.3129989322881994,0.25541487006313196,-106682048.18,0.0020959329392668917,-0.020116459614460114,0.06512410172321577,-0.3530284967598215,0.8908879481523703,False
000953,*ST 河化,C26,化学原料及化学制品制造业,C,3,2015股灾; 2018去杠杆; 2020疫情,-0.18892519191710927,0.1217561625375882,0.04630370254931264,0.7561837210195846,-6.462142843024539,-7.000433129021153,-10.292983095424153,1.5571738904121277,0.3080811953688285,-5.245414111344393,167935181.80666664,0.21768988535230674,0.19167978726698243,0.12217193656703051,0.4922103790197006,0.5138411443316221,True
600599,*ST 熊猫,J69,其他金融业,J,3,2008金融危机; 2015股灾; 2020疫情,0.04111151104300897,0.5870291197889799,-0.17427269955382058,0.2893423253616267,-0.35766596986634475,0.5065878861126625,-3.644921767951449,1.4963447949567963,0.3058276520645385,0.5484222370677047,-54938405.39333334,0.06771603113778364,0.13321377534756376,-0.0029613422260462616,-9.12408484116231,0.8117678632062083,False
000690,宝新能源,D44,电力、热力生产和供应业,D,3,2008金融危机; 2018去杠杆; 2020疫情,0.11890513731999705,-0.23908170901356984,0.5246467698353214,0.27241818141590785,0.08841640629998772,-0.369229886551452,3.482804270226599,1.0583778939119288,0.30532336285707545,1.5431995234795053,437027809.6333334,0.04798964168298911,-0.013128465854688501,0.036526190622061895,0.05780798891736867,0.42426294131569636,False
300253,卫宁健康,I65,软件和信息技术服务业,I,3,2015股灾; 2018去杠杆; 2020疫情,,0.5326412956850145,0.19522645508273012,0.18792994813146865,,0.31677223991029596,0.3355630599971345,0.27796128259536923,0.3052658996330711,0.3100988608342666,79260706.98333333,0.0042087386517775755,0.006164944794556648,-0.008313128680252987,0.00843780366237226,0.3223618188591524,False
300412,迦南科技,C35,专用设备制造业,C,3,2015股灾; 2018去杠杆; 2020疫情,,0.18284324065644378,0.30048187183811065,0.4324515849273639,,0.20326667665137238,-0.04157735447976326,0.3130359897907126,0.3052588991406395,0.15824177065410724,6567557.210000001,0.0077413346396501895,-0.040538120636098386,0.05255235805547483,0.028107339142404483,0.5639009638302013,False
002626,金达威,C14,食品制造业,C,3,2015股灾; 2018去杠杆; 2020疫情,,0.4360974911753848,0.37800543158589445,0.09794573092118937,,-0.4337518056107644,0.47552204674427373,1.1005335850851456,0.3040162178941562,0.38076794207288495,123104355.03000003,0.03152305262853928,0.012640885026295401,0.13069195350378085,0.08499518853892027,0.32444028587797996,False
300133,华策影视,R86,广播、电视、电影和影视录音制作业,R,3,2015股灾; 2018去杠杆; 2020疫情,,0.3868485433753607,0.10515858997897315,0.4188193283807333,,0.22909458700320037,-0.6067638579389826,1.2668632467839323,0.30360882057835575,0.2963979919493834,-535376762.50666666,0.08573455343255422,0.013210511333706718,-0.05995033042359177,0.03772053114794837,0.2801991681231053,False
300203,聚光科技,C40,仪器仪表制造业,C,3,2015股灾; 2018去杠杆; 2020疫情,,0.4897167962710427,0.3663306946730433,0.05280229691638401,,0.37093419548418066,0.33156806142056333,3.7966129171943863,0.30294992928682335,1.4997050580330435,228242524.08333334,0.04805043856285116,0.005054703778074802,0.06459595110583327,0.06668085486829663,0.6391142746876115,False
002402,和而泰,C39,计算机、通信和其他电子设备制造业,C,3,2015股灾; 2018去杠杆; 2020疫情,,0.2794158625968306,0.3500224753831095,0.27848381189876986,,0.6128011909745767,0.2884514006189832,0.31213153245465225,0.30264071662623665,0.4044613746827374,79402096.20333336,0.0032539267907123934,-0.0004375705177240656,0.04893373164050561,0.06191921864433762,0.5495257317289827,False
002073,软控股份,C35,专用设备制造业,C,3,2008金融危机; 2018去杠杆; 2020疫情,0.8160389255785717,-0.14689359413572775,0.00996250650720441,0.07562203816871514,0.6752205165707175,0.03619646605107482,-5.4426005196548,0.27855978232753126,0.3005411567514971,-1.4962734069188504,-54220686.839999996,-0.012167776344989377,-0.03903532097392659,0.021001118439978744,0.09192955556720346,0.6635949143464995,False
300290,荣科科技,I65,软件和信息技术服务业,I,3,2015股灾; 2018去杠杆; 2020疫情,,0.3154826603967366,0.49695182582133907,0.08860594116508828,,0.0003524628743350445,0.3611740271844512,1.1341231686771978,0.3003468091277213,0.498549886245328,63309761.56333333,-0.012148137500601496,0.007261987032913937,-0.033029886106967575,0.007569620995103035,0.4101329623423155,False
000812,陕西金叶,C23,印刷和记录媒介复制业,C,3,2008金融危机; 2018去杠杆; 2020疫情,0.6202837853062498,-0.10370723525531392,0.2611200465050529,0.014278968852045304,-0.6188381703728905,-0.5253182067683689,-0.5319170613577583,-0.27257341664882867,0.29856093355444935,-0.4744428827931591,-5838047.2366666645,-0.031025080994577292,-0.027896485662099808,-0.00018559997595588942,0.027188973608357623,0.6380700068064803,False
000836,富通鑫茂,C38,电气机械及器材制造业,C,3,2008金融危机; 2015股灾; 2018去杠杆,0.0031534359008778263,0.5971981876069457,0.29522737235716867,-0.07544564312042135,5.670573073924522,1.7140926615176635,-0.21101661351197762,-0.6596195368847381,0.2985263319549974,2.391216373976736,80788403.34333335,0.18876924897235262,-0.00353005192687054,-0.055226552219798754,,,False
600382,广东明珠,F51,批发业,F,3,2008金融危机; 2015股灾; 2018去杠杆,0.15351677315330994,0.6095276536273168,0.13231277455378154,-0.5166479985297326,0.013210978855058357,-0.8289688699492307,0.10905822237954547,-0.024583551405907327,0.29845240044480276,-0.23556655623820896,76298692.43999998,-0.10357512406212716,0.005491714106890884,-0.012736934081506108,0.0016375783361996534,0.14811647989493223,False
603600,永艺股份,C21,家具制造业,C,3,2015股灾; 2018去杠杆; 2020疫情,,0.1832590869647125,0.3099209739168441,0.401247111947389,,0.6781428437653436,0.04860453125985083,0.27077852384878626,0.29814239094298184,0.33250863295799354,-1278135.5900000085,-0.028337708682311873,-0.008688867505617426,-0.007152223790413859,0.13418112756565323,0.4773333329538064,True
600882,妙可蓝多,C14,食品制造业,C,3,2008金融危机; 2018去杠杆; 2020疫情,0.012482233719449478,-0.5551852651610262,0.24815918494208108,0.6320169221292746,-6.373249692359061,-3.41594877388028,1.4869422352782384,2.847373800352852,0.2975527802636017,-0.679644552242657,59328296.679999985,-0.07247059199897195,-0.004787086305751892,0.003623531765602095,0.0257687948893858,0.42892198827599076,False
300383,光环新网,I65,软件和信息技术服务业,I,3,2015股灾; 2018去杠杆; 2020疫情,,0.3612697392476671,0.47729098479558507,0.053398643447636125,,0.19953166796108834,0.5395100937484494,0.10698146998399648,0.29731978916362944,0.2820077438978447,325769748.84999996,-0.0037831526399924598,-0.0332318508122959,0.02039461608166715,0.026173577438491594,0.3256469288939698,False
300261,雅本化学,C26,化学原料及化学制品制造业,C,3,2015股灾; 2018去杠杆; 2020疫情,,0.1921301278058657,0.4949539252326232,0.2036180842788697,,0.18818926466868333,1.4795960188462074,0.6495376422566888,0.29690071243911953,0.7724409752571931,83918788.14,0.029487853558340462,0.01120741078966527,0.04560405948321811,-0.12321076808052775,0.4666269145279569,False
000821,京山轻机,C35,专用设备制造业,C,3,2015股灾; 2018去杠杆; 2020疫情,-0.021782210689815725,0.11271435212326804,0.4257445453836755,0.35144484339932464,-0.8565317397906071,1.9893883188325723,-0.17447308088443877,1.0676178072823155,0.2966345803020894,0.9608443484101498,140240673.68666664,0.07558893622218653,-0.020477929485257434,0.04226801828132722,0.11781222060396115,0.6971138126476241,False
300146,汤臣倍健,C14,食品制造业,C,3,2015股灾; 2018去杠杆; 2020疫情,,0.32907265782248496,0.3986055284480906,0.1583301518935787,,0.2342749683445526,0.18469561044598043,4.720303784783745,0.29533611272138477,1.7130914545247593,166280428.0433334,0.06858297702894453,-0.006944440410334152,0.03518910138996492,0.05838090798759172,0.22287336388633053,False
600740,山西焦化,C25,石油加工、炼焦及核燃料加工业,C,3,2008金融危机; 2018去杠杆; 2020疫情,0.6101337086463436,-0.32210704521279493,0.20583547061322008,0.06911500469346175,-3.488534093393052,-39.74272450539435,15.211000192333735,1.2269877171914934,0.29502806131767517,4.316484605377392,140316080.34333333,-0.0019487167738690945,-0.0021788982966669673,-0.024696921721100346,0.016569462061406408,0.42700776159392095,False
830974,凯大催化,C26,化学原料及化学制品制造业,C,3,2015股灾; 2018去杠杆; 2020疫情,,0.0285850136454087,0.738585439052071,0.11679060971792168,,0.05581705979610518,0.5307766648469548,0.3248983135705285,0.29465368747180043,0.3038306794045295,27571065.583333332,-0.011912485963642217,-0.02310536753451196,-0.05633197041969127,0.030866179986408792,0.18951415854041548,False
600583,海油工程,B11,开采辅助活动,B,3,2008金融危机; 2018去杠杆; 2020疫情,0.5910652822903697,-0.26461663835048643,0.07798889049285274,0.21428262966130468,0.11320770331158815,-0.2016919854580037,-0.8369411152688369,11.760177263416347,0.2944456008148424,3.678814617153033,668019050.77,-0.042295329152968165,-0.05497106135357662,0.022816330174286647,0.07732199980251937,0.4137536715661229,False
002223,鱼跃医疗,C35,专用设备制造业,C,3,2015股灾; 2018去杠杆; 2020疫情,,0.2508826196753761,0.18122760046220127,0.4507726581247035,,0.23092789652031143,0.19655004478537652,1.306549039924288,0.29429429275409363,0.5780089937433254,1036715005.1166668,0.04544139041778691,0.03491591198908193,0.053844543775716965,0.1425826496294814,0.1912083112527967,True
002201,九鼎新材,C30,非金属矿物制品业,C,3,2008金融危机; 2018去杠杆; 2020疫情,0.10786755243408605,-0.07508679708526367,0.07727329348328059,0.6973269053626032,-0.3930026818265637,0.4323901381839268,6.167198045618309,0.23170218762758205,0.2941559170933233,2.001965850473109,28443235.619999994,-0.0018771818711883284,-0.01017640719587426,-0.019045141558487837,0.026919549843868146,0.5924582062243733,False
832175,东方碳素,C30,非金属矿物制品业,C,3,2015股灾; 2018去杠杆; 2020疫情,,0.5249172344421411,0.21176174804804487,0.14411151744725212,,3.5917774758808463,0.2290407444599446,0.28784287950751014,0.2935968333124794,1.3695536999494335,16540528.33,0.027304231561787462,0.011609460277347503,-0.03804777494702761,-0.07858272808810639,0.4546894255289661,False
000792,盐湖股份,C26,化学原料及化学制品制造业,C,3,2008金融危机; 2015股灾; 2018去杠杆,0.30859213501202243,0.03893881963989176,0.5291148594782658,-0.21473923732172018,0.4550085686327902,-0.5912254667596232,0.16039791825332622,1.043077949521056,0.29221527137672665,0.008060340042164419,1821630669.8266668,0.006124030419490635,0.0028256243180113105,-0.013908005408393468,0.12410856644856111,0.13517762796394708,True
600622,光大嘉宝,K70,房地产业,K,3,2008金融危机; 2015股灾; 2018去杠杆,0.05087758958178054,0.27982099347563855,0.5430476635199135,-0.183219475610214,0.04772165465556661,-0.2642851647416744,0.7240341243458662,-0.13669344465067837,0.29124874885911084,0.1691568714199195,1071817442.1999998,-0.0006603585547536225,-0.04342293239725876,0.0748734962528808,-0.2844519326635369,0.7737962562273506,False
300425,中建环能,C35,专用设备制造业,C,3,2015股灾; 2018去杠杆; 2020疫情,,0.40161963078522356,0.4617388261152534,0.008350012364505137,,-0.05335305152532552,0.47146972449181174,0.048628408738194566,0.290569489754994,0.15558169390156026,-27131804.78,-0.02008445644225279,-0.029736820355954707,0.0013051482397652414,0.036978876514315646,0.4570081271511287,False
600498,烽火通信,C39,计算机、通信和其他电子设备制造业,C,3,2008金融危机; 2015股灾; 2018去杠杆,0.4600869708968512,0.2582144021827012,0.1509774034061221,-0.1454684481273188,0.4996770273797942,0.12240673929343976,0.003797772028313716,-0.8644346801881793,0.28975959216189145,0.20862717956718255,-98843.78999998172,0.007851312562272457,-0.010730805957286399,0.02403994489096441,0.04532121833002084,0.649882507121091,False
831370,新安洁,N78,公共设施管理业,N,3,2015股灾; 2018去杠杆; 2020疫情,,0.36622663733162975,0.3470166874903292,0.15575538589187685,,0.4981626100762316,0.09940474021567622,0.7646070734497873,0.28966623690461196,0.4540581412472317,26544450.30333334,-0.0380336229805127,0.009047056922417687,-0.06862811067333513,-0.08444198879149574,0.22198418249399549,False
300062,中能电气,C38,电气机械及器材制造业,C,3,2015股灾; 2018去杠杆; 2020疫情,,0.5973664021384194,0.23543455856889955,0.03187151331927232,,-0.24958939194555585,1.3035156711717608,-0.4641234460862687,0.28822415800886375,0.19660094437997877,133395071.98333333,0.02263010614035457,-0.005248031333734786,0.13079009388553367,-0.06532721950347255,0.5726503541582472,False
300047,天源迪科,I65,软件和信息技术服务业,I,3,2015股灾; 2018去杠杆; 2020疫情,,0.41290423275802995,0.2712627346109227,0.17521881569398948,,0.09345124092538167,0.36298687594233975,0.1446598475308755,0.2864619276876474,0.20036598813286563,91673153.51333334,0.007178755592198882,-0.025102378545715443,0.04813244181314582,0.019812292374839575,0.5665342510263613,False
000547,航天发展,C39,计算机、通信和其他电子设备制造业,C,3,2015股灾; 2018去杠杆; 2020疫情,-0.07199265010550172,0.3116239908974361,0.4961267760000951,0.05132015332778752,0.27433849996239995,-0.0569037094033513,0.6525481939045632,0.17128321684012673,0.2863569734084396,0.25564256711377953,62639558.60666666,-0.01213962042699151,0.03316342476234565,-0.04438417105192182,-0.3051256544917765,0.46806748877889337,False
300119,瑞普生物,C27,医药制造业,C,3,2015股灾; 2018去杠杆; 2020疫情,,0.3548164034928464,0.13608978318002282,0.3639940668038788,,3.242774061953986,0.13057110779460782,0.963776718119363,0.284966751158916,1.4457072959559856,56344513.05000001,0.04112589082849979,-0.006462749671460581,0.023019881106967992,0.06587508176001536,0.3714423631156873,False
300015,爱尔眼科,Q83,卫生,Q,3,2015股灾; 2018去杠杆; 2020疫情,,0.3178674931456411,0.34307921847865586,0.1924210211575782,,0.3953458219373909,0.344477332414792,0.31164274676479625,0.2844559109272917,0.3504886337056597,467709667.2166667,0.010529005665237465,0.013719755472792527,-0.02424312642973772,0.171287706565668,0.3441043012432054,True
300373,扬杰科技,C39,计算机、通信和其他电子设备制造业,C,3,2015股灾; 2018去杠杆; 2020疫情,,0.2872463967881591,0.26013807953081564,0.3038738932763633,,0.23245570480712952,-0.29524919942590966,0.7327366946665255,0.2837527898651127,0.2233144000159151,29153100.786666665,0.0031623838881551284,0.008752219296493039,0.05241944384901217,0.10920342942300441,0.3579656315869418,True
002103,广博股份,L72,商务服务业,L,3,2008金融危机; 2015股灾; 2020疫情,0.04779679958095689,0.6057765130528261,-0.13882178472622056,0.19767124284216994,-0.2101190692927903,7.594029583814793,-7.142102152837848,-20.70185652057411,0.28374818515865097,-4.439315335350702,-39640068.64000001,-0.10383162288667293,-0.015766200154428662,0.023781409731781944,0.14440751812351077,0.5333842000431619,True
000983,山西焦煤,B06,煤炭开采和洗选业,B,3,2008金融危机; 2018去杠杆; 2020疫情,0.698732119242668,-0.23503218518253166,0.12618032596561685,0.02433189925840512,2.2310220505049965,-0.39821125885702396,0.16945932921122453,0.08975336194940908,0.2830814481555633,0.8300782472218767,158149964.25666666,0.06236314790806574,0.011995761760389134,0.0010316622959917383,0.08725872961088503,0.573685772877339,False
300014,亿纬锂能,C38,电气机械及器材制造业,C,3,2015股灾; 2018去杠杆; 2020疫情,,0.11581287830299913,0.45900265874094187,0.27296669625601333,,1.0518219699352591,0.34606061524817716,0.08554301050646088,0.2825940777666514,0.4944751985632991,260120633.2933334,-0.021223708684599607,-0.014181188218498406,-0.07385348512829804,0.10296308338219923,0.5936273838316858,True
002709,天赐材料,C26,化学原料及化学制品制造业,C,3,2015股灾; 2018去杠杆; 2020疫情,,0.3402612144733509,0.010957846825483869,0.49533939960243706,,0.5552962646047984,0.4840339541142358,18.31323881987713,0.28218615363375726,6.450856346198722,144391068.37666664,0.06535301739247594,0.004359549337735987,0.059139545323999,0.03590608044915957,0.4437292160182918,False
600477,杭萧钢构,C33,金属制品业,C,3,2008金融危机; 2018去杠杆; 2020疫情,0.2812711750160114,-0.03724311666346432,0.3362459647032824,0.22699734238755478,0.7808001582593518,0.9496890181123109,-0.24673932467048953,0.5654115361955073,0.2815048273689495,0.3664907899281232,-228215367.55333337,0.0027416520691958455,-0.042980138981818274,-0.02292786328801973,0.030028966214271206,0.6719446961056157,False
300115,长盈精密,C39,计算机、通信和其他电子设备制造业,C,3,2015股灾; 2018去杠杆; 2020疫情,,0.6759424049278066,0.023004902961564745,0.13202496990124937,,0.5646680377008636,-0.9849995242938644,4.089125939169429,0.2769907592635402,1.2229314841921426,460893604.27000004,-0.023916380425855102,-0.004013356450837197,-0.0632982021071735,0.10093025674935727,0.5872289213768377,True
002594,比亚迪,C36,汽车制造业,C,3,2015股灾; 2018去杠杆; 2020疫情,,0.37482190748973665,0.2279193024590675,0.22592376459527405,,3.2415505426629,-0.27674612807650945,1.8383052749666446,0.2762216581813594,1.601036563184345,13536902666.666666,0.032513387952422645,0.005942882133119516,0.006478228256261469,0.20931257173897017,0.7463627702125236,False
601888,中国中免,L72,商务服务业,L,3,2015股灾; 2018去杠杆; 2020疫情,,0.06801485380832097,0.6620764005696885,0.09653285842321777,,0.030569945016244115,0.340975556175965,0.3549226345949187,0.2755413709337424,0.2421560452623759,1685469126.64,0.01459383775122127,0.011533169800399331,0.035202857160668254,0.0797805247647755,0.20078628124894798,False
600559,老白干酒,C15,酒、饮料和精制茶制造业,C,3,2008金融危机; 2015股灾; 2018去杠杆,0.30354132499368086,0.1074593910163754,0.41343963301130987,-0.10730393008985212,0.7908288565831464,0.2689383253768391,1.1428567686248643,-0.22554975933342286,0.2748134496737887,0.7342079835282833,210359264.08,0.008975996264695705,-0.01852897044096045,-0.04838700420310682,0.14834964218364835,0.44805677649786785,True
831726,朱老六,C14,食品制造业,C,3,2015股灾; 2018去杠杆; 2020疫情,,0.36357789449488254,0.10666407467034746,0.35279548897049356,,0.16600812928206501,0.4567165982638928,1.0207709039254629,0.27434581937857455,0.5478318771571402,11779635.556666667,0.05767940536107613,0.027367855031860077,0.000991501364262996,0.041987472506510255,0.0773899953942427,False
000035,中国天楹,N77,生态保护和环境治理业,N,3,2015股灾; 2018去杠杆; 2020疫情,-0.21334003365308524,0.49827273601087135,0.14584121250131463,0.1764879085783602,-1.0844259325499574,0.3038542085103746,-0.01154653749700659,0.07660171745362199,0.2735339523635154,0.12296979615566334,288403982.8666668,0.0032298416922615972,-0.016142980958069236,0.025158541115765876,0.028393073819991947,0.6271298166559331,False
600581,八一钢铁,C31,黑色金属冶炼及压延加工业,C,3,2008金融危机; 2018去杠杆; 2020疫情,0.5664072179443348,-0.4885018527272705,0.19982824223362652,0.053884848822061154,-0.7395971699202166,-0.2329439319718039,-0.40022194126189503,1.8457896018039917,0.2733734363333408,0.23532349687396,579025362.2433335,-0.08043409309836792,-0.007034948931393416,0.005418996653753487,-13.984847279092472,0.9958016520564205,False
300298,三诺生物,C35,专用设备制造业,C,3,2015股灾; 2018去杠杆; 2020疫情,,0.18457195714635283,0.5009698705134973,0.13328288226977406,,-0.27478375968805846,0.20354198768834916,-0.2544765710431917,0.2729415699765414,-0.10857278101430035,8526336.99999999,-0.05196684262185605,-0.02232536901085062,0.01749325850892477,0.0917479611249958,0.38178334926163526,False
600346,恒力石化,C28,化学纤维制造业,C,3,2008金融危机; 2018去杠杆; 2020疫情,0.04143554177545658,-0.04035424886527455,0.2650901872500317,0.5119052473912925,-0.3246354597059437,-0.3131224134575065,0.05590238038131324,0.33448329188101733,0.2728103254722603,0.02191673751879562,3715352447.8199997,-0.10270880164231111,-0.013035464028390148,0.07578159469382202,0.11121535690130065,0.7677717286003243,False
000909,数源科技,K70,房地产业,K,3,2008金融危机; 2015股灾; 2020疫情,0.25630582038400657,0.4996603927590699,-0.42288589039502217,0.06243368651798022,-7.022451323985386,-0.4487288172027536,-0.08118405127835779,0.5530040918654872,0.2727999665536856,-2.3060586831075507,-59034193.43333334,-0.01801367242451078,-0.06034547051238754,-0.025282562980483,-0.05415948679285902,0.537894465183634,False
002037,保利联合,C26,化学原料及化学制品制造业,C,3,2008金融危机; 2018去杠杆; 2020疫情,0.312236747477749,-0.19001919833832998,0.31562433113759697,0.19020476134436756,0.27754381886959395,-0.6651462710807837,1.428865241214767,-0.3990529694699664,0.2726886133199045,0.4357853635381315,-319331461.58666664,0.008462640850615608,0.0021616512979096836,0.01761247108160008,-0.0061089733133878315,0.8327317416015187,False
002738,中矿资源,C32,有色金属冶炼及压延加工业,C,3,2015股灾; 2018去杠杆; 2020疫情,,0.1184847996640274,0.603636732412309,0.09509241439159416,,0.11840936260274783,1.0054517141466184,0.2330069904330924,0.2724046488226435,0.45228935572748624,-18834156.116666663,-0.003758191959347644,0.004098912570722073,0.029499227979472114,0.060362680275319144,0.27364800917720655,False
603019,中科曙光,C39,计算机、通信和其他电子设备制造业,C,3,2015股灾; 2018去杠杆; 2020疫情,,0.30941718836789533,0.43891929365481397,0.06662104502346641,,0.5209380590264615,0.43126608377413,0.3901586023191546,0.2716525090153919,0.4474542483732487,-90091580.33000004,-0.0068869800082811865,-0.0013564326764851735,-0.057308119801391035,0.09347039320532587,0.41757756690294634,False
300001,特锐德,C38,电气机械及器材制造业,C,3,2015股灾; 2018去杠杆; 2020疫情,,0.5537770158709462,0.15029495921670397,0.10729029008351619,,-0.23582278411285032,0.13799141751811098,-0.07535907707947993,0.2704540883903888,-0.05773014789140642,152392376.17,-0.027326924745493367,-0.02867058660133732,0.009594081348168656,0.11101351077841731,0.6616994201829651,False
600642,申能股份,D45,燃气生产和供应业,D,3,2008金融危机; 2015股灾; 2018去杠杆,0.5643105141785866,0.12758171270793298,0.11780121256680287,-0.49257988816733556,-0.630147686434356,-0.03425727010148036,0.08336459124821408,0.07572817121108225,0.26989781315110745,-0.1936801217625408,-395820835.39999986,-0.026860974365694377,-0.04799125089007384,0.0861607785037627,0.10418720455886217,0.5482783162082807,True
000425,徐工机械,C35,专用设备制造业,C,3,2008金融危机; 2018去杠杆; 2020疫情,0.02690763169784735,-0.2852643671260216,0.5244875269626105,0.24996873589941315,3.139014948571545,-1.1540382967785747,0.9981792372191663,0.027516138493373338,0.26712129818662367,1.3882367747613615,-768024190.8266668,0.027616922586653936,-0.007620368258678567,0.027344296192795287,0.09896264531002825,0.6243907944689315,False
002097,山河智能,C35,专用设备制造业,C,3,2008金融危机; 2018去杠杆; 2020疫情,0.08920868346749491,-0.20840410224246125,0.4584957903933578,0.2528935699861961,-0.6471862458272939,-9.828825585907238,1.2105587795522252,0.0485754883555251,0.26686601461568293,0.2039826740268188,395369101.96333337,-0.04362839656678332,-0.014629699541625888,-0.016043916033428456,0.00411028398313083,0.7565485447477315,False
000875,吉电股份,D44,电力、热力生产和供应业,D,3,2008金融危机; 2018去杠杆; 2020疫情,0.17825593151015864,-0.09487299945080664,0.4308508242856659,0.1899504965922303,-5.519455654141424,1.4094377539461014,1.854574700400783,0.9879261722295364,0.26635241746268495,-0.8923182605037017,459675448.25333333,-0.035655465075388665,-0.01970956040347815,0.11384123948848975,0.0677537255750651,0.6998705620989855,False
300019,硅宝科技,C26,化学原料及化学制品制造业,C,3,2015股灾; 2018去杠杆; 2020疫情,,0.1031060438073356,0.19546331368622327,0.49664207959004963,,0.12184281453423251,0.26277100977291584,0.5275183076566705,0.2650704790278695,0.30404404398793966,45915055.379999995,0.021486606034078228,-0.00026344352797025294,0.0739702828675901,0.0940908757763899,0.37418171987187954,False
600284,浦东建设,E48,土木工程建筑业,E,3,2008金融危机; 2018去杠杆; 2020疫情,0.32252257017769137,-0.15980154443631012,0.12586314106199104,0.34678621687086486,-0.031199021180215468,0.07411850403731075,0.1822683624036629,0.10492425069253422,0.2650573093701824,0.08533119730532722,-764679228.71,-0.027798998685582433,-0.004439057980112293,-0.027449082710796584,0.07658847516737688,0.7599871873275533,False
002596,海南瑞泽,C30,非金属矿物制品业,C,3,2015股灾; 2018去杠杆; 2020疫情,,0.5832268075385872,0.08459572206619267,0.1270111326716771,,2.8888189361530907,-0.3193452146240475,1.1174385584538726,0.26494455409215234,1.2289707599943054,104462491.38999999,0.043276936041146914,0.023727370350750027,-0.010482248347637594,-0.36012304586204086,0.7927535573553371,False
300408,三环集团,C39,计算机、通信和其他电子设备制造业,C,3,2015股灾; 2018去杠杆; 2020疫情,,0.13126098018508056,0.19818228684166417,0.4648983560727835,,0.34726625786467435,0.2189937821292818,0.649317146685832,0.2647805410331761,0.4051923955599294,-51456531.50666662,0.015677296062806614,0.0330100228341463,-0.009412018988985337,0.11021836235213979,0.16909466714407756,True
002024,苏宁易购,F52,零售业,F,3,2008金融危机; 2015股灾; 2018去杠杆,0.24268399990625708,0.24440913155746669,0.30346132889656474,-0.06289530581598038,0.4837023887056451,-0.08046473584956033,2.1219729262943083,-1.574891464794206,0.2635181534534295,0.8417368597167977,-1277250333.3333333,0.007749461528165765,0.009192731942146065,-0.012552834986302367,0.05475937021159298,0.906259765646411,False
600068,葛洲坝,E48,土木工程建筑业,E,3,2008金融危机; 2015股灾; 2020疫情,0.6134314767328011,0.14900473254092983,-0.057874708616174296,0.02424356828694867,0.22529933791870485,0.15916633222468662,0.019223770965817438,-0.1935159572023298,0.2622265925202265,0.06364990431368722,-1647024666.5233335,0.006996274185992926,0.0008826670987422958,0.02442481553888713,,,False
600809,山西汾酒,C15,酒、饮料和精制茶制造业,C,3,2015股灾; 2018去杠杆; 2020疫情,-0.14201612372850989,0.05426134593308828,0.5539488717087913,0.17758573099139577,-0.24230131804782937,0.5139596817270652,0.5534291321260837,0.517289544994528,0.26193198287775843,0.5282261196158923,-328563516.2033334,0.040804348594653775,-0.011531302615050457,0.00827217493916634,0.3480549549435091,0.34191321747196646,True
002444,巨星科技,C33,金属制品业,C,3,2015股灾; 2018去杠杆; 2020疫情,,0.10830755797152966,0.3864083591070737,0.28963646890474554,,-0.008951775205602131,0.3222656575605734,0.5099762036922113,0.261450795327783,0.2744300286823942,107675280.19000001,0.014274230049255229,-0.026257193101139813,0.013477205606841533,0.1426419175154836,0.28215547157172094,True
300299,富春股份,I65,软件和信息技术服务业,I,3,2015股灾; 2018去杠杆; 2020疫情,,0.6979432204764401,0.04695199160274226,0.03891979674562116,,2.877143479744287,1.3372879225966037,1.0635660486801841,0.2612716696082678,1.7593324836736917,-7990786.303333337,0.4585248919169018,0.05535079821635669,-0.04766728179825049,-0.33418110346422425,0.5539302139506206,False
600350,山东高速,G54,道路运输业,G,3,2008金融危机; 2015股灾; 2020疫情,0.16237472356460464,0.09439727885375057,-0.07462974310442591,0.5265975012664112,0.06833617880484565,0.1016919824985932,0.2605502950285154,-0.3021414060860508,0.2611231678949221,-0.044037748260870646,-51978457.116666794,-0.009173490582933992,-0.0755370167150577,0.03179753372477186,0.07071182164573876,0.6456386085076554,False
603008,喜临门,C21,家具制造业,C,3,2015股灾; 2018去杠杆; 2020疫情,,0.3075303309365365,0.321136384436754,0.1543484470278263,,1.040663009831671,-2.5008817721496883,-0.1489913125258564,0.2610050541337056,-0.5364033582812913,41962621.60000002,-0.082729377542893,-0.015910776499839963,0.08057036253723711,0.08328824469714474,0.5596792540746641,False
002462,嘉事堂,F51,批发业,F,3,2015股灾; 2018去杠杆; 2020疫情,,0.4715735337111948,0.26132537092236324,0.04820767149414022,,-0.016571528688153408,0.21550661143066058,-0.10442350865102291,0.26036885870923276,0.031503858030494755,452719122.99333334,-0.021045944142535442,-0.0018744274221745526,-0.0005203296972065008,0.053039296077716847,0.5679682719051686,False
300030,阳普医疗,C35,专用设备制造业,C,3,2015股灾; 2018去杠杆; 2020疫情,,0.18094016249515232,0.0005647554528417079,0.5984825183040594,,-0.27249322503679213,-18.099873819153967,5.248409273737085,0.25999581208401784,-4.374652590151225,35377931.486666664,-0.025988523893675914,-0.001755075360409808,0.03821233456496756,-0.18621789213000925,0.4824848433322157,False
000903,云内动力,C34,通用设备制造业,C,3,2015股灾; 2018去杠杆; 2020疫情,-0.08198618525661239,0.16967671766618167,0.10552565326810752,0.5042153412818625,-0.4344346579970738,0.10501275318162616,-0.11640698030987641,0.21487179306233656,0.25980590407205056,0.06782585531136211,974340769.1433334,0.001243739080166092,-0.020214474810307276,0.05285065198864567,-0.7438045674435578,0.854652357143417,False
000516,国际医学,Q83,卫生,Q,3,2008金融危机; 2015股灾; 2020疫情,0.15164220907162781,0.004383434697653765,-0.4976363112769324,0.6216576703571032,-0.20238495556818414,-0.31195626775618357,10.399809762333149,1.0844431304217235,0.2592277713754616,0.19003396903245193,16591781.99,-0.032535001146048084,-0.08173327227510646,-0.018474130289103458,-0.1051672714310924,0.6735723078578384,False
002603,以岭药业,C27,医药制造业,C,3,2015股灾; 2018去杠杆; 2020疫情,,0.0902365358337732,0.17967244725451662,0.5076456097445017,,0.20397935311946214,0.10464110559563447,1.0146644318273514,0.2591848642775972,0.4410949635141493,500311568.8433333,0.02460355838543085,-0.0031524006202543844,0.055790852231928846,-0.07196401329774685,0.23402946038532574,False
300012,华测检测,M74,专业技术服务业,M,3,2015股灾; 2018去杠杆; 2020疫情,,0.3906826138597496,0.2656229799507541,0.12077479275377827,,0.22509289236349778,1.0528265085406363,0.2172191197028313,0.2590267955214273,0.49837950686898846,165301402.13333333,0.020056294510195864,-0.010538543984499918,0.03334932491927845,0.13027608996177767,0.24244646023447353,True
600396,金山股份,D44,电力、热力生产和供应业,D,3,2008金融危机; 2015股灾; 2018去杠杆,0.19157025187187365,0.5510358405060143,0.03338762437411827,-0.015514075801312286,-0.8457974852169172,0.07576932146241194,0.09197312539706687,1.3686507330184607,0.2586645722506687,-0.22601834611914615,312746439.74000007,-0.07173460179449283,-0.06518165798456037,0.01670904411675674,0.024531798053632054,0.7024002051684778,False
002311,海大集团,C13,农副食品加工业,C,3,2015股灾; 2018去杠杆; 2020疫情,,0.21227614240989928,0.294870613318606,0.2669729921928218,,0.43828521741413834,0.20993795758730768,0.5925117805876846,0.2580399159737757,0.4135783185297102,-625838209.6733333,0.012715703305588808,-0.0009374246744687417,-0.009793463091862428,0.18632510339000063,0.4786845069559775,True
300379,东方通,I65,软件和信息技术服务业,I,3,2015股灾; 2018去杠杆; 2020疫情,,0.22221130243802645,0.27072959975908395,0.28075264948385403,,0.23759356474189788,1.3975719206719648,0.7295025080402305,0.2578978505603215,0.7882226644846977,20068498.423333332,0.11448070977980955,-0.03079870544837593,0.016156862244731993,-0.1841550009294645,0.12375034063052338,False
601898,中煤能源,B06,煤炭开采和洗选业,B,3,2008金融危机; 2018去杠杆; 2020疫情,0.397618432325526,-0.1612277934513607,0.2837267874139926,0.09024080850074923,0.4024565557404204,-2.689110356278093,0.4006942309288358,0.03875397661096386,0.25719534274675593,0.2806349210934067,2736787333.3333335,-0.011277546589945042,-0.02273831489738472,-0.04324075208078058,0.1298024536570638,0.4629463215987963,True
600787,中储股份,G59,仓储业,G,3,2008金融危机; 2018去杠杆; 2020疫情,0.23155442568196002,-0.17329721131941872,0.32854677734046345,0.20957688119044826,0.0722064218303358,0.18474499502277733,-0.6581722660292325,1.3162223880749995,0.2565593614042906,0.24341884795870092,-1198663079.8366666,-0.014601885656342838,0.006533950190765154,0.041479095159738,0.03280823624420745,0.3467753570683785,False
600251,冠农股份,C13,农副食品加工业,C,3,2008金融危机; 2015股灾; 2018去杠杆,0.08234036964199505,0.32774032585753016,0.35726153326530524,-0.1415782630604516,0.5011289473119235,-0.1511530020762078,0.0732585487329986,0.9946990531376368,0.2557807429216101,0.1410781646562381,296232129.32,-0.010520187633151393,-0.017706761472405328,-0.06086091326230971,0.06409403742804655,0.46334823624340177,False
002046,国机精工,C34,通用设备制造业,C,3,2008金融危机; 2018去杠杆; 2020疫情,0.25135358227424803,-0.17211363658557952,0.38280145312700325,0.12948568627218712,-0.045679388531462785,-12.98163615014173,0.19276041806292626,0.5776706272659189,0.2545469072244795,0.24158388559912747,38554395.74333334,-0.000977152216139666,-0.03114050393558876,0.009533550854954395,0.07725393357782244,0.39360228867135955,False
000900,现代投资,G54,道路运输业,G,3,2015股灾; 2018去杠杆; 2020疫情,-0.04747380417461893,0.5043902524507291,0.11971614746551765,0.1384003742556319,-0.030291215267401247,0.3782540878106743,0.12977935271315963,-0.4203684353829171,0.2541689247239595,0.0292216683803056,-812650371.4266666,-0.006523223547776044,-0.04707115119568415,0.015220702020054508,0.02396801911185215,0.7538454817304037,False
603018,华设集团,M74,专业技术服务业,M,3,2015股灾; 2018去杠杆; 2020疫情,,0.10818584306686338,0.5122845035704925,0.14192205229143956,,-0.03401349441453717,0.3473176931139073,0.13469606055994868,0.25413079964293184,0.1493334197531063,48538161.23666666,0.0017289790075515992,-0.01515505270055286,0.029816958568787022,0.07442445097511952,0.594235189491851,False
603806,福斯特,C29,橡胶和塑料制品业,C,3,2015股灾; 2018去杠杆; 2020疫情,,0.3968990196640203,0.049033864924721435,0.3159208009056964,,0.4980374477607028,0.2817087204817496,0.6389681263707135,0.25395122849814605,0.4729047648710553,26694919.72666666,0.027907007648121887,0.03506382087224449,0.011635350541733078,0.07757742650632828,0.21658415696918804,False
600438,通威股份,C13,农副食品加工业,C,3,2008金融危机; 2018去杠杆; 2020疫情,0.526429896125846,-0.08629308063335354,0.055422434109795,0.176943979600475,0.002515913292432051,0.012773048199277146,-0.005089925901993862,0.3848894409052858,0.25293210327870536,0.12743847609857467,354948001.30666685,-0.02474551766390821,-0.005803456907389269,0.040504161454525046,-0.14000177595640023,0.7043685767694937,False
002364,中恒电气,C38,电气机械及器材制造业,C,3,2015股灾; 2018去杠杆; 2020疫情,,0.4009330023041238,0.13621040647054766,0.2214490670265047,,0.1675807194387603,0.20631725885100832,0.08466015285753486,0.2528641586003921,0.1528527103824345,29585622.52,-0.0011725478030840963,-0.027176582109218677,0.07340928387285339,0.046007962276856634,0.3506910347845316,False
000498,山东路桥,E48,土木工程建筑业,E,3,2015股灾; 2018去杠杆; 2020疫情,-0.2716470500988312,0.08424785864409465,0.19246708874391735,0.48050821150055095,1.0124088106122735,0.211006139470538,0.17171945058149818,0.8009102683869118,0.25240771962952097,0.39454528614631607,680694119.41,-0.004578805383478736,-0.0008231089753713191,-0.013087908917754243,0.08541846649495852,0.7834704381892627,False
002661,克明面业,C14,食品制造业,C,3,2015股灾; 2018去杠杆; 2020疫情,,0.19411042497308553,0.2586076712452682,0.3044782312417748,,0.6123756756229785,0.647985507034458,0.4165517311152328,0.25239877582004283,0.5589709712575565,120169773.60999997,0.006259795927854368,-0.0008741612908312602,-0.020903755968214043,0.03606934658980686,0.5453421808107884,False
002415,海康威视,C39,计算机、通信和其他电子设备制造业,C,3,2015股灾; 2018去杠杆; 2020疫情,,0.4664436294913485,0.18927492438605148,0.10137933449341363,,0.25673431122416446,0.21372336703515313,0.09732187989086512,0.2523659627902712,0.18925985271672754,3190530272.68,-0.013139059630219496,-0.009759390121338604,0.01566397354708815,0.15018260336531997,0.3372003235613473,True
603998,方盛制药,C27,医药制造业,C,3,2015股灾; 2018去杠杆; 2020疫情,,0.12739110681313015,0.45827152734892257,0.16915237802771735,,0.12852484414034915,0.23495382635165146,-0.3190552983804949,0.2516050040632567,0.014807790703835236,76851816.32,-0.003915050380107222,0.04516955525811406,0.04999730194006779,0.14401604239031957,0.4689027148918722,True
601231,环旭电子,C39,计算机、通信和其他电子设备制造业,C,3,2015股灾; 2018去杠杆; 2020疫情,,0.3433551276491355,0.12942270253939245,0.28201232825387096,,-0.015508377741435925,-0.1020657556991359,0.3757279028369264,0.25159671948079965,0.08605125646545153,-703087696.2133334,-0.004887730412873215,-0.007516137439670968,0.033859029914910466,0.09104667241727261,0.5485144871344276,False
603899,晨光文具,C24,文教、工美、体育和娱乐用品制造业,C,3,2015股灾; 2018去杠杆; 2020疫情,,0.23193147568673214,0.34259090116168084,0.17921427132086412,,0.23577269246411406,0.2880826252023194,0.15082276260865218,0.251245549389759,0.22489269342502852,151650270.05999997,-0.02450742035481911,0.0007116913780702191,0.012327267212855078,0.1541736205863171,0.43113190659142214,True
600222,太龙药业,C27,医药制造业,C,3,2008金融危机; 2018去杠杆; 2020疫情,0.6508672988568636,-0.18884046786714256,0.022598443647384843,0.08025713091922088,0.13079811345642914,-0.9121884604445007,-16.670235346887246,-0.38627582623721923,0.25124095780782313,-5.641904353222679,40941603.533333324,-0.033853638027816206,-0.04448658132791019,0.032795331083247024,0.032895143389559164,0.5339970623759063,False
002244,滨江集团,K70,房地产业,K,3,2015股灾; 2018去杠杆; 2020疫情,,0.07305188083278677,0.5330280480876497,0.1459574844585531,,0.8658096381001683,0.36462613134377947,-0.10703790533034592,0.2506791377929965,0.3744659547045339,-4594221968.21,0.007085751010129977,0.02354854184907317,0.014233282989866628,0.07354002427725831,0.8010186252748583,False
300385,雪浪环境,C35,专用设备制造业,C,3,2015股灾; 2018去杠杆; 2020疫情,,0.3808878024317291,0.17320788830525932,0.197516317672238,,0.5292549864745846,-0.49885224767847003,-4.692705512398148,0.2505373361364088,-1.5541009245340112,48514518.913333334,-0.15122094668206496,-0.01294446871597397,0.1236281831840042,-1.5227561318407836,0.8871276010916814,False
603698,航天工程,M74,专业技术服务业,M,3,2015股灾; 2018去杠杆; 2020疫情,,0.2543399020528771,0.33174489806362395,0.16551253740582653,,0.05106782249687693,0.17788469974610693,0.15470060858775317,0.2505324458407759,0.12788437694357901,-412516078.6333334,-0.044627455040506324,-0.02874161352814737,-0.06623434181555919,0.04586352516882893,0.4172559012233418,False
002706,良信股份,C38,电气机械及器材制造业,C,3,2015股灾; 2018去杠杆; 2020疫情,,0.18387584116774866,0.08383911102447983,0.47978594315757483,,0.24792586258470956,0.05597126188342614,0.37488536288406266,0.2491669651166011,0.22626082911739945,158959068.99333334,0.014883099961017582,0.009021858507925104,0.062291580186853934,0.07846218637823267,0.2776300794061333,False
000567,海德股份,J69,其他金融业,J,3,2015股灾; 2018去杠杆; 2020疫情,-0.6594055084864398,0.059033051511285295,0.6734590836950417,0.014628575099930827,0.17221712637684994,3.686626883845431,0.646385059893114,0.15821955614391528,0.24904023676875264,1.497077166627487,865545832.5666666,-0.04355839957918334,-0.04866905350134618,-0.31725587163093144,0.05937086442712922,0.43495177733393514,False
600855,航天长峰,C35,专用设备制造业,C,3,2015股灾; 2018去杠杆; 2020疫情,-0.03439844633837966,0.2766660064523323,0.40306200447373347,0.06588070562952235,-5.5151974049843036,-0.007645149107408889,3.221915158467306,0.09817591127109199,0.2485362388518627,1.1041486402103298,51680182.26666665,0.02089842184577943,-0.009794512489644283,0.03962940871654713,-0.1526491676559158,0.5337747872253826,False
002400,省广集团,L72,商务服务业,L,3,2015股灾; 2018去杠杆; 2020疫情,,0.5192905101214064,0.07255782799405115,0.15218631881189792,,0.24465615310732447,3.491251426096216,-5.939586025574883,0.2480115523091185,-0.7345594821237807,52727312.00000003,-0.05556299042531254,-0.015504002738985565,0.03355550029024135,0.01653498946708898,0.526030251446904,False
002712,思美传媒,L72,商务服务业,L,3,2015股灾; 2018去杠杆; 2020疫情,,0.15946212744773153,0.26159942629454563,0.3215019104389391,,0.24231953960928013,-0.8381707240744488,-21.13581562230389,0.24752115472707206,-7.243888935589687,124890846.65000002,-0.21431209103303198,-0.045008599555105964,-0.0019635578900494555,-0.025080864882632437,0.5032237918934683,False
600569,安阳钢铁,C31,黑色金属冶炼及压延加工业,C,3,2008金融危机; 2018去杠杆; 2020疫情,0.44571970689107937,-0.24163429041682974,0.22743284116586127,0.06904924825725428,-0.8845199040255385,-77.24748960871699,0.15884925314343612,-0.03878345619487307,0.2474005987713983,-0.25481803569232514,521735883.9633332,-0.05307771989740456,-0.014077776780722362,-0.02554824292686786,-0.7637882580568667,0.895140712327285,False
830779,武汉蓝电,C40,仪器仪表制造业,C,3,2015股灾; 2018去杠杆; 2020疫情,,0.49876459972031034,0.18377928970773658,0.05536580646222265,,0.5162653740005566,0.06767165826761659,0.017445829007803577,0.24596989863008986,0.2004609537586589,4928943.029999999,-0.06628371804743803,-0.026509869066742648,0.013441845721342457,0.14037890513851428,0.10781467979228883,True
600201,生物股份,C27,医药制造业,C,3,2008金融危机; 2015股灾; 2020疫情,0.16069171498496823,0.17270513558783118,-0.002315418334592297,0.4039142236904136,-0.18565612409873758,0.18810614098823766,-0.13660817759132599,0.8616106652202036,0.24577035808773764,0.28802022736990124,97106508.97666669,-0.003194371160208931,-0.018835180008504943,-0.01192877282164334,0.019233022102349596,0.1994614422275212,False
000680,山推股份,C35,专用设备制造业,C,3,2008金融危机; 2018去杠杆; 2020疫情,0.36606610221183633,-0.4812896769064966,0.25995567373041495,0.10854832106560339,0.14775892612761032,-33.71617149910221,0.36901046914265107,0.6996697075419843,0.24485669900261822,0.4054797009374152,-17886398.610000033,-0.009793239921302857,-0.009914113214504694,-0.016449656600097395,0.19953525658785357,0.6973262290486304,False
002460,赣锋锂业,C32,有色金属冶炼及压延加工业,C,3,2015股灾; 2018去杠杆; 2020疫情,,0.5571658072334514,0.1415408625918586,0.03412119440907244,,0.478649577642908,-0.1666214095725892,2.0096377714229967,0.24427595474479416,0.7738886464977718,204435840.1766667,-0.0557016086890485,-0.02023243159238482,-0.04572618558374066,-0.05527165829947213,0.5280490686768937,False
000423,东阿阿胶,C27,医药制造业,C,3,2008金融危机; 2015股灾; 2020疫情,0.22050333564936608,0.3593536861487028,-0.004615102866519331,0.15237322396744363,0.4063546552200009,0.19350068466351342,0.020846901599956832,1.0919854927304236,0.24407674858850417,0.563946944204646,765945236.89,0.029890051102541188,0.009519028986245423,-0.009213238062461321,0.15071508770532888,0.21053072617600643,True
000880,潍柴重机,C34,通用设备制造业,C,3,2008金融危机; 2018去杠杆; 2020疫情,0.2875350741603252,-0.20844036977293323,0.1981540716730158,0.24436450684488734,0.2777675648698984,-0.33692395281459275,0.7707263856511677,0.31084811246337685,0.24335121755940944,0.4531140209948143,-100888932.90999998,0.012771963789600433,0.004302919433481285,0.038055754679345154,0.08977900675021822,0.6719252442819494,False
600256,广汇能源,B07,石油和天然气开采业,B,3,2008金融危机; 2018去杠杆; 2020疫情,0.06476986051225647,-0.28166572007273505,0.5858228287359275,0.07777102639527003,0.15655591104697555,-0.8634214532829867,2.315552612872413,-0.23352646918006087,0.24278790521448465,0.7461940182464426,701384863.0233332,0.010690292331452883,-0.011098627084558554,-0.02627134614080323,0.1066929405212538,0.5386320880605064,True
002209,达意隆,C35,专用设备制造业,C,3,2008金融危机; 2018去杠杆; 2020疫情,0.3934191653412587,-0.15632710635216132,0.024834872268918843,0.3053727609905704,0.08844132245276908,-0.0326009654210764,-0.4872706284889586,1.4632726670224787,0.241208932866916,0.35481445366209635,-24659465.959999997,0.0016344185858005224,-0.01469650751082957,-0.049000654845306836,0.09725367688122286,0.7188125518087556,False
002595,豪迈科技,C35,专用设备制造业,C,3,2015股灾; 2018去杠杆; 2020疫情,,0.2723763749083706,0.24357205359498055,0.20684128554912456,,0.28260251591030316,0.09392499421803807,0.16709098559469077,0.24092990468415856,0.18120616524101066,45729555.61666668,0.005039751262827454,-0.019978361464585814,-0.0023357025623682256,0.2036877865946031,0.1534426135071325,True
300229,拓尔思,I65,软件和信息技术服务业,I,3,2015股灾; 2018去杠杆; 2020疫情,,0.3374304294254115,0.029196400130745082,0.35369413279292594,,0.26133567907615773,-0.5776686016466899,1.0000985218369962,0.24010698744969416,0.2279218664221547,29847450.66333334,0.009393300148480653,-0.02904014296836921,0.04770424699234498,-0.02362671375044986,0.079384625965227,False
600429,三元股份,C14,食品制造业,C,3,2008金融危机; 2015股灾; 2018去杠杆,0.28248407783218643,0.21823533944330062,0.21803998375762837,-0.09782773270593623,1.296361190734161,2.692144092880219,1.3651458831241612,-0.9031682142819341,0.23958646701103847,1.7845503889128471,380357610.6866667,0.013654446040135838,0.038072015412571686,-0.0231754948971493,0.011003844758496206,0.4274722371682103,False
300377,赢时胜,I65,软件和信息技术服务业,I,3,2015股灾; 2018去杠杆; 2020疫情,,0.25029256594374394,0.1900914572284395,0.27790745105615494,,0.24666713042595215,-0.17852951457861369,-1.4254108215914205,0.23943049140944614,-0.45242440191469396,37076818.82666667,-0.016704080115633232,-0.010661153664627535,0.018055997040885934,-0.16918414629977577,0.09326351784423666,False
300026,红日药业,C27,医药制造业,C,3,2015股灾; 2018去杠杆; 2020疫情,,0.1692617632953117,0.25190900867468896,0.29686101152794453,,0.19445791815223853,-0.5171986743175089,0.370306470065552,0.23934392783264843,0.015855237966760565,-134190157.18,-0.03563412736853704,-0.045839968854598324,0.0226938628803269,0.0026079580016939844,0.21196027234176792,False
002734,利民股份,C26,化学原料及化学制品制造业,C,3,2015股灾; 2018去杠杆; 2020疫情,,0.10104990162748263,0.06727563652562504,0.5490829525966084,,0.38844674819315,0.47533744856744437,0.2419748327731988,0.23913616358323872,0.36858634317793104,297734801.82666665,0.013697829469181527,-0.0009458268774902023,-0.030161252472781435,0.03466452985003457,0.5952869174093439,False
600027,华电国际,D44,电力、热力生产和供应业,D,3,2008金融危机; 2015股灾; 2018去杠杆,0.5596362115094349,0.038261160091059766,0.11844839603499627,-0.031076105731719195,-2.9677726503207156,0.40507422224844075,1.9278694905227778,0.30149323742200146,0.23878192254516364,-0.21160964584983236,3685429000.0,-0.08257173235057236,-0.02950936058538794,0.004138158657268261,0.07941171058280046,0.6155078996362315,False
600537,亿晶光电,C38,电气机械及器材制造业,C,3,2008金融危机; 2015股灾; 2020疫情,0.04950816504846475,0.5138365420083739,-0.1419663233831979,0.15143715320345738,-0.7370525410675992,1.0109682603509755,0.40948836885446843,-1.1532207338600289,0.23826062008676538,-0.29310167152555083,392017702.6666667,-0.06093898322371675,-0.027121638537098213,0.0033095785872891783,-4.898805044368914,0.919080171649879,False
603678,火炬电子,C39,计算机、通信和其他电子设备制造业,C,3,2015股灾; 2018去杠杆; 2020疫情,,0.21706044880453085,0.07214214388086092,0.42299999605332533,,0.11925850342445643,0.4691346782172023,0.6305802558694537,0.2374008629129057,0.4063244791703708,-43605931.49333333,-0.006590555180033268,0.02427761367695717,-0.0006799337290588162,0.030652143062132552,0.2582310895607641,False
600057,厦门象屿,L72,商务服务业,L,3,2015股灾; 2018去杠杆; 2020疫情,-0.5122508761402372,0.2384949907993503,0.15109860723359872,0.32231768215646805,0.06113468410240559,0.30101395632301714,0.4532434600577277,0.11646549367191705,0.23730376006313902,0.29024097001755395,3262980030.6433334,-0.002361540221624022,-0.0009577630258793707,-0.019354144275934886,0.05445390224961213,0.7196415876914851,False
600513,联环药业,C27,医药制造业,C,3,2008金融危机; 2018去杠杆; 2020疫情,0.15704471904777972,-0.03926381443853389,0.4790882232347031,0.07417150668477236,0.30887498444821065,0.13927002941599412,0.051210857882780826,0.4432813698305463,0.23676814965575174,0.2677890707205126,5192955.366666664,0.010733921518209245,-0.019867244469722895,0.018683503318932048,0.06747001033201913,0.47765198646043433,False
600845,宝信软件,I65,软件和信息技术服务业,I,3,2008金融危机; 2018去杠杆; 2020疫情,0.17398623046891215,-0.03296090609647023,0.14559370404380156,0.3896485188422959,0.3415703581808772,0.019589991508461795,0.5478971217244631,0.4705586040160936,0.23640948445166987,0.45334202797381135,235869173.40999997,0.028532805417644233,0.00849653696874105,0.01688807894921048,0.1893931896874091,0.43219355821602495,True
900926,宝信B,I65,软件和信息技术服务业,I,3,2008金融危机; 2018去杠杆; 2020疫情,0.17398623046891215,-0.03296090609647023,0.14559370404380156,0.3896485188422959,0.3415703581808772,0.019589991508461795,0.5478971217244631,0.4705586040160936,0.23640948445166987,0.45334202797381135,235869173.40999997,0.028532805417644233,0.00849653696874105,0.01688807894921048,0.1893931896874091,0.43219355821602495,True
002538,司尔特,C26,化学原料及化学制品制造业,C,3,2015股灾; 2018去杠杆; 2020疫情,,0.25038015685898873,0.20136133816565246,0.25720925039050235,,0.7123033443007909,0.4533156593766824,0.2004692286119542,0.23631691513838118,0.4553627440964758,475601827.6933333,0.010752520463327711,0.016220218118527047,-0.0570296125049918,0.058620871996680896,0.1679827520894175,False
600395,盘江股份,B06,煤炭开采和洗选业,B,3,2008金融危机; 2018去杠杆; 2020疫情,0.7038625669507405,-0.2136906260699098,0.001396793944542413,0.0036184966189756317,5.616254844067564,-0.9244809702347095,0.09085430592661246,-0.14894095618339087,0.2362926191714195,1.8527227312702619,-269100954.6033334,0.0736894094568291,0.02061511839512985,0.0055859608417874644,0.009745881539935837,0.7355993498500113,False
600114,东睦股份,C33,金属制品业,C,3,2015股灾; 2018去杠杆; 2020疫情,-0.02675901797242918,0.11217253504753799,0.07587553015412828,0.519028898138116,-0.3931365602374541,0.25965418331533113,0.1000093802575902,-0.6953170261871244,0.23569232111326077,-0.11188448753806769,15044277.763333345,-0.020718910623651655,-0.03619928970198352,0.056472337073378724,0.14365733454827087,0.5678196527997353,True
300037,新宙邦,C26,化学原料及化学制品制造业,C,3,2015股灾; 2018去杠杆; 2020疫情,,0.2345124308823691,0.19231881276318155,0.27365803878619016,,-0.016130518140981272,0.14952088517541312,0.5901832393406489,0.23349642747724694,0.2411912021250269,155078148.85,-0.010182930897018392,-0.005093680727809931,-0.010994953278926661,0.09313511968734002,0.4199297692117107,False
603686,龙马环卫,C35,专用设备制造业,C,3,2015股灾; 2018去杠杆; 2020疫情,,0.29617455956062055,0.11629335818915802,0.28747678574393787,,0.17817241672412246,-0.05951450322644837,0.832612989168781,0.23331490116457218,0.31709030088881834,32567741.103333354,-0.02495860207491316,-0.008280218122440314,-0.03896161898878692,0.05298644553720412,0.44688672790197476,False
601919,中远海控,G55,水上运输业,G,3,2008金融危机; 2018去杠杆; 2020疫情,0.22463123353369738,-0.10694517051311352,0.33566485089631637,0.13373888139538753,-0.42812507583052867,0.1551967406703998,-0.3735129540111608,0.27418423027294914,0.23134498860846708,-0.17581793318958008,8520824607.523335,-0.07665364504694408,0.002260510352709799,0.0023574423873357064,0.1943298971825866,0.426985531156446,True
000951,中国重汽,C36,汽车制造业,C,3,2008金融危机; 2018去杠杆; 2020疫情,0.10721839619572658,-0.18864942159198655,0.08221499566080205,0.5043508155076124,-0.3341378266245665,-0.3941890631298073,0.03559639001583715,0.5219296918716003,0.2312614024547137,0.07446275175429033,828108035.1766667,-0.03507764124115257,-0.019781596788553124,0.0054071454118280364,0.11372243478518705,0.6026778331322915,False
002324,普利特,C29,橡胶和塑料制品业,C,3,2015股灾; 2018去杠杆; 2020疫情,,0.3759847657007497,0.07889273661876291,0.23543981660343094,,0.32823727917424317,-0.5934473999049747,1.4267916761574673,0.23010577297431448,0.3871938518089119,154440997.38333333,0.015928101402626706,0.011837676520931604,0.020565346177492023,0.019062479497504763,0.6043777331862782,False
831641,格利尔,C38,电气机械及器材制造业,C,3,2015股灾; 2018去杠杆; 2020疫情,,0.36883651416216123,0.27219030255956406,0.04543681092851682,,1.1116552007919789,0.6131298176974902,-0.14889894038497628,0.2288212092167474,0.5252953593681643,7403854.373333332,0.03379243913568954,-0.02007751123417219,0.01041412809773882,-0.011720329719551925,0.40232348845390314,False
300411,金盾股份,C34,通用设备制造业,C,3,2015股灾; 2018去杠杆; 2020疫情,,0.08619801305270279,0.19045050831201393,0.4069549569745864,,0.06443307503782743,-25.760964017267394,-0.36484598470727253,0.22786782611310105,-8.68712564231228,-22062731.51666667,-0.36132407978911346,0.01627065721306146,0.05825504452341912,0.010605372199652326,0.33903619645296545,False
600022,山东钢铁,C31,黑色金属冶炼及压延加工业,C,3,2008金融危机; 2018去杠杆; 2020疫情,0.2847286365171927,-0.24858472886016042,0.16723083471915465,0.22822663119344092,-0.4350732724309078,1.0636602969741293,0.19274289149676277,0.7441531563038771,0.22672870080992943,0.16727425845657737,2520325846.3433332,-0.038450978613132736,0.0010617007929860829,0.031002888132894018,-0.08753169576128682,0.5701705809137821,False
300420,五洋停车,C34,通用设备制造业,C,3,2015股灾; 2018去杠杆; 2020疫情,,0.08874611517690378,0.32800506139588587,0.2634286245057007,,-0.299588472908518,0.8453244463592506,-0.01310477343463902,0.22672660035949677,0.17754373333869788,-14006737.319999998,-0.030089204144276138,-0.02989578460519114,0.06594022570475329,-0.03570365681679687,0.24313019616747555,False
600362,江西铜业,C32,有色金属冶炼及压延加工业,C,3,2008金融危机; 2018去杠杆; 2020疫情,0.3034491660355903,-0.06563781049880178,0.04995449454925597,0.3253566760938414,-0.47752895908507076,-0.75969777080159,0.43381779251591707,0.12184382236946395,0.22625344555956253,0.02604421860010342,902104990.6666666,-0.037390715513243834,-0.009384375538258022,-0.012250690759496733,0.0845488281144471,0.5453681917716423,False
601003,柳钢股份,C31,黑色金属冶炼及压延加工业,C,3,2008金融危机; 2018去杠杆; 2020疫情,0.4109980899219912,-0.27258588001465417,0.13942097748248958,0.12492540349945994,-0.9844630101290742,-8.049541202575119,0.7420225768090368,-0.24833118009919283,0.22511482363464688,-0.16359053780641009,-83224943.58999975,-0.08712174679675282,-0.009792921837172003,-0.02422366058084502,-0.029171154780100406,0.6804468486792877,False
430139,华岭股份,C39,计算机、通信和其他电子设备制造业,C,3,2015股灾; 2018去杠杆; 2020疫情,,0.32354911350587595,0.03727953687603708,0.3139022810778272,,0.43692662911257585,0.0004150284143440136,0.49160518843053125,0.22491031048658008,0.30964894865248366,34993588.96666667,0.013192727743339705,0.0010602492339389185,-0.01733292729429554,-0.013625055820743902,0.16525738717114935,False
002362,汉王科技,C39,计算机、通信和其他电子设备制造业,C,3,2015股灾; 2018去杠杆; 2020疫情,,0.027868440598619523,0.23643243492226904,0.4080122988724015,,-0.5206455986773544,-0.6674303505116219,3.444613395763164,0.22410439146443004,0.7521791488580626,-49889042.199999996,0.007485242110095896,0.009097566127370726,-0.016679605667065237,-0.0827130644844405,0.3462464524720047,False
300315,掌趣科技,I64,互联网和相关服务,I,3,2015股灾; 2018去杠杆; 2020疫情,,0.4504783183933601,0.11430123068824674,0.1065249095599555,,0.430133109809782,-11.592494102495428,-0.13224521648508453,0.2237681528805208,-3.7648687363902433,72434958.78000003,-0.21831423481355372,0.0600175182324445,0.006339166618493893,0.022795357326034837,0.08520471648524426,False
600841,上柴股份,C34,通用设备制造业,C,3,2008金融危机; 2018去杠杆; 2020疫情,0.025448725591752448,-0.22100400707091275,0.12363926706709968,0.5202233416792557,-0.8985214795422108,-0.38341742965935616,0.0719874017531855,0.9646502088561352,0.22310377811270263,0.04603871035570328,-104175412.37,0.006317691578617369,-0.008786574010965506,-0.0010885397210419663,-0.5682691799062343,0.7340755423530463,False
900920,上柴B股,C34,通用设备制造业,C,3,2008金融危机; 2018去杠杆; 2020疫情,0.025448725591752448,-0.22100400707091275,0.12363926706709968,0.5202233416792557,-0.8985214795422108,-0.38341742965935616,0.0719874017531855,0.9646502088561352,0.22310377811270263,0.04603871035570328,-104175412.37,0.006317691578617369,-0.008786574010965506,-0.0010885397210419663,-0.5682691799062343,0.7340755423530463,False
300185,通裕重工,C34,通用设备制造业,C,3,2015股灾; 2018去杠杆; 2020疫情,,0.13962327079959355,0.11491075568759107,0.412225888070909,,0.6512986672324423,0.0655673468595604,0.6041757206939488,0.22225330485269787,0.4403472449286505,207043861.26,0.012987450635765757,0.0005058128751254387,0.014733313342487805,0.006014270795886338,0.5543217964579539,False
002349,精华制药,C27,医药制造业,C,3,2015股灾; 2018去杠杆; 2020疫情,,0.350634720794023,0.20856572943272095,0.10710647015136188,,1.0144559162018694,0.36643993191888213,1.0532566473274285,0.22210230679270193,0.8113841651493933,-23789813.753333334,0.09671921783619582,0.002966386142393788,-0.0372020286115247,0.08368479190853945,0.10438499810200579,False
002675,东诚药业,C27,医药制造业,C,3,2015股灾; 2018去杠杆; 2020疫情,,0.05844560680648132,0.46203388958539787,0.14241582763482402,,0.034065528315048305,0.46863716271731437,0.762268523615322,0.2209651080089011,0.4216570715492282,58338173.87666664,0.0017999146433667183,-0.006603980223001016,-0.027409969581457545,0.026328931098109135,0.37791913524689535,False
002125,湘潭电化,C26,化学原料及化学制品制造业,C,3,2008金融危机; 2018去杠杆; 2020疫情,0.18552437568114968,-0.06613924635533257,0.45655336236803773,0.019937620278405677,-8.003181421340367,1.2036247757856855,0.4537649915052809,-0.6502096675033462,0.2206717861091977,-2.733208699112811,26066217.12666667,-0.0644992187303244,-0.024677778492634847,0.004801579117183226,0.10037225904303686,0.3828239291587005,True
002049,紫光国微,C39,计算机、通信和其他电子设备制造业,C,3,2008金融危机; 2015股灾; 2018去杠杆,0.16549961412952655,0.15022902676781497,0.34406495410354365,-0.046686762414222864,-0.03850701469398868,0.09416428182512743,0.250488468667542,1.0011859282498716,0.2199311983336284,0.10204857859956025,-30751835.316666692,0.0012395144068507123,-0.0065896590157668395,0.013230765852020035,0.09564087688684868,0.28437405783460035,False
600388,龙净环保,C35,专用设备制造业,C,3,2008金融危机; 2015股灾; 2018去杠杆,0.2738554547162689,0.2263768021478375,0.15896157818235945,-0.06897678130762239,0.4300814880261421,0.20139969955760975,0.10657608175715012,-0.174313832842777,0.21973127834882197,0.24601908978030065,340953266.34999996,0.016983897347453564,-0.006619027901487893,0.029759917951416637,0.07960052181268372,0.6141997994033492,False
002326,永太科技,C26,化学原料及化学制品制造业,C,3,2015股灾; 2018去杠杆; 2020疫情,,0.45274250716232667,0.19779254621021464,0.005966489302492007,,0.7269432068879392,1.303048949340677,-0.7018186043680302,0.21883384755834445,0.4427245172868619,187599233.17333332,0.013697556459850657,-0.005024931569434482,0.05737506074970752,-0.1839186178881262,0.7459259053982709,False
300382,斯莱克,C35,专用设备制造业,C,3,2015股灾; 2018去杠杆; 2020疫情,,0.19263181605082147,0.3477860710496383,0.11498734329686612,,0.1320540820874025,-0.018030213716759752,-0.3705543943476817,0.21846841013244198,-0.08551017532567966,-70732557.34,-0.010019105646300952,-0.034198451497049864,0.04481504267773342,-0.09487210744247793,0.5978527660325014,False
002130,沃尔核材,C39,计算机、通信和其他电子设备制造业,C,3,2008金融危机; 2018去杠杆; 2020疫情,0.2592336778572956,-0.004766202852282243,0.3664598111421942,0.02933435106036809,-0.4442498770943767,3.1650977515154546,-0.7964820644254589,0.8982763916926411,0.21834261335328597,-0.11415184994239817,187793135.34333336,-0.020779533582495815,0.010831016784376757,-0.011461427715535433,0.15020480201106412,0.4030092219014476,True
600805,悦达投资,S90,综合,S,3,2008金融危机; 2018去杠杆; 2020疫情,0.11119698620722178,-0.2271771498275609,0.3673124351696583,0.1719043105383227,0.6380195317702388,-0.8843670904092836,1.1505915665737914,-20.28443050749773,0.2168045773050676,-6.165273136384567,223932974.08333334,-0.0534978897133686,-0.03315863260539822,0.08592517001708237,0.0003803246208468352,0.46887946459129004,False
000410,*ST 沈机,C34,通用设备制造业,C,3,2008金融危机; 2018去杠杆; 2020疫情,0.11252643977171543,-0.18311625317224137,0.19708949812907892,0.34027148849907474,-0.422919819501957,-29.975058101117444,-8.974779174208273,0.7644292581029224,0.21662914213328968,-2.877756578535769,-119179067.33333337,-1.718560712305947,0.2907226451293761,0.05519395488457738,0.01133104700899677,0.6918490399791518,False
831167,鑫汇科,C39,计算机、通信和其他电子设备制造业,C,3,2015股灾; 2018去杠杆; 2020疫情,,0.022859331546410844,0.4258386570729587,0.1992054719338841,,0.3107779345929099,0.6459356307068782,0.5085009644332947,0.21596782018441787,0.4884048432443609,20686354.650000002,0.009547477770935028,-0.013415379113539813,-0.03141728456681484,0.06400624188847871,0.5780562608549363,False
601899,紫金矿业,B09,有色金属矿采选业,B,3,2015股灾; 2018去杠杆; 2020疫情,,0.26451495199218367,0.12105546473541369,0.26013142140375983,,-0.4905265346058607,0.44191089001076034,0.6712503951595861,0.21523394604378573,0.20754491685482857,2673430253.3333335,0.0004266333899561048,-0.019235362048690807,0.040640387171922164,0.22164351875829227,0.551876145531038,True
002015,协鑫能科,D44,电力、热力生产和供应业,D,3,2008金融危机; 2018去杠杆; 2020疫情,0.45479625028264153,-0.6597500223254817,0.15104836753780357,0.03740727553573092,-0.6785722964811447,1.0902964661412096,-0.31425053175095813,0.23558500793299494,0.214417297785392,-0.2524126067663693,226837946.20000002,-0.03344086749881953,-0.00909955592476829,0.04397019996050358,0.043237777718582684,0.6672230270963526,False
002236,大华股份,C39,计算机、通信和其他电子设备制造业,C,3,2015股灾; 2018去杠杆; 2020疫情,,0.37452214795865824,0.255843391127553,0.012104949162658207,,0.2069967001696668,0.09163900432085213,0.24499140835869976,0.2141568294162898,0.18120903761640625,1019952715.0566669,-0.011870022705242381,-0.0013725045795544566,0.02551718056217711,0.0785268164100454,0.2950874012962163,False
600897,厦门空港,G56,航空运输业,G,3,2008金融危机; 2015股灾; 2018去杠杆,0.5165991777091768,0.05314020212560127,0.07042342798191951,-0.3137420284766934,0.13210061575981924,-0.19173366476645412,0.22547895856990202,-0.6506436664895856,0.21338760260556588,0.05528196985442238,96599259.49999999,0.002141456613687647,-0.04047066647790426,0.050149251261428086,0.09740785959379292,0.17506683233999198,False
002681,*ST 奋达,C39,计算机、通信和其他电子设备制造业,C,3,2015股灾; 2018去杠杆; 2020疫情,,0.5960791339540824,0.042258654475608906,0.0005909791794908934,,1.0206574962896182,-2.7588174602002247,1.3460735730089506,0.21297625586972738,-0.1306954636338853,26015061.859999996,0.5449969623858725,-0.013407888962012171,0.009039939940629302,0.03544110856896986,0.4981810088256282,False
000837,*ST 秦机,C34,通用设备制造业,C,3,2008金融危机; 2018去杠杆; 2020疫情,0.2822523785854485,-0.27213979541171446,0.06278742280903855,0.29387453936777874,-0.10987548555387966,-7.509500488417038,-8.346071435554204,1.6570825321761569,0.21297144692075523,-2.2662881296439763,56369146.63333335,0.02281450293691721,0.0015758438030060162,0.02638048115765958,0.013623730670956034,0.438637294551488,False
002032,苏泊尔,C33,金属制品业,C,3,2008金融危机; 2015股灾; 2018去杠杆,0.2347783240828574,0.14421541988045977,0.25825246016706654,-0.063290351512056,0.3905774635548228,0.2896467025313668,0.2759787142453468,-0.03812190924920857,0.21241540137679457,0.31873429344384546,402454396.1233333,0.022796487766602428,0.007161914557684372,-0.024296498928606348,0.34747883410021235,0.5129204651112498,True
002062,宏润建设,E48,土木工程建筑业,E,3,2008金融危机; 2015股灾; 2018去杠杆,0.35166841320293246,0.06701689365184645,0.21667988151059242,-0.05247972824378201,1.2529130869319358,0.0699669466626907,-0.27339485044484624,0.3753091976710185,0.21178839612179043,0.3498283943832601,432149704.0033334,0.009210698957691507,0.02748079302525736,0.0373314390262612,0.06655313782763232,0.6571605942796614,False
300109,新开源,C26,化学原料及化学制品制造业,C,3,2015股灾; 2018去杠杆; 2020疫情,,0.14721628080583535,0.4292052172221942,0.05852583227457792,,0.8920884119369432,-0.02227667845920878,-0.7404041996628463,0.21164911010086918,0.043135844604962705,68760459.28,-0.01899411203532677,0.02037978356370949,-0.00047534891782458993,0.0956322958215389,0.1748306116149313,False
000526,紫光学大,P82,教育,P,3,2008金融危机; 2015股灾; 2018去杠杆,0.27172606743598715,0.3328648358670398,0.02888155075262671,-0.18785661996429315,-5.1924360342053,-7.647953633724821,-0.5454620297807918,2.4734219847005696,0.2111574846852179,-4.461950565903638,-24103830.916666675,-0.13944294973162238,-0.11825860094845318,0.1142329548294696,0.219659320457093,0.790418115345163,False
002359,*ST 北讯,I63,电信、广播电视和卫星传输服务,I,3,2015股灾; 2018去杠杆; 2020疫情,,0.12052731352594007,0.2865726690352238,0.2250648797856083,,1.1369895575746585,-6.1007481926978775,0.41294396168686626,0.2107216207822574,-1.5169382244787843,109693151.95666666,-0.15787369135468687,0.3800992344469761,0.06925746134054368,,,False
002258,利尔化学,C26,化学原料及化学制品制造业,C,3,2015股灾; 2018去杠杆; 2020疫情,,0.13031979322202406,0.30598566351148476,0.19330840981046463,,0.5206115767860328,0.4851499142653797,0.7346145579904435,0.20987128884799114,0.5801253496806186,103597534.47666669,0.03047977691770075,0.03180793026954781,0.03763815826013769,0.03311947421927531,0.42418569887121227,False
600773,西藏城投,K70,房地产业,K,3,2008金融危机; 2018去杠杆; 2020疫情,0.02008037068452813,-0.2741787056147036,0.21983013384099737,0.3869577003451565,0.4719076562154614,0.1528389451323435,0.33572799782483814,-0.0004278576459187707,0.2089560682902273,0.2690692654647936,-264342805.2633334,2.267463186810557,0.057831074528124894,0.10021226706194479,-0.008157090812697767,0.6071465965187566,False
002572,索菲亚,C21,家具制造业,C,3,2015股灾; 2018去杠杆; 2020疫情,,0.35350465169542744,0.186554975189953,0.08674848478580198,,0.36743642273388866,0.06598802030093767,0.11799651830285554,0.20893603722372747,0.18380698711256063,59458203.210000016,0.0077267909680774904,-0.003078008380207905,0.050274362136078825,0.18453199297038433,0.5256611067228492,True
600433,冠豪高新,C22,造纸及纸制品业,C,3,2008金融危机; 2015股灾; 2018去杠杆,0.04161934384521452,0.34550162812229196,0.23799500049614747,-0.05974458702224037,-17.39787805974707,-0.7361269022488539,1.3697504558499336,0.057978213359596874,0.20837199082121796,-5.588084835381998,37502940.65333333,-0.03286470036470531,-0.01636205318124136,-0.03993192534769683,0.024303379800417198,0.44165116189929593,False
600050,中国联通,I63,电信、广播电视和卫星传输服务,I,3,2008金融危机; 2018去杠杆; 2020疫情,0.5205324931818925,-0.03992899584892464,0.05839206827644621,0.04586178499215028,2.619092723925177,-0.12813415004418643,4.5230969020500735,0.11193045669000035,0.20826211548349635,2.4180400275550835,14021707608.333334,0.029309788422430347,-0.0002812572427245419,-0.0015430867367350887,0.05586018762319121,0.451890316960874,False
002688,金河生物,C27,医药制造业,C,3,2015股灾; 2018去杠杆; 2020疫情,,0.488997246492711,0.11734164175965878,0.01810790737360545,,0.4455345202925451,0.4939424371889907,-0.26866930240548986,0.20814893187532504,0.22360255169201534,112932691.11666667,0.008468574285092812,-0.014644427382725922,0.03732508434055317,0.03373066233794566,0.5575924214813991,False
000063,中兴通讯,C39,计算机、通信和其他电子设备制造业,C,3,2008金融危机; 2015股灾; 2020疫情,0.2736347721800683,0.2297142643219957,-0.21414386379382608,0.11807903453978463,0.3172576959194627,0.37120242839283946,-2.2901780094914135,-0.1826272199428425,0.20714269034728292,0.1686109681231532,3745883333.3333335,-0.017995039171746094,-0.021750767011113465,-0.03930267006018565,0.11428779607224056,0.6473608770228015,False
002271,东方雨虹,C30,非金属矿物制品业,C,3,2015股灾; 2018去杠杆; 2020疫情,,0.05954281140790717,0.36459296703003197,0.19697923722045574,,0.2510272641145209,0.21640162691265935,0.6319919278533644,0.2070383385527983,0.36647360629351494,1140995944.6733334,0.0125031817519492,0.01094513633354934,0.007528736835282213,0.0029829773614262725,0.43388659988022166,False
002128,露天煤业,B06,煤炭开采和洗选业,B,3,2008金融危机; 2018去杠杆; 2020疫情,0.48707363232429074,-0.1066910331679159,0.08444634183565655,0.04797303028803544,0.39693009255175343,-0.1438359615160197,0.15601060009173398,-0.04920169576484423,0.20649766814932757,0.16791299895954773,1209719056.1666667,0.010740075204721358,0.011011559699067733,-0.0038120121475336646,0.15221251952437115,0.2529759220465444,True
430718,合肥高科,C38,电气机械及器材制造业,C,3,2015股灾; 2018去杠杆; 2020疫情,,0.21558123420502576,0.16065867069406753,0.2432414455435204,,0.2890668467007484,-0.009035806732159068,0.004128524491671439,0.20649378348087122,0.09471985482008692,4094604.7699999944,0.002311795014095117,-0.02979345275282369,-0.009595805375091526,0.13590691226841545,0.3816227368549045,True
601799,星宇股份,C36,汽车制造业,C,3,2015股灾; 2018去杠杆; 2020疫情,,0.22395307211196547,0.19237863602650998,0.20206129438720877,,0.07835072780598201,0.29694272812536565,0.4686398613125354,0.20613100084189473,0.281311105747961,139440049.40333334,0.020007669047733614,0.012202648132283583,0.029051252517049136,0.1383751738769149,0.3993612629574499,True
600831,广电网络,I63,电信、广播电视和卫星传输服务,I,3,2008金融危机; 2015股灾; 2020疫情,0.5294913220462301,0.03860851815787968,-0.04887987076614582,0.049551024504380765,0.01275219529987097,0.012003545962502356,-0.4734184326991976,1.4376641923526203,0.20588362156949683,0.4874733112049979,85987385.79666667,0.013186561720706464,0.04150019418787428,-0.014443424078296574,-0.5243126352395446,0.8079480177882444,False
300395,菲利华,C30,非金属矿物制品业,C,3,2015股灾; 2018去杠杆; 2020疫情,,0.1847443606179529,0.3241230975790892,0.10855092853585868,,0.20893910049245137,0.3238266022153292,0.24355528615845679,0.20580612891096695,0.25877366295541243,3818026.8533333316,0.013785471212684058,-0.0007077764070600456,0.03200926860092125,0.06595114211205519,0.1877771850637608,False
300188,美亚柏科,I65,软件和信息技术服务业,I,3,2015股灾; 2018去杠杆; 2020疫情,,0.2654061048186906,0.19746820265554346,0.15414837927616698,,0.2354256638865506,0.1516991486163296,0.3877597514349835,0.20567422891680034,0.25829485464595453,-72905207.82999998,-0.003316206788570276,-0.003539559335841195,-0.013711694682684997,-0.11197647078634387,0.3168492202567206,False
601216,君正集团,C26,化学原料及化学制品制造业,C,3,2015股灾; 2018去杠杆; 2020疫情,,0.010364432117414224,0.09366906316507931,0.5114747598708294,,0.09060922113760764,0.06077428949549558,0.9406767273471264,0.20516941838444094,0.3640200793267432,746773505.7633333,0.01794848829160949,-0.003943004968306778,-0.012418513099597758,0.10282600935511088,0.3462352588438287,True
002335,科华恒盛,C38,电气机械及器材制造业,C,3,2015股灾; 2018去杠杆; 2020疫情,,0.11303099500967762,0.4247249296001111,0.0770885778702822,,0.10443409711030054,-0.7933723402040878,0.8059719146570309,0.20494816749335698,0.039011223854414544,37165882.74333335,-0.018853954856808016,-0.0022539957791331555,0.08251775104061841,0.06839683364027875,0.6245775588627681,False
300272,开能健康,C38,电气机械及器材制造业,C,3,2015股灾; 2018去杠杆; 2020疫情,,0.21909648215706165,0.2735276093253814,0.12217864271187898,,0.1132344317213748,31.2011041217745,-0.5805085995021181,0.2049342447314407,10.244609984664585,27411740.383333337,0.0767803926396169,0.006249547269662888,0.02199710523153529,0.086529752718188,0.5565133482824144,False
002465,海格通信,C39,计算机、通信和其他电子设备制造业,C,3,2015股灾; 2018去杠杆; 2020疫情,,0.28869353900549405,0.2141139738260017,0.11177446092840859,,0.24181599796985084,0.3093937894089561,0.04222915169002431,0.2048606579199681,0.19781297968961042,836404542.6766667,0.002286743278867844,-0.01560636241032548,-0.03024177895139436,0.008136678838037058,0.36015181146257086,False
002384,东山精密,C39,计算机、通信和其他电子设备制造业,C,3,2015股灾; 2018去杠杆; 2020疫情,,0.13313543610996045,0.2882377912754337,0.19278300191713774,,-0.1126082787165722,0.529006658690116,1.178393180235942,0.20471874310084395,0.5315971867364953,508278550.81333333,0.016225936762936956,0.0024941212146064964,-0.031119853051999675,0.05745287424569622,0.589558999424615,False
002643,万润股份,C26,化学原料及化学制品制造业,C,3,2015股灾; 2018去杠杆; 2020疫情,,0.5260557371598531,0.07135404127168782,0.016716406668266556,,1.6628495097644966,0.17172035422164939,0.03252914229342951,0.20470872836660248,0.6223663354265252,-52286561.31333334,0.009079922371669468,0.02799302337257409,0.010365297015146857,0.04930920099613979,0.2661511120353851,False
002614,奥佳华,C38,电气机械及器材制造业,C,3,2015股灾; 2018去杠杆; 2020疫情,,0.00692550918096086,0.2685778884645211,0.3360113638555288,,0.31256765323769153,0.24570708501886862,0.5800656191575797,0.20383825383367027,0.3794467858047133,203529068.01666668,0.01269371258897016,-0.008808796778527028,0.04540444811140051,0.01639389202780066,0.4107901675979769,False
002043,兔宝宝,C20,木材加工及木、竹、藤、棕、草制品业,C,3,2015股灾; 2018去杠杆; 2020疫情,-0.07602265434580033,0.16629165223508655,0.04536851096004684,0.39593968155192494,-0.23598112567159535,1.2353937645688853,-0.09450677615844268,0.13125752774844435,0.20253328158235276,0.4240481720529623,21677620.986666653,0.024262044309423508,0.008256207762973108,0.08602235075365137,0.18826046893362983,0.46586388891850217,True
002200,云投生态,A02,林业,A,3,2008金融危机; 2015股灾; 2018去杠杆,0.32813001658787605,0.1537954029560212,0.12480271986538877,-0.607588895388302,0.347590002859916,0.6373989663134966,0.4757703628796874,-2.747083809356458,0.2022427131364287,0.48691977735103326,-22180124.700000007,0.04571455146218373,-0.0004048556498161178,0.044911698030854964,-0.5840712619879493,0.9344459512394294,False
600528,中铁工业,C35,专用设备制造业,C,3,2008金融危机; 2018去杠杆; 2020疫情,0.2986718661969519,-0.1919268737950539,0.12667317143444837,0.18063938356316628,0.3604688572970843,-1.263206998519412,0.10696284308888056,0.11540289531502058,0.2019948070648555,0.19427819856699513,237222456.87999997,0.0070698298931094515,-0.002457233237397142,0.006088030585386428,0.06339202569457715,0.5725658024832759,False
002695,煌上煌,C13,农副食品加工业,C,3,2015股灾; 2018去杠杆; 2020疫情,,0.1698147305209532,0.28407371221914873,0.1509098285809347,,-0.34264203399432175,0.22563729646027186,0.2643135160235623,0.2015994237736789,0.0491029261631708,-30685720.69666667,-0.0008784519445617251,0.00037594859329304064,0.04212794098866796,0.013696849899898687,0.16037721534451688,False
600737,中粮糖业,C13,农副食品加工业,C,3,2008金融危机; 2015股灾; 2020疫情,0.1524287951855497,0.30518498760739615,-0.08572807738982458,0.1467760531552877,0.2943323164589637,1.5868304594458653,-0.2616636319401582,-0.08718839223351388,0.2014632786494112,0.5979914612237717,917344291.9799999,-0.027842383601452737,0.00802888341699505,-0.06981136456322751,0.14821024954878162,0.41482142955791057,True
601168,西部矿业,B09,有色金属矿采选业,B,3,2008金融危机; 2015股灾; 2018去杠杆,0.4489356967168606,0.10392730554693846,0.048770468763004754,-0.06597649917358486,-0.6837729245377265,-0.6843497619249675,-8.175600259394573,-0.00024439451600097604,0.20054449034226796,-3.1812409819524223,-839074700.0,-0.1054429433378901,-0.07763668260760352,0.06658497105722756,0.23256776394912276,0.5856910045140545,True
000656,金科股份,K70,房地产业,K,3,2015股灾; 2018去杠杆; 2020疫情,-0.9569976368923382,0.1197832530588232,0.1863203730821269,0.294083563108671,-0.5087447620186552,0.4294209048000845,0.7592140738581886,0.526563336162798,0.20006239641654036,0.5717327716070237,10293620271.916666,0.009765434338292625,0.02326245320886854,-0.017443079933522638,2.0145152988330963,1.0975638757234851,False
002698,博实股份,C35,专用设备制造业,C,3,2015股灾; 2018去杠杆; 2020疫情,,0.18054902103494333,0.16178961164102837,0.2522172059408382,,-0.056688301730655394,0.3436080161260151,0.43365516252219294,0.19818527953893664,0.2401916256391842,-40859240.386666656,0.012305233330466944,-0.006649177054802058,0.02519209399899151,0.13775411197702497,0.43200053477022493,True
002727,一心堂,F52,零售业,F,3,2015股灾; 2018去杠杆; 2020疫情,,0.20159432942114405,0.18386074339668906,0.20776522661754157,,0.17418930761764245,0.22952060024491067,0.3080423592244948,0.19774009981179155,0.23725075569568266,101530715.77333336,0.009973738019171513,-0.007938214631629395,0.029666020073221906,0.01441122644395763,0.5452676790643405,False
601567,三星医疗,C40,仪器仪表制造业,C,3,2015股灾; 2018去杠杆; 2020疫情,,0.4468689995904663,0.09352394686793282,0.05246658655577031,,0.5130665557376336,-0.4291347577411243,-0.0820938675929593,0.19761984433805646,0.0006126434678500001,17941772.376666684,-0.013742372392093966,-0.02665908803452699,0.014570333535449767,0.18520848269513587,0.4985416672757249,True
600866,星湖科技,C14,食品制造业,C,3,2008金融危机; 2018去杠杆; 2020疫情,0.27752468749506076,-0.16262948239947744,0.2505797168605145,0.0635167032241277,1.2032090307109184,-0.17057266439380206,1.267135150615539,-0.005630830663231141,0.197207035859901,0.8215711168877421,38036506.126666665,0.1437073029087708,0.03276000906008381,-0.007912349300145024,0.11826336935794689,0.44800824844570647,True
600157,*ST 永泰,D44,电力、热力生产和供应业,D,3,2008金融危机; 2015股灾; 2020疫情,0.18192178861236075,0.36301080056130836,-0.0027230722008283266,0.04518061367820454,-0.383989180068396,1.0323672269938637,-0.8163685947889532,15.482411029142003,0.19670440095062455,5.3769296920224905,242522058.92000008,0.029806601650203823,-0.013112894542359164,-0.02194696352772722,0.03901652288453024,0.5171954280415966,False
600233,圆通速递,G60,邮政业,G,3,2008金融危机; 2018去杠杆; 2020疫情,0.09361276520581528,-0.011732983678188747,0.3744804486235114,0.1205709605524949,-0.4426080058549697,0.011334969523589478,0.3350959491771215,0.09930828160764231,0.19622139146060721,-0.0027345916900686266,184439050.17999998,-0.035855785161350774,-0.008268162324830694,0.011680643236595012,0.12385758239351413,0.33308402748539784,True
002705,新宝股份,C38,电气机械及器材制造业,C,3,2015股灾; 2018去杠杆; 2020疫情,,0.11265479528254976,0.02700350720154292,0.44566842784798977,,0.32602482530604154,0.2293336137327802,0.6785762715704962,0.19510891011069417,0.411311570203106,531898456.26,0.023562123587568085,0.0050934913217918765,0.013747509218309898,0.1327934422443756,0.46305006238862134,True
600558,大西洋,C33,金属制品业,C,3,2008金融危机; 2018去杠杆; 2020疫情,0.284557399699431,-0.22332371969312728,0.21978312271657371,0.08028149465383613,-0.1968821389821041,0.05340977700032116,0.2675516576186297,0.4469712023386713,0.19487400568994695,0.17254690699173234,23747252.87,-0.0005525459774471294,-0.0023644362264598484,-0.0007324060852148909,0.06769849427979295,0.18756089895787728,False
430017,星昊医药,C27,医药制造业,C,3,2008金融危机; 2015股灾; 2018去杠杆,0.3145233510614341,0.07325154959535247,0.19299907225328136,-0.01855946328842037,0.10252555331656893,-0.17004409375809765,0.6457296961062549,-0.09117199823558914,0.193591324303356,0.19273705188824206,-1759334.0300000012,-0.021478985252097887,0.017074880834176076,-0.06638818475732176,0.05306787729064489,0.16684319802009392,False
000793,华闻传媒,R85,新闻和出版业,R,3,2008金融危机; 2015股灾; 2018去杠杆,0.3802882515232642,0.09272738195994008,0.10637609314070418,-0.24252474368043556,0.23452354763611333,-0.15257178955208942,-12.674115690897443,-6.860241941435197,0.19313057554130283,-4.197387977604473,-328125487.08666664,-0.3269861561201601,-0.056818644552868336,0.033960524455744656,-1.44538319718934,0.7897462623306714,False
600550,保变电气,C38,电气机械及器材制造业,C,3,2008金融危机; 2015股灾; 2020疫情,0.3841103629579629,0.03398944250125439,-0.2704066498591783,0.16112596757670458,1.0820810123355251,0.21211774460913382,-12.72890002699643,0.44793990476405426,0.19307525767864062,0.5807128872362378,14758753.153333345,0.05567638989582402,-0.005099332402181217,0.010970090660044876,0.16555036024733305,0.906331342205251,False
002511,中顺洁柔,C22,造纸及纸制品业,C,3,2015股灾; 2018去杠杆; 2020疫情,,0.17336818196096554,0.2242539103242587,0.17914535146333724,,0.30656669521549734,0.16595040998336963,0.5002320264808591,0.19225581458285382,0.3242497105599087,-171151375.92333332,0.01576754270604641,0.009399721007165629,-0.044922076845627455,0.014024662414722179,0.41911555208916446,False
603009,北特科技,C36,汽车制造业,C,3,2015股灾; 2018去杠杆; 2020疫情,,0.11376607100515744,0.33344181787531957,0.12873176563718752,,0.05776467551567379,-0.23384258927817636,1.157757969154051,0.1919798848392215,0.3272266851305161,11481292.946666667,0.02327844964238365,-0.00043287312519561344,0.04290036096406802,0.04171991658521702,0.47771903190463316,False
000055,方大集团,C33,金属制品业,C,3,2008金融危机; 2015股灾; 2018去杠杆,0.2256530726511571,0.3158104226803171,0.03433768979617854,-0.008800849167151884,-0.18195409655611913,-0.26404318079682926,0.95140957704009,0.10097892077955181,0.19193372837588427,0.1684707665623805,-10584441.669999996,0.01717651382255181,-0.03490150833568726,0.013455781693956337,0.023674386617215576,0.5445271406996379,False
200055,方大B,C33,金属制品业,C,3,2008金融危机; 2015股灾; 2018去杠杆,0.2256530726511571,0.3158104226803171,0.03433768979617854,-0.008800849167151884,-0.18195409655611913,-0.26404318079682926,0.95140957704009,0.10097892077955181,0.19193372837588427,0.1684707665623805,-10584441.669999996,0.01717651382255181,-0.03490150833568726,0.013455781693956337,0.023674386617215576,0.5445271406996379,False
000859,国风塑业,C29,橡胶和塑料制品业,C,3,2008金融危机; 2018去杠杆; 2020疫情,0.43484089268054316,-0.16885030973170673,0.05208876790612278,0.08883834510997886,-0.8035913545991161,-0.33062724844545877,1.0440280967091629,0.4369931068556417,0.19192266856554827,0.2258099496552295,74018464.59666668,0.008093443828754954,0.009450015595397982,0.04204040661796928,-0.024977659997129874,0.3564805096497245,False
002120,韵达股份,G60,邮政业,G,3,2008金融危机; 2015股灾; 2018去杠杆,0.1336323228095339,0.05191539241299512,0.38760074555089186,-0.026264963923229856,-0.06662051693760683,-0.2503345268399932,0.6392760989564105,-0.4570704185169755,0.19104948692447363,0.10744035172627014,266313412.1700001,-0.048658551967694474,0.007846648845608492,0.012421961467971662,0.0946470173217843,0.4767754427316087,False
600536,中国软件,I65,软件和信息技术服务业,I,3,2008金融危机; 2015股灾; 2020疫情,0.17633448053161985,0.12309053776971664,-0.06672758579724125,0.27296747420696527,-0.059108856730896914,1.1331550157257146,0.966168006280216,0.16418557600915878,0.19079749750276723,0.41274391166799224,-240928679.08,0.0025118727058171995,-0.008758777265596021,0.026264368974144026,-0.09996825973611365,0.6388718196474664,False
002439,启明星辰,I64,互联网和相关服务,I,3,2015股灾; 2018去杠杆; 2020疫情,,0.28294645091730436,0.10677102557448406,0.18036919009037258,,0.40085706859789866,0.26523160231036996,0.1879178735339812,0.19002888886072034,0.2846688481474166,25433172.709999997,0.007741566096298419,0.0009459187823476952,-0.014532066855316439,-0.01989684317499532,0.1705250405825069,False
600500,中化国际,C26,化学原料及化学制品制造业,C,3,2008金融危机; 2015股灾; 2020疫情,0.4117667340687208,0.13315552495000604,-0.04017382569075427,0.024892385524899325,0.14840207693165036,0.1670395099078287,0.5422709786923163,0.08997236927089731,0.1899382148478754,0.13513798537012547,1141141070.51,-0.002043077788482004,0.015123171778731593,-0.006084926891101368,-0.16886979239039523,0.6425108767594963,False
600898,*ST 美讯,C39,计算机、通信和其他电子设备制造业,C,3,2015股灾; 2018去杠杆; 2020疫情,-0.1429730095578713,0.06705572321484464,0.19965563593832505,0.3030760210287655,-22.793697379264636,-0.2651437976024356,-3489.2274401556665,0.7122871516502959,0.18992912672731174,-1162.9267656005395,-97480526.49000001,-2.0085309908775524,0.01876366898916552,-0.17608317107403684,,,False
601991,大唐发电,D44,电力、热力生产和供应业,D,3,2008金融危机; 2018去杠杆; 2020疫情,0.12203901361908209,-0.11830075669790238,0.44548630423700686,0.0016905378251120407,-0.8601812683887701,0.7046939201460386,0.13906109216591556,0.7855431795479477,0.18973861856040034,0.021474334441697735,946741333.3333334,-0.02960730851366138,-0.05269625385756077,0.01998503991307332,0.07335925417664774,0.7102196571369714,False
300034,钢研高纳,C32,有色金属冶炼及压延加工业,C,3,2015股灾; 2018去杠杆; 2020疫情,,0.1508958419818338,0.3225285632668855,0.09574650368330527,,0.1501615056788974,1.4577339206931417,0.2660910619049181,0.18972363631067488,0.6246621627589858,72837362.23,0.014301589114528841,0.0526150450296523,0.002105408224639921,0.09738902131239327,0.47620459366497175,False
600808,马钢股份,C31,黑色金属冶炼及压延加工业,C,3,2008金融危机; 2018去杠杆; 2020疫情,0.4070329580489233,-0.2459341489540474,0.11913175745399052,0.04282115141619965,-0.716150116984956,-20.331688771999993,0.39149395483754507,0.5041438995581182,0.18966195563970448,0.059829245803569096,3015971666.6666665,-0.0081316719818776,-0.000789938736610582,-0.05224433963941377,-0.18240911998321904,0.6540017307997882,False
600017,日照港,G55,水上运输业,G,3,2008金融危机; 2018去杠杆; 2020疫情,0.4007797779805998,-0.1388155031254087,0.06780660209782918,0.09938557089296343,0.6758001469885172,-0.48427306779337903,0.6439928301935582,0.02684741888939431,0.1893239836571308,0.4488801320238232,132191823.90000002,0.017935118489921274,0.03953107789088525,0.0324329163599126,0.04789679571098519,0.6032309858545842,False
002031,巨轮智能,C35,专用设备制造业,C,3,2008金融危机; 2018去杠杆; 2020疫情,0.16058804384276798,-0.07455838157426278,0.2140847689063654,0.19309309170986427,-0.26473858901845954,-0.15211182015890257,0.09515679645427501,-1.6761543590886008,0.18925530148633254,-0.6152453838842618,-66629454.47000002,-0.03182919345067362,-0.047776087730692564,0.0056585334121576625,-0.09572060184291063,0.4761860578107994,False
600062,华润双鹤,C27,医药制造业,C,3,2008金融危机; 2015股灾; 2018去杠杆,0.08666693740914236,0.20029018174595029,0.2807971926901914,-0.09349244637757073,-0.1336337285203749,0.22285203193955613,0.12170104688266385,-0.049659932186082535,0.18925143728176133,0.07030645010061504,120391315.19666666,-0.01575557163080171,0.03407409770527272,-1.5879638648713668e-05,0.14855809475222148,0.3340670145970477,True
000999,华润三九,C27,医药制造业,C,3,2008金融危机; 2015股灾; 2018去杠杆,0.27027238679643734,0.08570008363811199,0.2075402102138521,-0.07241643944925007,0.9048003139279434,0.1889266449578462,0.11187117677659214,-0.24382148015947255,0.18783756021613382,0.4018660452207939,312447494.6166667,0.02464207018023901,0.006273412860101542,-0.09387469735129716,0.14957611705181786,0.3698834686689687,True
603010,万盛股份,C26,化学原料及化学制品制造业,C,3,2015股灾; 2018去杠杆; 2020疫情,,0.17809756582175487,0.1762989209818087,0.20746512645992576,,1.021629246537483,0.1366086588253956,1.5015687073591428,0.1872872044211631,0.8866022042406737,72804781.93,0.04308225603810617,0.052392839710577704,-0.03326813234990708,0.020810814301809533,0.45678415811380146,False
000932,华菱钢铁,C31,黑色金属冶炼及压延加工业,C,3,2008金融危机; 2018去杠杆; 2020疫情,0.28451804646355233,-0.25529273644582795,0.19170165525115412,0.08551756989184184,-0.47058874950327756,-28.423912016754308,0.6244906180743756,0.046995980805110346,0.18724575720218276,0.06696594979206945,4935766869.75,-0.03512688019934298,0.004391098008852142,-0.044551015364484504,0.04911498111955566,0.5601566997396815,False
000917,电广传媒,I63,电信、广播电视和卫星传输服务,I,3,2008金融危机; 2015股灾; 2018去杠杆,0.26466708132373445,0.09343876071181524,0.20239407858951305,-0.16067226272794946,-0.27759807741611525,0.22276426120960366,2.150685332260141,-5.537519635061473,0.1868333068750209,0.6986171720178764,244035941.35,0.00834184974359791,0.012620362802034926,0.03811099741446117,0.02131801581261019,0.32670581610853483,False
200771,杭汽轮B,C34,通用设备制造业,C,3,2008金融危机; 2018去杠杆; 2020疫情,0.1622211425338719,-0.30149373902712195,0.3468568129722629,0.05060850279818417,0.4744536174367855,-1.2925620659049089,2.3995963516974212,0.29593786066849914,0.1865621527681063,1.0566626099342353,182966362.22333336,0.029166783325947566,0.014716328955218941,0.005859687700826362,0.060890702317869486,0.44835706229141997,False
002012,凯恩股份,C22,造纸及纸制品业,C,3,2008金融危机; 2018去杠杆; 2020疫情,0.11612391095558224,-0.043158058726622796,0.09716823154081607,0.3453269590550492,3.252249000061149,-0.44775233605792814,-0.07492437859487751,1.4451262630530484,0.1862063671838158,1.54081696150644,-14544541.01,0.056079399995572037,0.037070964788384536,0.019354102545587514,0.012825624453358482,0.05522593937693983,False
600282,南钢股份,C31,黑色金属冶炼及压延加工业,C,3,2008金融危机; 2018去杠杆; 2020疫情,0.2885624241848024,-0.2020259944785941,0.16079834970584558,0.10740731811299259,-0.8804839353780577,-9.322658344458544,0.3940976920248733,-0.05269243153195661,0.1855893640012135,-0.1796928916283803,33195996.083333176,-0.07010970387645975,-0.008980628035067316,-0.02087032218632316,0.0788887268884935,0.5978659907904459,False
600476,湘邮科技,I65,软件和信息技术服务业,I,3,2015股灾; 2018去杠杆; 2020疫情,-0.028069160845082805,0.2581008515933374,0.13621034001034135,0.15879468251915227,-9.281656715367557,-6.482867586498952,-0.2358746548254937,1.0687962384035194,0.1843686247076103,-1.8833153343069755,33200671.916666668,0.05667203095769028,0.05415415993319304,0.04399386641941766,0.09331030655745907,0.8890919275482595,False
002625,光启技术,C36,汽车制造业,C,3,2015股灾; 2018去杠杆; 2020疫情,,0.006569984073579577,0.22143397256941003,0.32252922590657396,,0.030646305577594377,-0.11547171487770136,0.458362790009255,0.18351106084985455,0.12451246023638267,123108.54999999702,-0.00048535664338488746,0.014737748496350974,0.00727006682827305,0.0729663656021583,0.09933070958052359,False
002649,博彦科技,I65,软件和信息技术服务业,I,3,2015股灾; 2018去杠杆; 2020疫情,,0.1003071142828433,0.28103337424191366,0.16875871490680705,,0.0636693133695444,0.029092411498993265,0.36643886629322675,0.18336640114385463,0.15306686372058814,68425097.23333332,0.0014013352419788294,-0.011667068131988359,-7.39990160209351e-05,0.029468010467244503,0.291332967317022,False
603609,禾丰牧业,C13,农副食品加工业,C,3,2015股灾; 2018去杠杆; 2020疫情,,0.060928880580695975,0.1500422130408576,0.33866218776451085,,0.2589875783832547,0.20948761322367515,-0.09341481520668753,0.18321109379535483,0.12502012546674743,-106765166.31,-0.013143035536397618,-0.005412313190111082,0.011866795633446873,0.040950207104537846,0.49085253523224776,False
002533,金杯电工,C38,电气机械及器材制造业,C,3,2015股灾; 2018去杠杆; 2020疫情,,0.018571242269705822,0.19628968292033017,0.3339709546597195,,0.14723429511822184,0.0411283864510881,0.21601430192116639,0.1829439599499185,0.1347923278301588,114454849.81666666,-0.0004511592834004971,0.007939569539141175,0.03014410229697571,0.1460277287054804,0.5781493171256108,True
002106,莱宝高科,C39,计算机、通信和其他电子设备制造业,C,3,2015股灾; 2018去杠杆; 2020疫情,-0.047636427394501045,0.0343656314848951,0.10696838681777725,0.4059326291252273,-0.07222286661935823,-36.53338400460837,0.5307968940271571,0.550627412722871,0.18242221580929988,-11.817319899286113,-83456969.05999999,-0.04295979746855597,-0.02749889143481556,0.01617598841743373,0.06255557381421314,0.3738260206641759,False
000883,湖北能源,D44,电力、热力生产和供应业,D,3,2008金融危机; 2018去杠杆; 2020疫情,0.4068670019194507,-0.025450258575483862,0.06226229457887341,0.07669982050388054,0.22935882240458816,0.25327518788288245,-0.08190798023783355,0.533296244835975,0.18194303900073486,0.22691569566757655,577932347.2666665,0.006988028776287895,-0.0011677892417329232,0.013758609140020417,0.05458477206835564,0.5863044759679992,False
002019,亿帆医药,C27,医药制造业,C,3,2015股灾; 2018去杠杆; 2020疫情,-0.37243829379553783,0.4450755842875411,0.05910909774085094,0.04116895752088202,-0.8283144887999355,0.5212423787250129,-0.4519248386268349,0.06674717879784665,0.1817845465164247,0.04535490629867487,157220953.6933334,-0.01957780351770663,-0.0411074887513674,0.05158139558381002,0.0384038889803601,0.3141021742271177,False
002601,龙蟒佰利,C26,化学原料及化学制品制造业,C,3,2015股灾; 2018去杠杆; 2020疫情,,0.28432578776498724,0.01784828307267447,0.2420752621993241,,0.849088934502121,-0.10376599716480595,-0.10620617650565059,0.18141644434566193,0.2130389202772215,65673708.49999996,-0.008852669115853043,-0.03481875447494092,0.06711755623161901,0.08686259732099617,0.6103932682283452,False
300101,振芯科技,C39,计算机、通信和其他电子设备制造业,C,3,2015股灾; 2018去杠杆; 2020疫情,,0.31422765927875534,0.005389070119646117,0.22383626586986446,,0.5264055625347432,-0.5212736410113052,15.268783228397233,0.1811509984227553,5.091305049973557,38889289.94333334,0.02364571304130736,0.0014356694691394407,0.03949534212229239,0.020264505788185252,0.33083295929959083,False
300171,东富龙,C35,专用设备制造业,C,3,2015股灾; 2018去杠杆; 2020疫情,,0.23584956524978107,0.11127893108168786,0.1959730500359799,,0.12489005545097968,-0.3590322939875456,2.2135610868038955,0.18103384878914963,0.6598062827557766,318743284.3333334,0.023605110612789953,0.00362844208159128,0.006498221468648886,0.025883097829359814,0.38425966163396047,False
000753,漳州发展,F52,零售业,F,3,2008金融危机; 2018去杠杆; 2020疫情,0.325527489786528,-0.07844325771999858,0.12037532316520434,0.09581018480982197,3.744540938480236,-2.432771291705641,0.05482766308416325,0.16558067467322496,0.18057099925385145,1.3216497587458746,-353389848.14,0.03364362143157574,-0.01648172826335843,-0.005409904552318934,0.02267800371636846,0.6762346873116656,False
600549,厦门钨业,C32,有色金属冶炼及压延加工业,C,3,2008金融危机; 2018去杠杆; 2020疫情,0.06962880706143007,-0.2354287839317384,0.37837237357549847,0.09015152846074878,0.11167350122201485,-1.6184260438590603,-0.14161477296946878,0.7067618713028235,0.17938423636589243,0.22560686651845652,536111705.06,0.007671395704339147,0.005162951853824427,0.020831201911259385,0.11110647627025133,0.46438601351870673,True
600336,澳柯玛,C38,电气机械及器材制造业,C,3,2008金融危机; 2018去杠杆; 2020疫情,0.22967155196511888,-0.12478397454083424,0.21089607988668266,0.09728642485213086,1.0189947555801344,-0.8219069712489088,1.3589919289547243,1.2227426330654216,0.17928468556797747,1.2002431058667602,-75608129.67333333,0.45394526240006144,-0.006279477386190659,-0.016820545231649626,-0.018006109211220037,0.66425360334793,False
000938,紫光股份,C39,计算机、通信和其他电子设备制造业,C,3,2015股灾; 2018去杠杆; 2020疫情,-0.055434646748268236,0.19784728883677996,0.23635779367264803,0.10362170784969092,0.8798123744000569,0.1760512705898253,0.11492941790905237,0.05489611157679816,0.17927559678637298,0.11529226669189195,2637673221.113333,-0.0005695542641641904,-0.006161666705234219,0.027472883664230674,0.12301179792287589,0.8185587470552969,False
002286,保龄宝,C13,农副食品加工业,C,3,2015股灾; 2018去杠杆; 2020疫情,,0.31356993260200083,0.0860116740789739,0.13816326586768748,,0.7976293274763383,-0.13146963308061005,0.4276632040190174,0.17924829084955407,0.3646076328049152,130059512.98000002,0.005441286135547455,-0.011053230421261379,0.06161115233555086,0.05444927520914349,0.23651664139493594,False
002396,星网锐捷,C39,计算机、通信和其他电子设备制造业,C,3,2015股灾; 2018去杠杆; 2020疫情,,0.24022340404214254,0.18512798116410636,0.11207560841269446,,0.29918929981401265,0.18255849172240318,-0.2969231618783319,0.17914233120631443,0.06160820988602798,339749973.1466667,-0.016519315758762643,-0.02837059349993487,0.019716215490610218,0.0818467087415878,0.4235465827196568,False
600697,欧亚集团,F52,零售业,F,3,2008金融危机; 2015股灾; 2018去杠杆,0.29987947875526827,0.11807795454469908,0.11576043840208555,-0.52164305152824,0.47017836458262624,0.22040860938993798,-0.001502206190673382,-0.6717843648861223,0.17790595723401761,0.22969492259396362,150303116.7566666,0.010903767748015394,0.0034669602829165334,0.004516373304845185,0.02093549196027381,0.7850186664743847,False
601636,旗滨集团,C30,非金属矿物制品业,C,3,2015股灾; 2018去杠杆; 2020疫情,,0.3909041237278765,0.1045883891529165,0.036286285653422234,,-0.22494515225007597,0.05772716981535381,0.35412333148101094,0.17725959951140505,0.062301783015429595,315478082.5066666,0.0014638129531744464,0.007738744814343436,-0.016244372600480284,0.018342413446457304,0.5843394641456913,False
000700,模塑科技,C36,汽车制造业,C,3,2008金融危机; 2018去杠杆; 2020疫情,0.2744082191205997,-0.07629311650777487,0.14411889760515054,0.11161696838972444,0.9569559613712829,0.19117103118619047,-0.9242277230162521,-1.0626311664232018,0.17671469503849158,-0.3433009760227237,77479892.71,-0.017298981827454957,-0.004254143692512526,0.04460822316172249,0.17806820401310652,0.5813637978164273,True
002006,精功科技,C35,专用设备制造业,C,3,2008金融危机; 2018去杠杆; 2020疫情,0.23579021270371817,-0.27779401553252014,0.056772195389523696,0.23631988104289003,-35.96116193988736,0.45759005891087123,-0.9289540722745512,1.3293179081343798,0.17629409637871063,-11.853599368009178,81017756.19,-0.03159603021885061,-0.0031282717099114323,0.07058117991170965,0.06320358923439558,0.43851012981057075,False
000708,中信特钢,C31,黑色金属冶炼及压延加工业,C,3,2008金融危机; 2018去杠杆; 2020疫情,0.26975590773628866,-0.15713766244588193,0.2293913951745216,0.029034704533964714,-0.3792825429061818,0.00871416665238774,0.2919158566157062,0.11859253243871118,0.17606066914825833,0.010408615382745188,-255097639.25999987,-0.021770877599473357,-0.008632845334107563,-0.006034596985248737,0.12225953065493068,0.6053040454025969,False
000532,华金资本,S90,综合,S,3,2015股灾; 2018去杠杆; 2020疫情,-0.035225797657457786,0.22896804880124969,0.10703335615595763,0.19059623475232357,-1.7268783466949353,0.1828052871962008,-0.0022791316993357,1.2399050383683052,0.17553254656984363,0.47347706462172345,-7395434.763333335,0.027860900274142644,0.02743849181651999,0.018281129672481633,0.14649422064792672,0.3144362107215726,True
600268,国电南自,C38,电气机械及器材制造业,C,3,2008金融危机; 2015股灾; 2020疫情,0.3585584120683487,0.14912182471179186,-0.1887517451142652,0.017109598577356572,0.13609090302705285,1.5544882719216204,0.2557216702602872,0.10844749190364794,0.1749299451191657,0.5996755556174405,34402744.206666686,0.04951147626828082,0.007153561987485957,0.013375034267233818,0.1359072545599407,0.6088175400790289,False
000725,京东方A,C39,计算机、通信和其他电子设备制造业,C,3,2015股灾; 2018去杠杆; 2020疫情,-0.253922928328022,0.32071148615736117,0.03527045648047119,0.16795664655936757,-2.11109505257741,-0.39684763578869914,-0.63362299144469,10.50835099064245,0.17464619639906664,3.1592934544696867,4994438322.333333,-0.012112947972072593,-0.008056205987218382,0.022797671051647,0.02026571236536278,0.5242871347973708,False
200725,京东方B,C39,计算机、通信和其他电子设备制造业,C,3,2015股灾; 2018去杠杆; 2020疫情,-0.253922928328022,0.32071148615736117,0.03527045648047119,0.16795664655936757,-2.11109505257741,-0.39684763578869914,-0.63362299144469,10.50835099064245,0.17464619639906664,3.1592934544696867,4994438322.333333,-0.012112947972072593,-0.008056205987218382,0.022797671051647,0.02026571236536278,0.5242871347973708,False
000596,古井贡酒,C15,酒、饮料和精制茶制造业,C,3,2008金融危机; 2015股灾; 2018去杠杆,0.14778708603811896,0.12955800244172683,0.24651767481734363,-0.011989777327112205,0.019327438936911082,0.19853964161227508,0.46883820763258427,-0.14362580009465278,0.17462092109906313,0.22890176272725682,333411599.48,0.015997463902145802,0.03371762020722876,0.014302395863513081,0.2221008386291456,0.36593641947827,True
200596,古井贡B,C15,酒、饮料和精制茶制造业,C,3,2008金融危机; 2015股灾; 2018去杠杆,0.14778708603811896,0.12955800244172683,0.24651767481734363,-0.011989777327112205,0.019327438936911082,0.19853964161227508,0.46883820763258427,-0.14362580009465278,0.17462092109906313,0.22890176272725682,333411599.48,0.015997463902145802,0.03371762020722876,0.014302395863513081,0.2221008386291456,0.36593641947827,True
300369,绿盟科技,I65,软件和信息技术服务业,I,3,2015股灾; 2018去杠杆; 2020疫情,,0.2490458783440809,0.07165108484778707,0.20283354204563256,,0.3393183259134515,0.0971142899937507,0.3312877293532557,0.1745101684125002,0.25590678175348597,48658085.69666666,-0.004814614782068148,0.015932380488081137,-0.006236109298434905,-0.14331752258989588,0.44802860413157425,False
601669,中国电建,E48,土木工程建筑业,E,3,2015股灾; 2018去杠杆; 2020疫情,,0.262312484988985,0.1074353276531732,0.15377049422386013,,0.09975606135651761,0.2319583137862713,0.20133008004221453,0.17450610228867278,0.1776814850616678,17097217240.706667,-0.0076030343162779195,0.005570670291213424,-0.004404222545758192,0.05827329483079969,0.7893119809573728,False
002228,合兴包装,C22,造纸及纸制品业,C,3,2015股灾; 2018去杠杆; 2020疫情,,0.05006473708149562,0.39076229116889405,0.08198624172441123,,-0.06625659484921431,0.5014507809101302,0.12740319011087595,0.17427108999160032,0.18753245872393062,195195705.25666666,-0.006940556926260606,-0.014646163038304549,-0.01957833367487048,0.023189054654646282,0.566820765709901,False
603456,九洲药业,C27,医药制造业,C,3,2015股灾; 2018去杠杆; 2020疫情,,0.12307843730899654,0.08430251319913627,0.3126057882585033,,0.45647300418476927,0.06223337851954757,0.6031439613939804,0.17332891292221206,0.3739501146994324,-943450.3233333429,0.0114469593158463,0.031200525655144234,-0.00994560700053764,0.07051067740971781,0.22626168405535776,False
002677,浙江美大,C38,电气机械及器材制造业,C,3,2015股灾; 2018去杠杆; 2020疫情,,0.10278675310409191,0.3649219847800112,0.051257516020630584,,0.13001518916520838,0.23700829229329917,0.1816251207372635,0.1729887513015779,0.18288286739859036,36707604.77000002,0.023096187585068872,-0.012228112031305546,0.0030163538877016247,0.06606512085059206,0.12073404514110395,False
002013,中航机电,C37,铁路、船舶、航空航天和其它运输设备制造业,C,3,2008金融危机; 2018去杠杆; 2020疫情,0.24994164327998936,-0.030949034927610072,0.2605002165083188,0.007642637834409517,0.01564951946578013,0.2506990455103322,0.5484030819119402,0.08125625939171824,0.1726948325409059,0.21510295358981282,-1048566023.11,0.002058876505031592,-0.012141170153558709,-0.01412704231535857,,,False
002242,九阳股份,C38,电气机械及器材制造业,C,3,2015股灾; 2018去杠杆; 2020疫情,,0.1878646015028032,0.12710323411919588,0.20021603058265255,,0.0901720413743783,0.044725636608147525,0.13720453688299517,0.17172795540155053,0.090700738288507,460634221.83,0.001020643399733225,-0.007029829851502874,0.06849864840773645,0.03046093822736567,0.539430621650709,False
600063,皖维高新,C28,化学纤维制造业,C,3,2008金融危机; 2018去杠杆; 2020疫情,0.15914276092129637,-0.1554616559236597,0.2447095564034056,0.10968141722153288,-0.1879220869195932,-0.4064089397046056,0.5264848504010098,0.5874343725141197,0.17117791151541162,0.30866571199851206,692116554.88,0.01916112604132891,-0.015201094967093756,0.052762072274449956,0.04236257867915763,0.45424378862104975,False
600784,鲁银投资,C14,食品制造业,C,3,2008金融危机; 2018去杠杆; 2020疫情,0.11109183164324324,-0.3184964732222961,0.2775773357272459,0.12265315002350803,0.13259353554184128,-2.9611681828949092,1.3329450010436448,66.95337488979361,0.1704407724646657,22.806304475459697,152941966.3166667,0.08837572786765951,-0.027974926507690945,-0.038846006044782645,0.09140572075823192,0.39457131945484053,False
000026,飞亚达,F52,零售业,F,3,2008金融危机; 2018去杠杆; 2020疫情,0.349114417544778,-0.03536959203539642,0.016331142758956713,0.145571960204515,0.05303542448713848,-0.16467501751841104,0.2890182887938988,0.3622502209919891,0.17033917350274988,0.2347679780910088,-106751043.16666667,0.012744168512064448,-0.003767672711144624,0.04510639277502004,0.0649647321404396,0.15366642784948384,False
200026,飞亚达B,F52,零售业,F,3,2008金融危机; 2018去杠杆; 2020疫情,0.349114417544778,-0.03536959203539642,0.016331142758956713,0.145571960204515,0.05303542448713848,-0.16467501751841104,0.2890182887938988,0.3622502209919891,0.17033917350274988,0.2347679780910088,-106751043.16666667,0.012744168512064448,-0.003767672711144624,0.04510639277502004,0.0649647321404396,0.15366642784948384,False
600460,士兰微,C39,计算机、通信和其他电子设备制造业,C,3,2015股灾; 2018去杠杆; 2020疫情,-0.0398459497413269,0.030152198522092128,0.10360573702286537,0.3761325132503267,-0.41200638537472334,-0.7511737334066039,-0.2777558489415716,0.7890561619391394,0.16996348293176142,-0.07995780680301201,-55019263.98333333,-0.01544987326608512,-0.0033517838298812073,0.01771324331196385,-0.0017261753877920864,0.4425294122085759,False
600261,阳光照明,C38,电气机械及器材制造业,C,3,2008金融危机; 2015股灾; 2018去杠杆,0.08355039296220458,0.3096521254570216,0.11471322852624918,-0.09316862036644898,-0.11171153990714984,0.22055601050063386,-0.0433457381686541,-0.029437816980204676,0.1693052489818251,0.02183291080827664,64568096.08666664,-0.0070061115525126795,0.004285443171541836,-0.008346809016808268,0.058433634946986744,0.328395536912383,False
600295,鄂尔多斯,C31,黑色金属冶炼及压延加工业,C,3,2008金融危机; 2018去杠杆; 2020疫情,0.41317659455343186,-0.021088243769010532,0.07824134722023049,0.015413623832891186,0.0016548842688134426,-0.4374588466310164,0.499772166606546,0.32266241384132616,0.1689438552021845,0.2746964882388952,1503548576.3999999,0.01047062913632974,0.024346984860772785,-0.01544682153426987,0.07710637809993814,0.47191992493553686,False
900936,鄂资B股,C31,黑色金属冶炼及压延加工业,C,3,2008金融危机; 2018去杠杆; 2020疫情,0.41317659455343186,-0.021088243769010532,0.07824134722023049,0.015413623832891186,0.0016548842688134426,-0.4374588466310164,0.499772166606546,0.32266241384132616,0.1689438552021845,0.2746964882388952,1503548576.3999999,0.01047062913632974,0.024346984860772785,-0.01544682153426987,0.07710637809993814,0.47191992493553686,False
600794,保税科技,G59,仓储业,G,3,2008金融危机; 2018去杠杆; 2020疫情,0.10557005505779642,-0.15763260630156273,0.30107786381277374,0.09983313272034294,1.0614073888281697,-0.7610101261128165,1.2167137488160682,0.3644623580279183,0.16882701719697102,0.8808611652240521,-142553393.10333335,0.06728395362885557,0.005493204488713201,-0.025025150294836335,0.08088721217856824,0.1635441673658369,False
600351,亚宝药业,C27,医药制造业,C,3,2008金融危机; 2015股灾; 2018去杠杆,0.2723951684662246,0.09312251045583568,0.14054428109331796,-0.14447894246358364,0.8093686304210532,0.3206502020324256,0.4213725096135908,9.092720703101909,0.16868732000512607,0.5171304473556898,75642723.49666665,-0.0017539346023656237,0.007459575111647483,-0.052571439087008655,0.07734774607232106,0.18313588071354955,False
002281,光迅科技,C39,计算机、通信和其他电子设备制造业,C,3,2015股灾; 2018去杠杆; 2020疫情,,0.2905510991380618,0.0825778130077957,0.13265503247557248,,0.6878105295498889,-0.053594759256107724,0.38037696506329693,0.16859464820714334,0.33819757845235937,223322097.01,0.01186439729068657,0.013118945698071621,0.04043687807100094,0.07165671276540049,0.3807087116504887,False
600512,腾达建设,E48,土木工程建筑业,E,3,2008金融危机; 2015股灾; 2020疫情,0.15166194541747505,0.0025859032485481925,-0.021282295649887723,0.3515285850874809,-0.4308127337302758,-6.324976052356254,-1.94563922153048,-0.15015495186062258,0.16859214458450136,-2.3019812459823843,-466729691.3633334,-0.046433509514084016,-0.00586442598531757,-0.09214931708996647,0.003966080890899968,0.42707283078864816,False
000519,中兵红箭,C35,专用设备制造业,C,3,2008金融危机; 2018去杠杆; 2020疫情,0.25313188612272575,-0.24866540749191438,0.03732119247227973,0.21448010866609726,-3.630716196224967,-0.4295298003957983,1.8910539924707712,0.075781657698099,0.16831106242036756,-0.5546268486853656,618265713.91,-0.026077680944406118,-0.003095701190264255,0.007514696148778421,-0.03555915805254918,0.35644562864168583,False
002624,完美世界,I64,互联网和相关服务,I,3,2015股灾; 2018去杠杆; 2020疫情,,0.219907674036904,0.013108756262302092,0.27189203968302295,,0.4032288589396101,0.205131861690407,0.03947912855589162,0.16830282332740967,0.2159466163953029,386907751.12000006,0.0038019015645509857,-0.004657562140829148,-0.01749790085170494,-0.2038114939687709,0.3955839353559182,False
600523,贵航股份,C36,汽车制造业,C,3,2008金融危机; 2015股灾; 2020疫情,0.4486319496319363,0.04343185371232477,-0.174761754664674,0.012729991112883813,0.7385574654762699,0.1658071125794284,-0.36183826623026344,0.1073928711100913,0.16826459815238162,0.33725248305526323,53898222.919999994,-0.0024650493360085235,0.011177067111247283,-0.05929251401031868,0.05847278593759112,0.25054938124009524,False
002401,中远海科,I65,软件和信息技术服务业,I,3,2015股灾; 2018去杠杆; 2020疫情,,0.17259774036036202,0.06875316705673105,0.2632068810473171,,0.08739955586990183,0.11828357851418701,0.8742801877828287,0.1681859294881367,0.3599877740556392,20050265.72333333,0.022425899773239232,-0.0015118475895740762,0.011530032570999105,0.07672002524842014,0.41512810699452485,False
002339,积成电子,C38,电气机械及器材制造业,C,3,2015股灾; 2018去杠杆; 2020疫情,,0.15966950708548716,0.21215349772663167,0.13230359034227243,,0.15491153551397321,-0.08483944999780259,-0.0686369184743996,0.1680421983847971,0.0004783890139236774,40470138.47333334,-0.0019989627435946697,-0.013104143164798724,0.014652066594216842,0.03227279489902969,0.5057208002447466,False
000815,美利云,C22,造纸及纸制品业,C,3,2008金融危机; 2018去杠杆; 2020疫情,0.143423229791371,-0.10498487494575028,0.2465075107712314,0.11326902156799896,0.04449348397247416,1.2281311632742367,0.7535615912905637,-0.0500091182875382,0.16773325404353379,0.24934865232516656,-33712125.85666666,0.001633388856417503,-0.0025810644746432493,0.0022809277970828323,-0.40486216021128457,0.4613762679573631,False
831906,舜宇精工,C36,汽车制造业,C,3,2015股灾; 2018去杠杆; 2020疫情,,0.3315207050889795,0.04867615863686572,0.12248624259424264,,0.2542180453944963,0.2786589748697174,0.10389377213202662,0.1675610354400293,0.21225693079874677,31322489.323333334,-0.007653587212618722,-0.0030938591970588645,-0.022227219491178767,0.03262616640656855,0.5822343388514722,False
000683,远兴能源,C26,化学原料及化学制品制造业,C,3,2008金融危机; 2015股灾; 2020疫情,0.4847298114073581,0.016440323927988863,-0.13396463001933914,0.000628804545761311,-0.05891367129757248,-0.6215181563250414,0.7441533583032739,-0.8551809349327506,0.16726631329370276,-0.5118709208517882,90208056.71,-0.05065692298795163,-0.0812067400984486,-0.061628907383300104,0.14644883222852337,0.45305115600790513,True
002380,科远智慧,I65,软件和信息技术服务业,I,3,2015股灾; 2018去杠杆; 2020疫情,,0.3445345171431229,0.03034317274275269,0.12583230214422245,,0.40369195312932293,0.026374519288612047,0.06205670743909501,0.16690333067669935,0.16404105995234333,-557795.6199999998,0.005942612579908466,-0.007135579479168523,0.03568740252896176,0.11955334427263778,0.40579928797050585,True
002253,川大智胜,I65,软件和信息技术服务业,I,3,2015股灾; 2018去杠杆; 2020疫情,,0.18229617116457197,0.27481351854639463,0.04332152047299109,,1.500533915995383,0.10849775719175137,0.2944497739663656,0.16681040339465256,0.6344938157178334,-15007926.059999997,0.007753775997470704,0.010188182018451472,0.011831299536465117,-0.07323968806590533,0.2099878855660416,False
600998,九州通,F51,批发业,F,3,2015股灾; 2018去杠杆; 2020疫情,,0.20747925179859203,0.1784277482952306,0.11419869797818655,,0.23861939389712095,-0.062083684187434304,0.9001485269252024,0.16670189935733637,0.358894745544963,1172571776.3233333,0.014886426160273969,0.002966774178161704,0.03151937752050341,0.08294693925255636,0.6719298354032301,False
002424,贵州百灵,C27,医药制造业,C,3,2015股灾; 2018去杠杆; 2020疫情,,0.2060209512856009,0.2102874761173337,0.0832470983873917,,0.32088116533726313,0.07468905682096257,-0.45976018919444345,0.16651850859677544,-0.021396655678739256,-151856074.52333334,-0.0054366051332670915,-0.020054706774189263,0.017412914662585304,0.011492190068244793,0.5516137803023863,False
000701,厦门信达,F51,批发业,F,3,2008金融危机; 2015股灾; 2018去杠杆,0.08708816486749305,0.11178646304914165,0.2981433292486875,-0.08975886078588134,-0.09438527162019829,-0.3961928554435841,-0.39151687476360875,1.0215310092829766,0.16567265238844073,-0.29403166727579705,-265015080.57000002,-0.026398411418464333,0.00038286708020998997,-0.01312423584159387,-0.2667337918003602,0.7609225396270946,False
002666,德联集团,C26,化学原料及化学制品制造业,C,3,2015股灾; 2018去杠杆; 2020疫情,,0.1495962928242826,0.18569301359645426,0.16018267654008334,,0.11592212780841843,-0.07118515893616224,0.058545200905455334,0.16515732765360672,0.034427389925903835,104085207.5,-0.012785874280543752,-0.010243816993191204,-0.006335728796277122,0.01867306516193186,0.29853972756431557,False
430198,微创光电,C39,计算机、通信和其他电子设备制造业,C,3,2015股灾; 2018去杠杆; 2020疫情,,0.30234371901201734,0.012780440749355856,0.1786328522005441,,0.8687365323884053,-0.06081149756607045,0.2106067710476334,0.16458567065397242,0.3395106019566561,2268265.6666666665,-0.035312739108415626,-0.003173815814085453,-0.08852572046793533,0.009291038229920709,0.37378113169788674,False
600966,博汇纸业,C22,造纸及纸制品业,C,3,2008金融危机; 2015股灾; 2020疫情,0.04516934107016135,0.010971292837125278,-0.06871932132993046,0.4355639959407657,0.3702336698992542,-0.29264998366739814,-0.7071037392409882,5.235021830374867,0.1639015432826841,1.7708685055355744,926298381.2199999,0.04266020055964569,0.008253694792934066,-0.03333863212319643,0.025855566349450715,0.6973565770774588,False
002057,中钢天源,C26,化学原料及化学制品制造业,C,3,2008金融危机; 2018去杠杆; 2020疫情,0.17462184730271535,-0.12274708316884116,0.10590630740144195,0.21038249547612695,-2.1537025576598507,-0.1619641736725608,-0.09903263547838408,0.2731637885496885,0.16363688339342808,-0.6598571348628488,-4497542.016666661,-0.03651059842698496,-0.013352607788993534,0.03140632460348353,0.057809421749724636,0.3313982373472934,False
601016,节能风电,D44,电力、热力生产和供应业,D,3,2015股灾; 2018去杠杆; 2020疫情,,0.14878251455014443,0.26964034513470425,0.07230229100774505,,0.17147217274814536,0.2935103898708009,0.02620073737055652,0.16357505023086458,0.1637277666631676,118074249.67666674,-0.007695467073688474,-0.005764627924344586,-0.019968421931087277,0.07483697315220304,0.58413031558823,False
300387,富邦股份,C26,化学原料及化学制品制造业,C,3,2015股灾; 2018去杠杆; 2020疫情,,0.29295837213355574,0.08792505295383406,0.10892832270385251,,0.4364754629981565,-0.05267665063494056,0.1752153426849574,0.16327058259708077,0.18633805168272444,41360327.61000001,0.001303695756299882,-0.003181955483146833,0.11006869268902304,0.06879646487249039,0.27797280670002156,False
832278,鹿得医疗,C35,专用设备制造业,C,3,2015股灾; 2018去杠杆; 2020疫情,,0.08196241204147994,0.04116532549981532,0.36642762444367777,,1.0600693675657096,0.11687715805895636,0.6694129709928333,0.16318512066165766,0.6154531655391664,11525939.463333333,0.012249754483116349,0.010259147372004543,-0.058263850798751134,0.06869103302667509,0.2442810667794227,False
200992,中鲁B,A04,渔业,A,3,2008金融危机; 2015股灾; 2018去杠杆,0.1718535093646192,0.20946916717737915,0.10737957718633621,-0.14415041299250836,-0.5900102721324405,0.018641291985594336,0.03055633417737132,-0.60964826541897,0.1629007512427782,-0.18027088198982497,-11199343.419999996,-0.044163805066166184,-0.038983889906386224,-0.006111815961281242,0.024032876927487665,0.3709127323635596,False
600470,*ST 六化,C26,化学原料及化学制品制造业,C,3,2008金融危机; 2015股灾; 2020疫情,0.322590405341677,0.0579030287674203,-0.1259576461834209,0.10784973137840453,-0.3659464653123282,1.1163858317180968,-14.295487431003284,1.7105994192344713,0.1627810551625006,0.82034626188008,-329964950.06,0.16568431007084686,0.02523626104705934,0.009093636620925216,0.03118953433610237,0.6933344614031128,False
000963,华东医药,F52,零售业,F,3,2008金融危机; 2015股灾; 2018去杠杆,0.23964015005807332,0.1467223717489535,0.10173789777032105,-0.04972788081790123,0.09700345495783436,0.22212515760878423,0.26848305550737656,-0.005362029553018777,0.16270013985911594,0.19587055602466505,124986018.09666662,-0.012554225582746872,0.009388796389208698,0.0006552823999169677,0.14828645285063496,0.3779211154440443,True
600285,羚锐制药,C27,医药制造业,C,3,2015股灾; 2018去杠杆; 2020疫情,-0.18658649386196854,0.2958982625226945,0.11067639669546132,0.08090924348098899,-0.8467210423041303,0.7542825359897622,0.0926428794705628,0.10655939638206698,0.16249463423304827,0.31782827061413066,121049751.16999997,0.017225703951313908,0.0192749287959898,-0.00492747596935141,0.2345831748992228,0.38600989976049954,True
000703,恒逸石化,C28,化学纤维制造业,C,3,2015股灾; 2018去杠杆; 2020疫情,-0.13984264973766444,0.08036205963090386,0.3214468469096046,0.08551921714605838,-1.4093217434232925,1.40896675914126,0.21661909207955143,-0.051255002498717804,0.1624427078955223,0.5247769495740312,989104648.9399999,0.01599788639359369,0.0009165257643830882,0.015903252372875043,-0.0021395600874867804,0.7141965730938916,False
002182,云海金属,C32,有色金属冶炼及压延加工业,C,3,2008金融危机; 2018去杠杆; 2020疫情,0.3849266040755305,-0.032035746288137795,0.03535564669621623,0.06702544577335062,-0.30674903148971205,0.2800628983902752,1.1441906826454336,-0.7336524712651619,0.16243589884836576,0.03459639329685319,80235951.94333334,-0.06592927482624278,0.007685953801969551,0.050660762112174275,0.025611857764295313,0.5449547963094267,False
600011,华能国际,D44,电力、热力生产和供应业,D,3,2008金融危机; 2015股灾; 2018去杠杆,0.3448132469518682,0.027893351316368147,0.11413999949554086,-0.02331969785776565,-1.656509469439231,0.31318447416985873,0.12151263121977249,1.3986236451149947,0.16228219925459242,-0.4072707880165333,567219646.0,-0.0682237245186931,-0.04488488359880849,0.046883575763448,0.0694887810238813,0.6539996021083357,False
000851,高鸿股份,F52,零售业,F,3,2008金融危机; 2015股灾; 2018去杠杆,0.4055302022904461,0.04862313692554019,0.03219079591625097,-0.38492251713144754,-0.3889815998685875,0.16197725430127916,-0.6877854718284411,-7.809725280846706,0.16211471171074576,-0.30492993913191646,133949214.33,-0.017174882581662332,-0.003291092194225282,0.01051141608606356,-2.8296292598616906,0.8244003214160274,False
002599,盛通股份,C23,印刷和记录媒介复制业,C,3,2015股灾; 2018去杠杆; 2020疫情,,0.12704232670624438,0.3141586156648359,0.04482635171184572,,0.704438207605581,0.3557461911984053,-3.4122907877077457,0.162009098027642,-0.7840354629679198,-20704030.416666657,-0.10395308730012888,-0.016587478197192602,0.04522478643324842,-0.15509646264606533,0.4113832945867311,False
000422,*ST 宜化,C26,化学原料及化学制品制造业,C,3,2008金融危机; 2015股灾; 2018去杠杆,0.4050783191504296,0.008549549820495493,0.0716680960569669,-0.05834403684105345,-0.2947286076897452,-0.3133328202669528,1.0594885859658227,1.2937906637178151,0.161765321675964,0.1504757193363749,2137183.6666665473,1.1231668342475534,0.027862024065390106,2.5554413590940978e-05,0.10170100175230896,0.6710336879979161,False
300165,天瑞仪器,C40,仪器仪表制造业,C,3,2015股灾; 2018去杠杆; 2020疫情,,0.1612627346629128,0.29303734998955017,0.030714213197017875,,-0.09705969362180832,-0.562461844262305,-0.4466781974249449,0.1616714326164936,-0.3687332451030194,-19226689.39,-0.016870007176256925,-0.043305849358142544,0.05943737606969968,-0.0730935523266049,0.6132698805801371,False
600761,安徽合力,C35,专用设备制造业,C,3,2008金融危机; 2018去杠杆; 2020疫情,0.06809524270834781,-0.15151115423683056,0.15219034263930237,0.2632121390122228,-0.4166426949989673,-0.29416852262244714,0.37056203543593597,0.07374017936837038,0.16116590811995765,0.009219839935113022,-100592036.51666665,-0.01579078013924407,-0.027046623414466703,0.025348662947557426,0.13630346817191732,0.4239192996505261,True
600965,福成股份,A03,畜牧业,A,3,2008金融危机; 2015股灾; 2018去杠杆,0.1930367371410972,0.22137780680580793,0.06847295030981343,-0.24916752816030133,-0.002029589125347199,1.3319646235637048,0.028187894406133313,-0.4085246557673737,0.16096249808557286,0.4527076429481636,34064631.27333334,0.005971155447367507,0.00029403887581222016,-0.011597826923141255,0.025577817014753586,0.16117278136361723,False
600482,中国动力,C37,铁路、船舶、航空航天和其它运输设备制造业,C,3,2008金融危机; 2015股灾; 2018去杠杆,0.1988251778017897,0.00045627934220275585,0.28143589303115785,-0.090163026626899,-3.472758311665013,0.2250235148704479,0.21572410932904462,-0.44465789662322736,0.1602391167250501,-1.0106702291551735,567349446.1966666,-0.11775966312449586,-0.024528440852966252,0.030604661972297147,0.05009896142874112,0.5323124804885486,False
002158,汉钟精机,C34,通用设备制造业,C,3,2008金融危机; 2018去杠杆; 2020疫情,0.142835996393701,-0.10170623674093374,0.07924121147790822,0.25746757753331917,0.12750425589264977,-0.14526860872678155,-0.0940726453241611,0.4890269461162356,0.1598482618016428,0.17415285222824142,-33972232.99333333,0.010498715270555015,0.001431278871672409,-0.020280046852913514,0.20377631600651286,0.2970443912899923,True
000582,北部湾港,G55,水上运输业,G,3,2008金融危机; 2018去杠杆; 2020疫情,0.07441257539385518,-0.2791585039160673,0.28574828581376766,0.11898712291149695,10.758235330380248,-0.3290424232352949,0.2070606088296702,0.10170806655429034,0.15971599470637324,3.6890013352547366,437493833.7333333,0.01997318070870926,0.041442515659006945,-0.017345305686918906,0.06770487720061286,0.44595600311787276,False
002023,海特高新,C37,铁路、船舶、航空航天和其它运输设备制造业,C,3,2008金融危机; 2018去杠杆; 2020疫情,0.07493254163327036,-0.14602327137540733,0.21016755794996453,0.19341308485113046,-0.07433117855961956,-0.8320687634126738,1.3809627882271551,-0.8677427162988973,0.1595043948114551,0.14629629778954611,20750495.48,-0.005282684956025438,0.005179412061355933,0.05311379377627984,0.013078494755680225,0.3977198567130352,False
002368,太极股份,I65,软件和信息技术服务业,I,3,2015股灾; 2018去杠杆; 2020疫情,,0.13484867861607214,0.1352010515104695,0.2081169111133316,,0.01507137886854616,0.09965253048590089,0.09611999533780496,0.15938888041329108,0.070281301564084,663506551.55,-0.0013826798779450432,-0.004293576041846177,0.05181222722858573,0.040531565393760745,0.6501774367666818,False
600582,天地科技,C35,专用设备制造业,C,3,2008金融危机; 2018去杠杆; 2020疫情,0.24605169185477685,-0.13459245481322216,0.16651790234629318,0.060299990892575234,0.15255377010123214,-0.25593519488403804,0.1473182004990645,0.28324077658739244,0.1576231950312151,0.1943709157292297,138783097.61333323,-0.01157247121823359,-0.006889348141084477,0.006853680234536141,0.11193530775385192,0.46235780670153803,True
002657,中科金财,I65,软件和信息技术服务业,I,3,2015股灾; 2018去杠杆; 2020疫情,,0.2086616613237405,0.21174867882193693,0.05142821529720162,,1.0464950617692172,0.949825591759641,1.0243803108047593,0.1572795184809597,1.0069003214445391,53978596.043333344,0.08999590728960134,-0.011654559498583711,-0.03539094116937419,-0.030187270523331863,0.257240469790974,False
603288,海天味业,C14,食品制造业,C,3,2015股灾; 2018去杠杆; 2020疫情,,0.15046977986934076,0.16800000000008222,0.15128558913377455,,0.20083501738960582,0.23650004720924722,0.1965533488470279,0.15658512300106583,0.21129613781529366,371209425.6899996,0.005670950049173766,-0.0032029420666388844,-0.020673847995214868,0.20240342558827018,0.23144527001472945,True
600137,浪莎股份,C18,纺织服装、服饰业,C,3,2008金融危机; 2018去杠杆; 2020疫情,0.29379120018965293,-0.37943031871844296,0.12856521752893252,0.046749987168234974,-0.9130248012871978,-11.559739607876597,0.2704680280307933,0.12112121283787006,0.15636880162894015,-0.1738118534728448,-9048512.403333334,-1.1006458507661823,-0.009850544382675871,-0.012425691964895125,0.04324383790179833,0.21114858129454622,False
300061,旗天科技,L72,商务服务业,L,3,2015股灾; 2018去杠杆; 2020疫情,,0.11873494235812014,0.16000735040700337,0.18788889482006257,,0.34963570984559145,-3.270618517588024,-31.463501276635697,0.155543729195062,-11.46149469479271,-55572991.39333335,-0.28802919339423866,-0.03718288325287983,-0.0139911248961568,-0.37613719303142784,0.5733134925069023,False
002388,新亚制程,C39,计算机、通信和其他电子设备制造业,C,3,2015股灾; 2018去杠杆; 2020疫情,,0.10100287687855322,0.030810540444759116,0.33386139738392095,,-0.6331440877996934,-0.6747803102848892,0.02642644827103222,0.15522493823574443,-0.42716598327118344,-46483727.099999994,-0.01687298651430123,-0.00763703373100752,0.051047029941831835,-0.24251862889065606,0.562790005184878,False
300380,安硕信息,I65,软件和信息技术服务业,I,3,2015股灾; 2018去杠杆; 2020疫情,,0.37820059146520724,0.06535705746865207,0.02188065035308826,,-0.4654443007364272,2.2075653792224412,1.0649002997982564,0.15514609976231586,0.9356737927614235,14694239.506666666,0.018673953129606,0.002823030152947418,0.06861666492823044,0.04347957000816885,0.5392150764144523,False
002331,皖通科技,I65,软件和信息技术服务业,I,3,2015股灾; 2018去杠杆; 2020疫情,,0.1289338685893294,0.25461800836662657,0.07969942823841521,,0.23314092806728862,0.12281956294189027,-2.0661321753997757,0.15441710173145706,-0.5700572281301989,25810846.73,-0.05851263081721564,-0.00781415998058634,0.002700284871616295,0.02643163964655597,0.4025506226144584,False
002701,奥瑞金,C33,金属制品业,C,3,2015股灾; 2018去杠杆; 2020疫情,,0.22141217022584286,0.11345271202461629,0.12720989360219925,,0.25759011164555373,-0.6757984062152881,0.02449989140877028,0.1540249252842195,-0.13123613438698803,-56914306.0,-0.024556867188801314,-0.006778639394714875,0.028597958382197974,0.08307335169094239,0.4829196642183832,False
002453,华软科技,I65,软件和信息技术服务业,I,3,2015股灾; 2018去杠杆; 2020疫情,,0.02161133343666879,0.39932309317578535,0.03960645911059478,,-0.23162639933125037,1.4222647243315099,1.1560187194101916,0.15351362857434964,0.7822190148034837,23061360.01,0.1612678981071549,-0.012339353382700993,-0.06510668628624185,-0.27589087031317655,0.3731576400621046,False
603128,华贸物流,G58,装卸搬运和运输代理业,G,3,2015股灾; 2018去杠杆; 2020疫情,,0.0013912489171712802,0.0837713219387967,0.3747468233404857,,0.29361122561035613,0.16394368612599552,0.5367943454070973,0.1533031313988179,0.33144975238114965,78837115.17666666,0.018871976761925997,0.005479502007971186,-0.018713807339794348,0.09226785079332334,0.43776520864457685,False
002300,太阳电缆,C38,电气机械及器材制造业,C,3,2015股灾; 2018去杠杆; 2020疫情,,0.07449772378854314,0.24665570730478809,0.1385826184831183,,0.08242952027744418,0.10173378751691324,0.06937767186246815,0.15324534985881652,0.08451365988560854,-290561349.58666664,0.002755655519234753,-0.0022624826966551,0.016469523326232565,0.032708037837604675,0.6294903589690113,False
600420,现代制药,C27,医药制造业,C,3,2008金融危机; 2018去杠杆; 2020疫情,0.1007635585311903,-0.024225158025358694,0.3290806188399048,0.029278772473067836,-0.3582977044399452,0.17783276841923734,0.30712925386989676,-0.03060981031983297,0.15304098328138763,-0.027259420296627132,-126540964.27666657,-0.021639094522293272,0.01008106092454906,0.004362583621812789,0.08693922514246866,0.2321971619484558,False
002585,双星新材,C29,橡胶和塑料制品业,C,3,2015股灾; 2018去杠杆; 2020疫情,,0.050788430264149045,0.27609081776417993,0.1317009635351759,,0.20045748753576412,3.3046679858938686,3.1533033195891833,0.1528600705211683,2.219476264339605,81549000.19666667,0.03303090517730875,0.053793261416418624,0.012292046218797722,-0.044804492851112473,0.332431749039284,False
600592,龙溪股份,C34,通用设备制造业,C,3,2008金融危机; 2018去杠杆; 2020疫情,0.0815483778041709,-0.17837518113021128,0.15199331425191653,0.2248101672801133,0.11122615038032141,0.18560635022242086,0.23238379062134726,0.018500051854222654,0.1527839531120669,0.12070333095196377,88830954.00666668,0.005191201919621473,-0.0031621505808950476,-0.005314477465408103,0.05808459883094384,0.32554205648185575,False
002041,登海种业,A01,农业,A,3,2008金融危机; 2015股灾; 2020疫情,0.327747498946937,0.03424936466779035,-0.05319008250522337,0.09422884453891056,0.5853883231888891,-0.08225439382096875,-1.18096677078371,2.2152924535915943,0.15207523605121265,0.9061421276531716,42503988.91666666,0.007562628326183044,-0.006705133111833461,0.013299741809036092,0.021196611654611605,0.19091643813844061,False
000806,*ST 银河,C38,电气机械及器材制造业,C,3,2008金融危机; 2015股灾; 2020疫情,0.0025945117933536934,0.03794911052229445,-0.272020590006463,0.41530631473046353,-8.087412099848256,3.460560788582748,-54.123259994020785,1.0448776677296483,0.15194997901537055,-1.1939912145119533,-125946831.35333334,25.864455810628012,0.023619876069647504,-0.10810934720262037,,,False
600148,长春一东,C36,汽车制造业,C,3,2008金融危机; 2018去杠杆; 2020疫情,0.0755666563767559,-0.23656887236220508,0.1547622126532152,0.22488454446937794,0.18535117016122976,-0.8556608362874845,0.6306761452158828,1.077401191713712,0.15173780449978302,0.6311428356969415,-20088577.72,0.037028132075599275,-0.011535308855657178,0.03856384155431669,0.009236648911956772,0.47292776614971854,False
000911,南宁糖业,C13,农副食品加工业,C,3,2008金融危机; 2015股灾; 2018去杠杆,0.051627173160166885,0.1654500393776724,0.23803495374517,-0.031543594253702206,-0.7114598991747458,1.1927335054264925,-5.969101915098766,2.856777990220691,0.15170405542766977,-1.8292761029490066,772690464.23,-13.720473666119851,-0.04282053599950399,0.07561165770723959,0.09775949988834129,0.9449941083209243,False
300041,回天新材,C26,化学原料及化学制品制造业,C,3,2015股灾; 2018去杠杆; 2020疫情,,0.15584166354907364,0.14810411265749668,0.15094226230705002,,-0.2378996922200422,0.07070389474189459,0.39298021831186297,0.1516293461712068,0.07526147361123846,-46899430.676666655,-0.006966164353144473,-0.022234729463510645,0.02958616093995432,0.03589997623619467,0.5615585023207351,False
002149,西部材料,C32,有色金属冶炼及压延加工业,C,3,2008金融危机; 2018去杠杆; 2020疫情,0.3389814990669606,-0.19728639283129706,0.10331013228258785,0.011585364273328163,0.027101480536732364,-5.475848197019175,0.125803154398718,0.06069946495631608,0.15129233187429222,0.07120136663058882,-22373372.25,-0.005107579496472341,-0.00045026953736783854,0.03610710864636074,0.05239433075671904,0.4864385910356492,False
000553,安道麦A,C26,化学原料及化学制品制造业,C,3,2008金融危机; 2018去杠杆; 2020疫情,0.3451887370928354,-0.3069921655458988,0.07538134192861937,0.031984412281880224,4.214766475359705,-0.7110517739252019,0.55410740426644,0.27328806927494487,0.15085149710111165,1.6807206496336968,-231855743.29666662,0.048830054753221885,0.024297910941996542,-0.005401964163495199,-0.15287186720259507,0.6206316700132324,False
200553,安道麦B,C26,化学原料及化学制品制造业,C,3,2008金融危机; 2018去杠杆; 2020疫情,0.3451887370928354,-0.3069921655458988,0.07538134192861937,0.031984412281880224,4.214766475359705,-0.7110517739252019,0.55410740426644,0.27328806927494487,0.15085149710111165,1.6807206496336968,-231855743.29666662,0.048830054753221885,0.024297910941996542,-0.005401964163495199,-0.15287186720259507,0.6206316700132324,False
002225,濮耐股份,C30,非金属矿物制品业,C,3,2015股灾; 2018去杠杆; 2020疫情,,0.06998287919445674,0.3725072251457605,0.008225332408152332,,-0.46223316412549975,6.547936534568998,0.1815925843785523,0.15023847891612319,2.0890986516073498,11524198.620000005,0.016761310937441553,-0.015402211699482101,-0.00313598928563776,0.03671793270577006,0.5737774704486485,False
002430,杭氧股份,C35,专用设备制造业,C,3,2015股灾; 2018去杠杆; 2020疫情,,0.000984703601825959,0.2246533424361046,0.22398350602507833,,-0.006867316448348719,1.0804113418706804,0.32387512142897906,0.14987385068766965,0.4658063822837702,65044911.71666666,0.027798509884666544,0.006769100910845742,-0.003929408931743539,0.09543866159381621,0.5684087995203775,False
601933,永辉超市,F52,零售业,F,3,2015股灾; 2018去杠杆; 2020疫情,,0.14752241334054525,0.20353366768410533,0.09804954861721374,,-0.2962610549532766,-0.40795516518033054,0.13790027973683935,0.1497018765472881,-0.18877198013225593,1455174785.86,-0.034744272040541625,0.004312020558310102,-0.00974008060302541,-0.3784865431487007,0.8987230446378057,False
300183,东软载波,I65,软件和信息技术服务业,I,3,2015股灾; 2018去杠杆; 2020疫情,,0.28077516810528486,0.1093193245242258,0.05728566624893343,,0.11096848174810216,-0.24367401524428373,-0.06329664623884558,0.149126719626148,-0.06533405991167572,-497946640.4166667,-0.013373227524206818,-0.020701926446218377,-0.010317545217481511,0.021179839334518117,0.11492404026684847,False
002245,蔚蓝锂芯,G58,装卸搬运和运输代理业,G,3,2015股灾; 2018去杠杆; 2020疫情,,0.04414237099953215,0.1857945936364303,0.21632733199335627,,0.35594091871647354,-0.30213744665114145,0.9129895040299746,0.14875476554310627,0.32226432536510224,17265770.183333337,0.0013524998062022255,-0.0027894529850895355,-0.04058565479710045,0.07489341307141763,0.3587698308798738,False
603368,柳药股份,F51,批发业,F,3,2015股灾; 2018去杠杆; 2020疫情,,0.15070919938915636,0.24002868597909108,0.05464408671513211,,0.27622992160474563,0.3285373612598812,0.022114784664258338,0.1484606573611265,0.20896068917629507,210613294.23333332,0.005060755608098984,0.00421643831515732,0.026089230786624545,0.10930362233305382,0.6268304746004134,False
300057,万顺新材,C32,有色金属冶炼及压延加工业,C,3,2015股灾; 2018去杠杆; 2020疫情,,0.008997850797200531,0.29755392250345586,0.13845634672819743,,-0.7196374043608159,0.5672712612149715,-0.4512350630483355,0.14833604000961795,-0.20120040206472664,129010022.40000002,-0.026558202192736677,-0.021442224155588812,-0.0019005311842821282,-0.03784085813435797,0.4898548669298673,False
831768,拾比佰,C33,金属制品业,C,3,2015股灾; 2018去杠杆; 2020疫情,,0.0039195218789960865,0.021778480115379563,0.41806725395760264,,0.8885494369696751,-0.08881533632132313,0.7081923683373365,0.14792175198399277,0.5026421563285628,-15935926.58333333,0.026020471038984156,-0.0012905809254169787,0.02278409739143557,-0.005627631650917392,0.5109145107248342,False
300354,东华测试,C40,仪器仪表制造业,C,3,2015股灾; 2018去杠杆; 2020疫情,,0.2517395028912184,0.03636135425488341,0.1548595568602358,,0.09976696663866477,2.8580076606732745,0.654987551056289,0.14765347133544585,1.2042540594560762,188395.62333333306,0.02544065846851436,0.006708623098373574,-0.011436659581486472,0.1599514071589118,0.10331556563520446,True
600982,宁波热电,D44,电力、热力生产和供应业,D,3,2008金融危机; 2018去杠杆; 2020疫情,0.03171467282421418,-0.09026566236009374,0.11758386522528975,0.2928257113299934,-0.1868345829764764,-0.44814962993594204,0.5772067976687812,0.9036126831823749,0.14737474979316578,0.4313282992915599,-78707564.60666667,0.0108150985282365,-0.022600773121142892,0.031762888873449156,0.06523122973294736,0.6599115034439811,False
002165,红宝丽,C26,化学原料及化学制品制造业,C,3,2008金融危机; 2018去杠杆; 2020疫情,0.20828032411043526,-0.1421905462087419,0.1362818304920872,0.095690013787176,0.21567938884095741,0.0869688244929701,-0.3492680044480059,0.31998660569492154,0.14675072279656615,0.06213266336262436,12390793.139999986,0.005720710008625506,-0.014841914841223344,0.026937240450721916,0.028984578425568914,0.5766474663605347,False
600858,银座股份,F52,零售业,F,3,2008金融危机; 2015股灾; 2018去杠杆,0.3641879296011341,0.05596592553715136,0.018056041179657194,-0.5586695902463787,0.11643945181034462,-0.42383538216535455,-1.1568356271405376,-12.372366667533065,0.14606996543931422,-0.4880771858318491,-787528768.8033333,-0.012423809805220377,0.0009932237921692528,0.029054989718448127,0.02154722623920711,0.7497013454641419,False
600277,亿利洁能,C26,化学原料及化学制品制造业,C,3,2008金融危机; 2018去杠杆; 2020疫情,0.2906409626927027,-0.3292187041311004,0.10322183600661501,0.0442976170878216,-3.3521841270760153,-0.3427839699395719,0.49905737806057887,-0.4085479940469359,0.1460534719290464,-1.0872249143541242,928999207.3866667,-0.024660661043589393,-0.009104023018383686,-0.0024749712828159853,,,False
002088,鲁阳节能,C30,非金属矿物制品业,C,3,2008金融危机; 2018去杠杆; 2020疫情,0.20013494141018423,-0.038190036501112044,0.15452654728470433,0.08320551794250708,0.10984821040759786,-0.26679815073618585,0.4370526691006668,0.08819731882851971,0.1459556688791319,0.2116993994455948,-22080128.98999999,0.007785848657605843,-0.004924615094699214,0.02688110777941639,0.16594491144388143,0.2651875651183616,True
000632,三木集团,F51,批发业,F,3,2015股灾; 2018去杠杆; 2020疫情,-0.11299285605297614,0.060666956989287216,0.05272465656697752,0.3233908138829616,-0.6282900253560101,10.965202240083372,-0.4888649322074606,0.7636009143860053,0.14559414247974212,3.7466460740873053,-727569168.8000001,0.010243688649179402,0.0002516888271716135,0.017222853442187658,-0.3535594228814198,0.8291492562066157,False
600108,亚盛集团,A01,农业,A,3,2008金融危机; 2018去杠杆; 2020疫情,0.0762088912562036,-0.023935343212482155,0.2135019326383449,0.14664190093430707,-0.22737602417018257,-0.4146440049545561,-0.1618594337015327,-12.680054903286523,0.14545090827628518,-4.356430120386079,137440238.37666667,-0.08230341301976629,-0.06206932511365995,0.02691444417454299,0.02241474680721045,0.5526903060519578,False
000153,丰原药业,C27,医药制造业,C,3,2008金融危机; 2018去杠杆; 2020疫情,0.24159465064903277,-0.08514157047818872,0.1688410106363934,0.025669016115745753,1.5805118228670711,-0.23467098783713555,-0.07101502126914823,0.26656075818191216,0.14536822580039063,0.5920191865932783,134100173.20333333,0.005745716033217533,0.021966901858725168,0.003942418887504684,0.07705660234647731,0.5646023985589618,False
300255,常山药业,C27,医药制造业,C,3,2015股灾; 2018去杠杆; 2020疫情,,0.12905787072166194,0.16369439795948054,0.14110977283977913,,0.16644682813325704,-0.34649806777066805,0.12908776183264825,0.14462068050697388,-0.01698782593492092,17301748.363333344,-0.006257805560250826,0.032077059718981484,0.04105794474442894,-0.17192491344176142,0.6604420558924713,False
002372,伟星新材,C29,橡胶和塑料制品业,C,3,2015股灾; 2018去杠杆; 2020疫情,,0.1668979268827814,0.17078828706004245,0.09449829951419482,,0.24927928768813878,0.1926352588412183,0.21388838882387856,0.1440615044856729,0.21860097845107854,150219204.57333332,0.018038926493612866,-0.0004149279542560169,0.005267556806645442,0.18339180233682081,0.21066364054033565,True
002472,双环传动,C34,通用设备制造业,C,3,2015股灾; 2018去杠杆; 2020疫情,,0.10336787070057075,0.19392397348538,0.13238380949481096,,0.11810752247045449,-0.1887456036140253,0.07344100924108521,0.14322521789358725,0.0009343093658381365,36576628.710000016,-0.015590928497682718,-0.013520645709525067,-0.03025096662817023,0.11437204880527319,0.417752479965949,True
300407,凯发电气,C38,电气机械及器材制造业,C,3,2015股灾; 2018去杠杆; 2020疫情,,0.240188726677581,0.11232296337279127,0.07710087052616198,,-0.046291530264788446,-0.7707702731591096,0.24382219845404288,0.14320418685884476,-0.19107986832328508,-33359034.52333333,-0.018775084764861227,-0.022224496163195172,-0.001977097992293934,0.04593558539407739,0.43559315438195373,False
002055,得润电子,C39,计算机、通信和其他电子设备制造业,C,3,2008金融危机; 2015股灾; 2018去杠杆,0.0018485354830034178,0.1529182061359898,0.27398126833092923,-0.028583698590901475,-0.34146326310175834,-0.30744368085473234,0.662483074454715,0.5058821894128676,0.1429160033166408,0.0045253768327414194,-105484677.98666668,-0.016793619939987067,-0.005185753872633629,0.03656328072835705,-1.3846670596152812,0.7406680121600135,False
002261,拓维信息,I65,软件和信息技术服务业,I,3,2015股灾; 2018去杠杆; 2020疫情,,0.16845681969557197,0.05915259571087963,0.20072721467078242,,1.7991911263206257,-21.84155780460446,1.2449199232555617,0.14277887669241132,-6.265815585009424,-70425617.89999999,-0.18806956417248274,0.012500114684638223,0.05090968007869495,-0.04341590219296919,0.5208288096597664,False
002507,涪陵榨菜,C14,食品制造业,C,3,2015股灾; 2018去杠杆; 2020疫情,,0.026731462618302823,0.2592456573973549,0.14231727688421564,,0.19225716506653823,0.5978076314673114,0.28417122586400867,0.14276479896662445,0.3580786741326194,198201624.28666672,0.022870279383991967,0.02945512340543251,-0.018910361787746577,0.09190450924416317,0.0741039019955617,False
600392,盛和资源,C32,有色金属冶炼及压延加工业,C,3,2008金融危机; 2018去杠杆; 2020疫情,0.059493661414879016,-0.2749067303583694,0.1966738804899075,0.1720999964082167,-0.35565357385528207,-0.9053534282180554,-0.1355340855793329,3.601909868418333,0.14275584610433442,1.0369074029945726,41173286.720000006,-8.338491769113489e-05,0.012250928890207569,-0.006954885109633528,0.024278216637084606,0.3775872951769512,False
000158,常山北明,I65,软件和信息技术服务业,I,3,2008金融危机; 2015股灾; 2020疫情,0.026065255300569308,0.3552424069276064,-0.1420199137165877,0.04627847698308147,1.35601871995253,9.250712225853754,-0.48474272158283127,0.1249917392471664,0.14252871307041906,3.5772408950178165,-17044763.056666613,0.01968381246595789,0.017247609988058472,-0.03457387037653803,-0.11390358093059796,0.6700120178647498,False
300327,中颖电子,C39,计算机、通信和其他电子设备制造业,C,3,2015股灾; 2018去杠杆; 2020疫情,,0.10859897456890907,0.10497768142866107,0.21352212207126064,,0.5954022470861751,0.24848659291742625,0.10330719874259953,0.14236625935627692,0.31573201291540026,-14057900.593333326,0.01767125878370179,0.016479748906144714,0.01936251556653723,0.04884348206009044,0.2105489580717218,False
600736,苏州高新,K70,房地产业,K,3,2008金融危机; 2018去杠杆; 2020疫情,0.16103264513803228,-0.09060229055732191,0.16644275361343028,0.09884489526082231,-0.03430840218058996,0.06446630914047753,0.0915371681478876,-0.3009800652902367,0.14210676467076164,-0.08125043310764635,-626505287.7966671,-0.015516897665537072,-0.04653103481788789,0.006240576403280018,0.006548759627859226,0.7345780399805165,False
000869,张裕A,C15,酒、饮料和精制茶制造业,C,3,2008金融危机; 2015股灾; 2018去杠杆,0.2649202278880695,0.11860167404164891,0.04251344919598709,-0.32510549649432535,0.4000846004988322,0.05376649729624563,0.007439259258346404,-0.5812530317330639,0.1420117837085685,0.15376345235114142,170194720.66666666,0.016689527437468557,-0.0077033925365138645,0.02617024929990099,0.02917852800482492,0.13960490829389766,False
200869,张裕B,C15,酒、饮料和精制茶制造业,C,3,2008金融危机; 2015股灾; 2018去杠杆,0.2649202278880695,0.11860167404164891,0.04251344919598709,-0.32510549649432535,0.4000846004988322,0.05376649729624563,0.007439259258346404,-0.5812530317330639,0.1420117837085685,0.15376345235114142,170194720.66666666,0.016689527437468557,-0.0077033925365138645,0.02617024929990099,0.02917852800482492,0.13960490829389766,False
002616,长青集团,C38,电气机械及器材制造业,C,3,2015股灾; 2018去杠杆; 2020疫情,,0.15533644993064843,0.06048808136048126,0.2098445130112407,,0.7741813148815444,0.8788404366534404,0.18117814570166552,0.14188968143412348,0.6113999657455501,135222543.35666665,0.024052371183153776,0.014760087871965246,0.05540439795939023,0.07795800910572828,0.7322611400132936,False
000962,东方钽业,C32,有色金属冶炼及压延加工业,C,3,2008金融危机; 2018去杠杆; 2020疫情,0.14009553044884546,-0.5592378159826634,0.1591242672545589,0.12539917044996476,-0.04851054438841563,-0.8895685508865636,1.0791941870824955,0.1647543292016597,0.14153965605112304,0.3984793239652465,-235755247.01,0.12286013736926717,0.040055231982999484,0.0019548429193221306,0.08229022361531556,0.14836286760320994,False
000403,双林生物,C27,医药制造业,C,3,2015股灾; 2018去杠杆; 2020疫情,-0.10267800927479666,0.02200954035495606,0.2545531919339033,0.14665009509257676,1.4800074191006465,-0.37493082040799,3.9158097120565207,0.1574147475159396,0.14107094246047872,1.2327645463881567,49938175.73666667,-0.007020420732573122,-0.03775184070251184,-0.015145563848087518,0.09410065075741711,0.1437084165969067,False
600422,昆药集团,C27,医药制造业,C,3,2008金融危机; 2015股灾; 2018去杠杆,0.016022451168208402,0.19298021061526427,0.21353876700270194,-0.04961554239534894,0.1697769184556144,0.40176149575536096,0.019084652197561187,-0.01191399967069481,0.14084714292872488,0.19687435546951218,56186562.909999974,-0.005955534711409349,0.034976229564276096,-0.0065833641521801005,0.11135352359140324,0.46506453237871287,True
002212,南洋股份,C38,电气机械及器材制造业,C,3,2008金融危机; 2015股灾; 2018去杠杆,0.1848099580716602,0.01000367957514536,0.22739210212474503,-0.1955839156281639,0.38287414590418717,0.08862574266428333,0.14265192587596642,-0.016609348846527146,0.14073524659051687,0.20471727148147897,214428032.98000002,-0.036378525192847184,0.01490633008381829,-0.06982415208154454,0.008864453142784437,0.14922515375420323,False
300410,正业科技,C35,专用设备制造业,C,3,2015股灾; 2018去杠杆; 2020疫情,,0.14790291100625977,0.12929463768659658,0.14465193542163862,,0.35036041635346105,-0.9054187104425973,0.6640614481410446,0.14061649470483165,0.03633438468396947,98542774.92666666,0.12903892832624383,0.011631196019697088,0.08648875116216685,-1.1951794604639465,0.858545420944505,False
600515,海航基础,K70,房地产业,K,3,2008金融危机; 2015股灾; 2018去杠杆,0.19228123112365902,0.18409972222943416,0.044750046352527786,-0.45214696126297876,-1.564254234502164,0.7110562178066705,-0.18159318859677936,-5.497746707045148,0.14037699990187366,-0.3449304017640909,1000938063.0233334,-0.67207965743027,0.052657111491991114,0.04580385134842805,0.017054209784977886,0.521749008927559,False
002295,精艺股份,C32,有色金属冶炼及压延加工业,C,3,2015股灾; 2018去杠杆; 2020疫情,,0.30486533531829524,0.05614222219108436,0.05983071406652855,,1.1136739923697894,-0.18761048251364515,-0.1407756222110026,0.14027942385863604,0.2617626292150472,138268810.87333333,0.020096163996467062,-0.00014185644856989804,-0.0081883226835949,0.020454153988102363,0.35033234320817425,False
600211,西藏药业,C27,医药制造业,C,3,2008金融危机; 2018去杠杆; 2020疫情,0.20386826611182293,-0.171027615051546,0.12259757496176343,0.09321743711074182,1.044988801501029,3.4899623731346145,-0.06915972847933022,0.3254638090643823,0.13989442606144273,0.43376429402869365,58695358.83666668,0.17021586647209067,0.037203790086909626,-0.005099675564202308,0.26747142759715503,0.16751138731997606,True
000531,穗恒运A,D44,电力、热力生产和供应业,D,3,2008金融危机; 2018去杠杆; 2020疫情,0.2940056635389973,-0.4934670023736673,0.051779852040385196,0.07229374310987996,-1.5650778315447507,-0.3817160995622685,-0.49380031247238976,1.0553886336019456,0.13935975289642083,-0.3344965034717316,-68232149.20333333,-0.026863413124870616,-0.04894349105659864,0.02862627930135005,0.02712073883104819,0.6178276893720274,False
600692,亚通股份,K70,房地产业,K,3,2008金融危机; 2015股灾; 2020疫情,0.1466875757861005,0.10544600642244178,-0.3953558172003636,0.16568279015089618,-0.1551762181160757,0.4099502754644612,-0.347856045603102,0.4662850651815985,0.13927212411981282,0.240353040843328,559294042.9266666,0.006364060742223028,-0.02111762491551007,0.005471447928455701,0.004896647687512853,0.7252612385761427,False
000797,中国武夷,K70,房地产业,K,3,2015股灾; 2018去杠杆; 2020疫情,-0.2143815884577274,0.13434886546999467,0.1668427211010506,0.11369487502381097,-0.3133372675145103,0.30810635408247516,0.6339148897553201,0.27027551053978577,0.1382954871982854,0.4040989181258603,1094648990.1366665,0.02666299766388672,0.06887315912191024,0.03645753262035282,0.030116467002577915,0.7476819094243231,False
300145,中金环境,C34,通用设备制造业,C,3,2015股灾; 2018去杠杆; 2020疫情,,0.23981462919683566,0.14363391301701234,0.03039027569096192,,0.4371739413232535,-0.2529833568396292,-50.59413953804091,0.13794627263493664,-16.80331631785243,-52947805.043333314,-0.25072738943274914,-0.018310350310863626,0.0604826061516211,0.0855857213579217,0.6563934645221547,False
002084,海鸥住工,C33,金属制品业,C,3,2015股灾; 2018去杠杆; 2020疫情,-0.04624243070479399,0.039356377433494086,0.07439554167497683,0.29992154444164293,-0.4816310843485675,0.058063275088417354,-0.5683026066864694,0.2772358704716518,0.1378911545167046,-0.07766782037546673,-40228988.613333344,-0.01322049926411313,-0.02216256048846312,0.010339371343843088,-0.08584341018648721,0.5445640804607855,False
002204,大连重工,C35,专用设备制造业,C,3,2008金融危机; 2018去杠杆; 2020疫情,0.25913416549604246,-0.13251668370662495,0.021329680244378674,0.13196424983793698,0.6619338626384265,0.005429139336311517,-0.8760815859455036,0.36166363246494565,0.1374760318594527,0.04917196971928952,-63923855.96333334,-0.04534021919011453,-0.01584733974949251,-0.018179558031174325,0.0679334283876046,0.7216138804941339,False
000908,景峰医药,C27,医药制造业,C,3,2008金融危机; 2015股灾; 2018去杠杆,0.15485259441251104,0.2562588007672722,0.0007913474433571497,-0.3468009047065706,-6.550751555796163,0.4381070349397904,0.004022964113638345,-0.12735013788202357,0.13730091420771345,-2.036207185580911,21491798.123333335,-0.07048099512283772,-0.02392252258000215,-0.024784416588108704,-10.538980399810114,1.016095262748691,False
300286,安科瑞,C40,仪器仪表制造业,C,3,2015股灾; 2018去杠杆; 2020疫情,,0.08357924608211344,0.12939531391296397,0.1974974955899297,,-0.13963905622838615,0.026676603968408107,0.07210864224976925,0.1368240185283357,-0.0136179366700696,-79061658.94666666,-0.013217751845160395,-0.01789026017928495,-0.019415777728556394,0.12285226234267921,0.24686895436431355,True
600508,上海能源,B06,煤炭开采和洗选业,B,3,2008金融危机; 2018去杠杆; 2020疫情,0.324876627530933,-0.21903828802372657,0.08132687618208617,0.00414154762179405,0.9937573241234154,-2.8850409348273582,0.8448164884825351,0.2289629332447579,0.13678168377827107,0.6891789152835694,-75907287.4399999,0.036245253082549306,0.012018158795535047,-0.026087458729035284,0.05206852324450678,0.351716966087088,False
600812,华北制药,C27,医药制造业,C,3,2008金融危机; 2018去杠杆; 2020疫情,0.15808423274327035,-0.15939525053040202,0.19517831365429764,0.05622179878493348,2.6965831355734924,0.5994901089640967,9.099427048480642,-0.29360107300968363,0.13649478172750049,3.83413637034815,309135521.71999997,0.041775186451012865,0.03351539426958777,-0.003472588981726088,0.03220658868302132,0.6891402070034258,False
600418,江淮汽车,C36,汽车制造业,C,3,2008金融危机; 2015股灾; 2018去杠杆,0.0315838992404374,0.3575275211152964,0.019239677575372188,-0.09421967178263674,-0.8180264164192423,0.5869090644622929,-6.985687234926157,0.4523409048869874,0.136117032643702,-2.4056015289610353,1631800661.4766667,-0.05791406729457895,-0.026518324899099863,0.049382907598564875,-0.16039043683790105,0.7467641254650276,False
000961,中南建设,K70,房地产业,K,3,2008金融危机; 2018去杠杆; 2020疫情,0.0010668558333069363,-0.061602108828167745,0.31283372487866323,0.09425014839658302,0.03118348137086683,-0.5285059208028486,3.3010526505469575,0.6882538304353114,0.1360502430361844,1.3401633207843784,7662181538.89,0.024944894537172028,0.008859484528269656,-0.015100075863202464,,,False
000790,华神科技,C27,医药制造业,C,3,2008金融危机; 2018去杠杆; 2020疫情,0.31750265297540226,-0.12287515500329615,0.07186544510285804,0.0187386521001393,6.53716142343817,-1.565989446516296,-0.8184313287044271,-0.39291157816849254,0.13603558339279986,1.7752728388550834,32172589.00666667,-0.06072237508788636,0.023357899902740824,-0.03512853081215784,-0.006963546070123106,0.5251811240101116,False
600143,金发科技,C29,橡胶和塑料制品业,C,3,2008金融危机; 2018去杠杆; 2020疫情,0.11596193984933602,-0.025571043444149937,0.09418710420138279,0.19720215078428546,-0.48877772224050436,0.4346335238919454,0.13317563161867008,2.6460408128493436,0.1357837316116681,0.7634795740758364,1465975594.5433333,0.037692158282635536,0.0304727968811619,-0.036448139986597385,0.011578790484094076,0.6664044620128732,False
002008,大族激光,C35,专用设备制造业,C,3,2008金融危机; 2015股灾; 2020疫情,0.15445777399739954,0.003908157141228212,-0.045899960068343106,0.2488704387105885,-0.1155843498318939,0.041407965814176544,0.008398623202706177,0.6133771538091025,0.13574545661640544,0.17973358993046173,-224720946.11000004,-0.028937231873884712,0.013964232376499427,-0.0672400536373336,0.10014906841173041,0.4887807475168597,True
600391,航发科技,C37,铁路、船舶、航空航天和其它运输设备制造业,C,3,2008金融危机; 2015股灾; 2018去杠杆,0.32293283337974554,0.033065077241097,0.04668774180224203,-0.19579691758345175,0.03362663105071362,-0.05220364722970378,-5.600970642158412,-0.7461141711781233,0.13422855080769486,-1.8731825527791341,-18466777.039999995,-0.06616878006969132,-0.023966657436876097,0.04222728806680446,0.05128403178408442,0.6766005896423476,False
600847,万里股份,C38,电气机械及器材制造业,C,3,2015股灾; 2018去杠杆; 2020疫情,-0.3331305623082981,0.0545040288873171,0.28324487251227354,0.06435014077501416,-1.9714279869071536,-9.825091003984486,-11.10874989958715,-0.5483611192599631,0.1340330140582016,-7.160734007610532,17075265.473333333,-0.09671802873453698,-0.024361593744185183,-0.02984055819978217,-0.07195921512697899,0.11689614732284771,False
600557,康缘药业,C27,医药制造业,C,3,2008金融危机; 2015股灾; 2018去杠杆,0.1335791035066816,0.10047805333337252,0.16768158654400864,-0.335948206033297,0.46558155990162364,0.13039780840427512,0.1571220071228104,-0.46946912551261977,0.13391291446135425,0.2510337918095697,140790527.48666665,-0.005691790491284515,0.019546731819219842,-0.08927714790258305,0.08095976258331601,0.31877046992024893,False
600667,太极实业,C39,计算机、通信和其他电子设备制造业,C,3,2015股灾; 2018去杠杆; 2020疫情,-0.4384730862071826,0.045862637047900674,0.30066483852820686,0.05490511573942581,-0.2251337626735118,0.30533905344390544,0.22191516565749161,0.3173100071755238,0.13381086377184445,0.28152140875897363,183666630.83333337,0.01718719613741537,-0.0010390777371052974,0.000611175482864749,0.08190750688825342,0.7133665556126157,False
000717,韶钢松山,C31,黑色金属冶炼及压延加工业,C,3,2008金融危机; 2018去杠杆; 2020疫情,0.27719517536627675,-0.4283835169570026,0.04125526596140976,0.08277592501791764,-2.9477144298635873,-0.8695910986957145,0.31387987082676483,0.020649650794943984,0.1337421221152014,-0.8710616360806261,693209955.92,-0.2459492963744335,-0.026121401039351455,-0.043307261501677276,-0.15222087478226778,0.611006834941689,False
002283,天润工业,C36,汽车制造业,C,3,2015股灾; 2018去杠杆; 2020疫情,,0.04342680738551842,0.12706692846353296,0.22923817993749138,,0.10745227108282669,0.008967009612980541,0.4335304219387651,0.1332439719288476,0.18331656754485745,358438061.3666666,0.006991863841586947,0.001092790435580961,-0.010163793111519196,0.054446185188597465,0.2543068393816834,False
600575,淮河能源,G55,水上运输业,G,3,2008金融危机; 2018去杠杆; 2020疫情,0.11410663131280492,-0.8105954131623473,0.16031438425797348,0.12440021866207343,0.23504991135314757,1.085073886319551,0.2599530950341805,-0.44758422448004076,0.13294041141095062,0.015806260635762442,57328531.676666684,-0.007150718233198535,-0.030245266366597936,0.05982747649042055,0.07048481192918434,0.43874353151845524,False
600535,天士力,C27,医药制造业,C,3,2008金融危机; 2015股灾; 2018去杠杆,0.2287410734009857,0.05210233086273105,0.11776864681510993,-0.28540410767795443,0.5362949176566174,0.05053404115891295,0.13526004038480746,0.08641632943393504,0.13287068369294222,0.2406963330667793,692746542.5300001,-0.021857598095335874,0.004668378365161614,-0.03501552930140772,0.07093071382353455,0.19130913267761424,False
002588,史丹利,C26,化学原料及化学制品制造业,C,3,2015股灾; 2018去杠杆; 2020疫情,,0.2452575315329793,0.08067497505840726,0.07049618711066619,,0.25631192964814414,-0.2839327738161039,1.60713665325594,0.13214289790068426,0.5265052696959934,-250909102.26333335,0.00544379196725403,0.005967246791854249,-0.00026828134407741455,0.10447460947054045,0.4429574839616487,True
600765,中航重机,C37,铁路、船舶、航空航天和其它运输设备制造业,C,3,2008金融危机; 2015股灾; 2020疫情,0.2675638270443306,0.009403216455224144,-0.038592881589930274,0.11917577764896183,0.480892939270733,-5.206800377989984,1.2493134098728798,0.33034800305284073,0.13204760704950555,-1.46518647855547,84892413.25999999,-0.0398314887834542,-0.011486938235504738,0.049571655627546764,0.04806111424386921,0.47601418179480987,False
002101,广东鸿图,C36,汽车制造业,C,3,2008金融危机; 2015股灾; 2018去杠杆,0.16227570356286938,0.019787824903866193,0.21138501796321243,-0.052535359471990686,-0.15693421458432735,0.09104176243830694,0.19827737469977802,1.2691707520804543,0.13114951547664933,0.044128307517919206,-20658997.520000033,-0.003991832051983936,0.0004175647145450434,0.007070745277053074,0.05358866420667849,0.45175188965582447,False
000544,中原环保,D46,水的生产和供应业,D,3,2008金融危机; 2018去杠杆; 2020疫情,0.10413196077165283,-0.10375797233560421,0.05194391898702307,0.23568696947465576,0.22142839985419036,0.5229017685129561,0.28464975995694325,0.08250577310635097,0.13058761641111055,0.1961946443058282,-70042264.1066667,0.005473658445807383,0.014435683351058085,0.11932171468116697,0.0998778238156996,0.7322467892210901,False
000650,仁和药业,C27,医药制造业,C,3,2008金融危机; 2015股灾; 2018去杠杆,0.12559404688818174,0.12010861648024777,0.14559974357853323,-0.10369997792984036,0.7911762359599984,0.34501730658141944,0.324003335107317,0.061932793137306284,0.13043413564898756,0.4867322925495783,55944567.67999998,0.03435006679773318,0.04642942417206427,0.019621741953022676,0.0832481881503513,0.09040843651339844,False
600833,第一医药,F52,零售业,F,3,2008金融危机; 2015股灾; 2020疫情,0.05992701842983331,0.0538714128536305,-0.24385911943799043,0.2764982893867611,-0.007664704999419277,0.11191555040013487,0.0853228327854018,0.2910476395640342,0.13009890689007497,0.13176616165491659,-3790780.3133333325,0.009037628911950054,-0.014194116715551153,0.020876664939656064,0.1429706500431605,0.4220378313285377,True
601999,出版传媒,R85,新闻和出版业,R,3,2008金融危机; 2015股灾; 2018去杠杆,0.15160034115519985,0.02772799461349279,0.2108447490122881,-0.06223294407296157,0.08682138473238078,0.06476517079393167,0.10237282486794322,0.02392480496806059,0.1300576949269936,0.08465312679808523,-224992221.67333332,0.0017127285811558354,-0.0019888074954368487,-0.018445707226238395,0.03780715757255471,0.360316833750551,False
300235,方直科技,I65,软件和信息技术服务业,I,3,2015股灾; 2018去杠杆; 2020疫情,,0.20058502506224965,0.06700284062416219,0.12207363066646722,,-0.016857744938096397,0.4246833144379485,-0.02806931547247714,0.12988716545095969,0.12658541800912498,4035177.396666665,0.0001539647218952167,-0.0496728668247793,0.007059563258372932,0.02461829893890536,0.027191488654068806,False
300075,数字政通,I65,软件和信息技术服务业,I,3,2015股灾; 2018去杠杆; 2020疫情,,0.19236611001636345,0.07135510373450399,0.1244161209616858,,-0.05017981627528576,-0.3853831962418415,0.21963962912243648,0.12937911157085108,-0.0719744611315636,145818890.40333334,-0.0189449643033382,-0.0367655892538021,0.03123797466562277,-0.11183022669509739,0.18901544207408616,False
603636,南威软件,I65,软件和信息技术服务业,I,3,2015股灾; 2018去杠杆; 2020疫情,,0.05931587526056992,0.2127189089715113,0.11592565499275287,,-0.29116145006213034,0.7921417784625627,0.22105011747375747,0.12932014640827802,0.24067681529139662,-67368894.36666667,-0.012796655362802348,-0.01367273484038591,-0.025540963846986398,-0.12741806001387607,0.5822616259183208,False
600884,杉杉股份,C38,电气机械及器材制造业,C,3,2008金融危机; 2015股灾; 2018去杠杆,0.1407160304081666,0.17581591093369442,0.07047687866610092,-0.05345841438193302,-0.03447442527848319,1.0620948761636857,0.23536114964606686,-0.45317230030092426,0.12900294000265397,0.42099386684375645,361714238.49,0.020359103544535902,-0.016700677661220308,-0.030581445976522476,-0.014188256715584973,0.5123247919770874,False
831195,三祥科技,C29,橡胶和塑料制品业,C,3,2015股灾; 2018去杠杆; 2020疫情,,0.22250109479052654,0.08550371792577903,0.07767582506005548,,-0.2092362713314941,-3.799932355301758,0.2634711484188317,0.12856021259212036,-1.2485658260714734,13157601.983333332,-0.15230352346749113,-0.036908887830754585,-0.01609304294063213,0.0900385468041583,0.4745451400146718,False
002436,兴森科技,C39,计算机、通信和其他电子设备制造业,C,3,2015股灾; 2018去杠杆; 2020疫情,,0.2662486487489891,0.05796401043468295,0.06071237466461079,,0.2385059254871663,0.2576122494300572,0.6965830581074,0.12830834461609428,0.39756707767487454,-49427295.639999986,0.017614701602799474,-0.001205034598286303,0.014783008444868776,-0.09519537824465908,0.5920233020238003,False
600356,恒丰纸业,C22,造纸及纸制品业,C,3,2008金融危机; 2018去杠杆; 2020疫情,0.22607393154865968,-0.06829206148015057,0.11546563967640423,0.04134685849941066,0.7439682883355789,0.10057691851214227,-0.33193027820825616,0.570943203932498,0.1276288099081582,0.3276604046866069,-94813405.85000001,0.00880724671751205,0.0028481741720453126,-0.028788224843977306,0.04987182207632648,0.23697239325192873,False
430556,雅达股份,C40,仪器仪表制造业,C,3,2015股灾; 2018去杠杆; 2020疫情,,0.14152922027908554,0.008928020207806312,0.23155161145954836,,-0.06580930802444702,0.026143071546493507,0.5209717415137652,0.12733628398214672,0.16043516834527058,3877702.053333333,0.012668630677211952,-0.019881064742971688,0.03231066351398381,0.04755429959000488,0.16268251340998055,False
002159,三特索道,N78,公共设施管理业,N,3,2008金融危机; 2015股灾; 2018去杠杆,0.0694379191704467,0.1096075500649851,0.20161611194309875,-0.40093269663847003,-0.42510744420538693,3.411329396277009,27.368811708186982,0.13025002728894153,0.12688719372617685,10.118344553419535,9374527.026666665,0.062461552286657174,0.01233627450056298,0.002190034204472243,0.11623030709840992,0.23617690774459268,True
601238,广汽集团,C36,汽车制造业,C,3,2015股灾; 2018去杠杆; 2020疫情,,0.31472602858980253,0.005209691045329993,0.05880821366284332,,0.3686977581731493,0.011466007309495272,-0.09835535665460991,0.12624797776599195,0.09393613627601156,-4965203851.666667,-0.0014134314918808621,-0.014988710176814598,-0.005148954301335347,-0.004056964078303045,0.47613588864092166,False
601668,中国建筑,E48,土木工程建筑业,E,3,2015股灾; 2018去杠杆; 2020疫情,,0.10068185761818488,0.13776408891009376,0.13747127003885887,,0.08337129659285548,0.18652431370320446,0.1225394703410918,0.1253057388557125,0.13081169354571723,45985793333.333336,-0.009509985734494672,0.0032908625215248566,-0.011570302475414832,0.08132284537153657,0.758106903490295,False
601618,中国中冶,E48,土木工程建筑业,E,3,2015股灾; 2018去杠杆; 2020疫情,,0.007128366183475711,0.18661755893437712,0.18154219249758524,,0.13990770162771762,0.1279457211077595,0.23829762859585268,0.12509603920514603,0.1687170171104433,2158083333.3333335,0.0005121026467687732,-0.00202672933185905,-0.016782308986892664,0.043350396021373,0.7743411995722781,False
300114,中航电测,C39,计算机、通信和其他电子设备制造业,C,3,2015股灾; 2018去杠杆; 2020疫情,,0.11687327229612668,0.1187375095367898,0.1392885879678154,,0.12881558271671076,0.17931629974361715,0.2375764560792109,0.12496645660024397,0.1819027795131796,-22232807.91000001,0.010236667408714517,0.004465398949810555,-0.006669898481661329,0.044630214945737066,0.4005914762344426,False
302132,中航成飞,C39,计算机、通信和其他电子设备制造业,C,3,2015股灾; 2018去杠杆; 2020疫情,,0.11687327229612668,0.1187375095367898,0.1392885879678154,,0.12881558271671076,0.17931629974361715,0.2375764560792109,0.12496645660024397,0.1819027795131796,-22232807.91000001,0.010236667408714517,0.004465398949810555,-0.006669898481661329,0.044630214945737066,0.4005914762344426,False
600399,ST 抚钢,C31,黑色金属冶炼及压延加工业,C,3,2008金融危机; 2018去杠杆; 2020疫情,0.10779243663631173,-0.1641230724931177,0.17322912129598964,0.09256439850867261,0.4647519776212986,3.189352798615698,2.9492650897976884,0.8263822710395574,0.12452865214699133,1.4134664461528483,-445843962.52,-0.17105420196062096,0.02162324623084308,-0.22427657000004628,0.01758823790705617,0.5164629634427956,False
603011,合锻智能,C34,通用设备制造业,C,3,2015股灾; 2018去杠杆; 2020疫情,,0.0723803056527033,0.09534262021438543,0.20575069393185874,,-0.05437818381919254,0.21769358943678008,-0.06293307559301832,0.12449120659964914,0.033460776674856405,-25850885.47666667,6.897332253018133e-05,-0.010499910894994876,0.004410898654695923,-0.041862375626575736,0.5267731244252003,False
002508,老板电器,C38,电气机械及器材制造业,C,3,2015股灾; 2018去杠杆; 2020疫情,,0.26575476430764494,0.058068285545569205,0.047424143012903756,,0.4584466549708608,0.015503597544544697,0.045292092122363896,0.12374906428870597,0.17308078154592313,233289073.22999993,-0.009570819003065834,0.011225442715733816,0.02211489843233244,0.13806924064892678,0.3389710726387113,True
000928,中钢国际,E48,土木工程建筑业,E,3,2008金融危机; 2018去杠杆; 2020疫情,0.20079363601834288,-0.0847005878922732,0.06458492590203109,0.10536789179682664,2.1702082244990533,1.8602954524723492,-0.0018060227478248912,0.14093427692137317,0.12358215123906686,0.7697788262242006,491321986.5333333,0.005025916645278576,0.023821251895577152,0.03086589981385886,0.10097281716859426,0.6848643975936527,False
300363,博腾股份,C27,医药制造业,C,3,2015股灾; 2018去杠杆; 2020疫情,,0.03439160546979633,0.00065408021036508,0.3355747275710098,,-0.13823671450363478,0.17930156681272535,0.7993086438457984,0.12354013775039041,0.2801244987182963,15850693.303333336,-0.013517748305700614,-0.01201126237016853,-0.05148772638549631,-0.06763503948151323,0.38621315007621926,False
002184,海得控制,C38,电气机械及器材制造业,C,3,2008金融危机; 2015股灾; 2020疫情,0.1412085953733355,0.1281606523840147,-0.17567099682472895,0.10062229047076425,-0.0031490768869599116,0.3617091546092731,-5.777428398618849,1.434138314521204,0.1233305127427048,0.5975661307478392,-6395945.593333333,0.023563545447914374,0.01471305426786887,-0.006589201331991867,-0.2571557638840746,0.6231833036753419,False
300371,汇中股份,C40,仪器仪表制造业,C,3,2015股灾; 2018去杠杆; 2020疫情,,0.05327211799545691,0.1341733015032527,0.1802751269028142,,-0.09681688838503362,0.25023077452073106,0.1576655647591197,0.12257351546717461,0.10369315029827238,-182146.5,-0.0018073494333106187,-0.002615560824449433,0.014993686319867194,0.05204435881400518,0.08462029949259134,False
002273,水晶光电,C39,计算机、通信和其他电子设备制造业,C,3,2015股灾; 2018去杠杆; 2020疫情,,0.2090988702717404,0.08388746698633359,0.07453344469920088,,-0.02607301519449225,0.3218008974482013,-0.07687081366242135,0.12250659398575829,0.0729523561970959,39557347.20333335,-0.02065899242402668,-0.02468312457650625,-0.04660044953229825,0.11125065816671886,0.19660788247613345,True
601158,重庆水务,D46,水的生产和供应业,D,3,2015股灾; 2018去杠杆; 2020疫情,,0.08497757355130127,0.15642993613090508,0.12610520254510718,,0.0707698879322169,-0.3270349997483218,0.06647511267114486,0.1225042374091045,-0.06326333304832,101188693.63666661,-0.012755457844074378,-0.008414333834934265,0.00350007289250052,0.04592027132059811,0.4905914003423814,False
601727,上海电气,C34,通用设备制造业,C,3,2015股灾; 2018去杠杆; 2020疫情,,0.015952851744224058,0.2717211477239821,0.07811117449427711,,0.024848141663630134,0.09436454261934121,-0.09403813433208146,0.12192839132082776,0.008391516650296632,1972182000.0,-0.00567170405806218,-0.011424462453891624,0.005276353662627575,0.03483327588763236,0.7442015104888122,False
000733,振华科技,C39,计算机、通信和其他电子设备制造业,C,3,2008金融危机; 2015股灾; 2020疫情,0.0733911466914387,0.21428136650347374,-0.3342873595626652,0.07672507237390859,-0.10217842306780794,0.3940809370693916,0.23806898187354092,1.0402177272594,0.12146586185627367,0.4440400804203279,-5508862.830000003,0.01825330856235086,0.02112773461779834,0.023377959374172492,0.06582876943275477,0.1834952642352551,False
000922,佳电股份,C38,电气机械及器材制造业,C,3,2008金融危机; 2018去杠杆; 2020疫情,0.011105875394812984,-0.26658900876143743,0.22660077174396337,0.12627705665893185,-13.46382923898896,-6.249245635026247,1.3127313502703648,0.18285318026774589,0.12132790126590272,-3.98941490281695,94648635.11666666,-0.1227659823967495,-0.010433932603872672,0.03193499988799899,0.08983452994137427,0.631351122143741,False
600103,青山纸业,C22,造纸及纸制品业,C,3,2008金融危机; 2015股灾; 2018去杠杆,0.1693808960180781,0.11401906458420284,0.07718620598761189,-0.06549190424066467,-0.6345124178691762,-4.16837093018723,0.3791043693715431,-0.39050742091125434,0.12019538886329761,-1.4745929928949544,169488848.41,-0.04571587247027193,0.0070977886441327505,0.011976107820295734,0.021734145856012695,0.32412423488197556,False
002332,仙琚制药,C27,医药制造业,C,3,2015股灾; 2018去杠杆; 2020疫情,,0.003931594621112461,0.26965277776289304,0.08367896223424058,,1.1426922443585208,0.5009686931960002,0.19553536061854648,0.11908777820608203,0.6130654327243558,117732507.59333332,0.003534866442271465,0.009714938701223344,-0.12199289152897273,0.0679197567695681,0.1587831954611552,False
600613,神奇制药,C27,医药制造业,C,3,2008金融危机; 2015股灾; 2018去杠杆,0.055546027012575314,0.23127160483047143,0.06751680546617266,-0.0563326961058704,-0.6614869515330662,0.20655029708428402,-0.17715530329829354,-5.38724054061192,0.11811147910307314,-0.21069731924902527,43177697.49333333,-0.017239385581769125,-0.011324158923870434,-0.028964630101311877,0.027228392009441764,0.22113180357054424,False
900904,神奇B股,C27,医药制造业,C,3,2008金融危机; 2015股灾; 2018去杠杆,0.055546027012575314,0.23127160483047143,0.06751680546617266,-0.0563326961058704,-0.6614869515330662,0.20655029708428402,-0.17715530329829354,-5.38724054061192,0.11811147910307314,-0.21069731924902527,43177697.49333333,-0.017239385581769125,-0.011324158923870434,-0.028964630101311877,0.027228392009441764,0.22113180357054424,False
300138,晨光生物,C13,农副食品加工业,C,3,2015股灾; 2018去杠杆; 2020疫情,,0.0500749748151229,0.10508314927347737,0.19836333371980525,,2.307143707541461,0.10701240749541953,0.4018080794239931,0.11784048593613516,0.9386547314869578,101969798.42666668,0.016734645127276095,0.00818889787930309,-0.019095964240868273,0.024711503754843937,0.6503538980313941,False
600552,凯盛科技,C39,计算机、通信和其他电子设备制造业,C,3,2008金融危机; 2015股灾; 2020疫情,0.03238045374746707,0.19895417360028902,-0.14063373753611053,0.12158885524470849,-0.8680186931613534,0.1036352698780369,-0.4510974695094248,0.34681126786007005,0.11764116086415487,-0.13919071847441547,18759702.51,-0.031272457008401776,-0.04626010501706405,0.06625679398061673,0.04199446568012191,0.588937252159302,False
002641,永高股份,C29,橡胶和塑料制品业,C,3,2015股灾; 2018去杠杆; 2020疫情,,0.06249780861834962,0.17157620305536803,0.11854089945507527,,0.15273709502447003,0.2699971292491676,0.4966235897498984,0.11753830370959766,0.306452604674512,236875179.02999997,0.010623482559908725,0.01500058680778297,0.017719697319238243,0.03408607621948411,0.3317752906284791,False
000850,华茂股份,C17,纺织业,C,3,2008金融危机; 2018去杠杆; 2020疫情,0.0244213401492467,-0.02592024963906006,0.18722182990597183,0.13868600042566182,-0.0645972813764612,-0.8743506688890778,0.16552385045876952,0.30316811657478965,0.11677639016029345,0.134698228552366,-44298683.96000001,0.009131892334240442,0.009021527762563061,0.03924717431848074,0.060866343354210345,0.35935238398021707,False
002697,红旗连锁,F52,零售业,F,3,2015股灾; 2018去杠杆; 2020疫情,,0.15154008990243095,0.04050664637132479,0.15731000102088902,,0.05129295253370101,0.9518103954855922,-0.02188005497788831,0.1164522457648816,0.3270744310138016,105974609.09333336,0.009534354096974734,0.0037906977079788704,0.029477073869649484,0.11674829385318168,0.46124219127432586,True
600129,太极集团,C27,医药制造业,C,3,2008金融危机; 2015股灾; 2018去杠杆,0.0924983415373822,0.02968926886856993,0.2238085964321948,-0.03738559189981766,-0.44295920271727474,1.8732859779474258,-0.349826324818391,1.3080216267000384,0.11533206894604897,0.36016681680392004,172736711.07000002,0.08667304236828573,0.01068778684809038,-0.024962307418118074,0.01411686815919714,0.7415345471841851,False
000404,长虹华意,C34,通用设备制造业,C,3,2008金融危机; 2018去杠杆; 2020疫情,0.15659772629427682,-0.020955365069630177,0.09818732643675149,0.09007813720194825,0.39516536675021297,0.14520738514249762,-0.22778389092965248,0.8167227927537586,0.11495439664432551,0.3280347561914397,-55269451.960000016,0.008620704277160118,0.006802037350302728,-0.026206207296304112,0.11716942057572553,0.6012631559998391,False
000429,粤高速A,G54,道路运输业,G,3,2015股灾; 2018去杠杆; 2020疫情,-0.15833757711232269,0.06215820461987937,0.04196709607835263,0.23951233490960616,-0.20077575880884954,0.5032207627039312,0.11291898054653361,-0.058775523673697684,0.11454587853594606,0.18578807319225574,132794180.10333347,0.009128188812719621,0.010969166243454065,-0.006490103532022025,0.1593611932802007,0.4119914652763637,True
200429,粤高速B,G54,道路运输业,G,3,2015股灾; 2018去杠杆; 2020疫情,-0.15833757711232269,0.06215820461987937,0.04196709607835263,0.23951233490960616,-0.20077575880884954,0.5032207627039312,0.11291898054653361,-0.058775523673697684,0.11454587853594606,0.18578807319225574,132794180.10333347,0.009128188812719621,0.010969166243454065,-0.006490103532022025,0.1593611932802007,0.4119914652763637,True
002121,*ST 科陆,C40,仪器仪表制造业,C,3,2008金融危机; 2015股灾; 2020疫情,0.1420197508229414,0.15696976056860112,-0.13361540203852174,0.04442860996768007,-0.2645731716693856,0.5662687316429207,-4.0745393470189875,1.0731063898821145,0.11447270711974088,0.45826731661854986,-9549409.949999988,0.8531151606221367,0.013561097478907047,0.020296131894811626,-0.9620735828343606,0.9328510848221024,False
002199,东晶电子,C39,计算机、通信和其他电子设备制造业,C,3,2008金融危机; 2015股灾; 2020疫情,0.004369684237256012,0.09150925479487196,-0.23627926257805146,0.24726653955576813,-0.09607104740343027,-0.8521106278655022,-53.7700166184752,-0.4608773573444498,0.11438182619596537,-0.46968634420446076,9542612.103333334,-0.15432252903606433,-0.004169918125763067,0.05041182831504352,-0.31958465520721663,0.5298959496500054,False
000902,新洋丰,C26,化学原料及化学制品制造业,C,3,2015股灾; 2018去杠杆; 2020疫情,-0.08738450051057346,0.15167926293903974,0.110515426590451,0.07944624734450202,-4.106267166605018,0.321604246489374,0.197938654403435,0.47108902988627216,0.11388031229133093,0.33021064359302704,63202768.543333255,0.0010408222697221674,0.00033759202160122775,-0.045155695182702925,0.1200646544438946,0.3967253543893727,True
600511,国药股份,F51,批发业,F,3,2008金融危机; 2015股灾; 2018去杠杆,0.22712160205700593,0.04678762146830093,0.06766151134751533,-0.09555198403116467,0.5087190768217813,0.06878396262385036,0.18925992843069617,-0.19741066912920163,0.11385691162427407,0.2555876559587759,88708115.81666668,0.004620501425487404,0.00024402680944326607,-0.0526619232997258,0.11224114392655564,0.4567426823786064,True
002637,赞宇科技,C26,化学原料及化学制品制造业,C,3,2015股灾; 2018去杠杆; 2020疫情,,0.13108200350931185,0.022550836421868534,0.18602109895473457,,-0.6899334580023754,0.32119964855054506,-0.07978861245540761,0.11321797962863832,-0.1495074739690793,222707578.26666668,-0.012992640828219734,-0.00016503150419602355,0.03085820965227017,0.032817521276881194,0.5198771831276771,False
600760,中航沈飞,C37,铁路、船舶、航空航天和其它运输设备制造业,C,3,2008金融危机; 2018去杠杆; 2020疫情,0.15414294900528344,-0.32756527022837517,0.03554019504073973,0.1496176485086764,-1.7802569651031854,-0.963325635456428,0.059626806635504,0.6849308496324288,0.11310026418489987,-0.3452331029450842,1466629174.9166667,-0.016391547378325363,-0.0036408277512839232,0.006037700516612454,0.17914672611890772,0.6906820730317628,False
600635,大众公用,D45,燃气生产和供应业,D,3,2008金融危机; 2015股灾; 2018去杠杆,0.1702934216878446,0.09435703297631544,0.07379261924036495,-0.12391720492070606,-0.2988488313243005,0.4243168992936242,-0.22713848222749622,-0.06185740821534731,0.112814357968175,-0.03389013808605751,-170835031.85,-0.012315064279802114,-0.00898958127419377,-0.004546280680292725,0.03271027213801629,0.5632521431229113,False
002117,东港股份,C23,印刷和记录媒介复制业,C,3,2008金融危机; 2015股灾; 2018去杠杆,0.1256062923011182,0.13085972495740475,0.08125165074504327,-0.21046247372088436,0.07357681677846147,0.24880057205244752,0.11623539667914462,-0.3847830023330087,0.11257255600118875,0.14620426183668453,6866691.143333331,0.008506233492488214,-0.008866107474386228,-0.029704896715489832,0.11290812629609626,0.310083483822985,True
600389,江山股份,C26,化学原料及化学制品制造业,C,3,2008金融危机; 2018去杠杆; 2020疫情,0.18949574312584389,-0.10037530980860447,0.07684263902017809,0.07114883373080487,1.9096417842847344,-0.9476070687262002,0.5747740853356756,0.15001350036945646,0.11249573862560895,0.8781431233299556,91208930.19000001,0.07953496192768654,0.03412769428443201,0.001363996085197013,0.05788931205668793,0.5442446933068501,False
600507,方大特钢,C31,黑色金属冶炼及压延加工业,C,3,2008金融危机; 2018去杠杆; 2020疫情,0.01759789144177998,-0.29202573488703504,0.23959565324500753,0.07878876310080869,-0.9426714634812183,-0.80843813593805,0.14969014216656756,0.2584995504561821,0.1119941025958654,-0.1781605902861562,1297449165.0600002,-0.07617581077250844,-0.007782900112035494,-0.06783200988092164,0.026293219570169907,0.5018600639604723,False
601007,金陵饭店,H61,住宿业,H,3,2008金融危机; 2015股灾; 2018去杠杆,0.030921733728402817,0.2007319881248497,0.10377600403253659,-0.04085498185736475,0.15716764416659265,0.15310264419881384,-0.14932579329078868,-0.24372189662502655,0.11180990862859637,0.0536481650248726,-25516510.10333334,-0.00204318286994214,0.0397635035785164,-0.003476510717653092,0.030507246812421254,0.2856775172517857,False
002539,云图控股,C26,化学原料及化学制品制造业,C,3,2015股灾; 2018去杠杆; 2020疫情,,0.2508411361263987,0.016372221164506772,0.06118870448982901,,0.31737766218495217,0.6399857155039581,1.3175036060123153,0.1094673539269115,0.7582889945670752,-177607391.65,0.03439710238888971,0.003921967581294206,0.018360027061779565,0.09179723208716428,0.6226397219143431,False
002078,太阳纸业,C22,造纸及纸制品业,C,3,2008金融危机; 2015股灾; 2018去杠杆,0.14085343016525326,0.03511626942489796,0.15211531230050784,-0.051578061865120775,-0.44961070521895063,0.3805700749972875,-0.003525896824516497,-0.10452736985766085,0.10936167063021969,-0.02418884234872654,96476014.86000006,-0.032673819860593666,-0.0037932468618401085,0.0011411236276540986,0.10828729005080713,0.4541305285771923,True
000021,深科技,C39,计算机、通信和其他电子设备制造业,C,3,2008金融危机; 2018去杠杆; 2020疫情,0.0652276396478001,-0.06581971281467017,0.13027841413827476,0.13183907430445638,-0.5537539179888457,0.12521536613004725,-0.014852138770644238,1.1569973391153914,0.10911504269684374,0.19613042745196715,1412090557.31,-0.021179910576731784,0.0032861407221249327,-0.053717105429893414,0.07847481850889643,0.4823924114053007,False
603369,今世缘,C15,酒、饮料和精制茶制造业,C,3,2015股灾; 2018去杠杆; 2020疫情,,0.01049343905489368,0.26550475154010994,0.05123191838434033,,0.06299747037483062,0.28521510861513305,0.07460880090285908,0.10907670299311466,0.14094045996427426,53355207.83333331,-0.0018858190382672706,-0.0036612216868441663,0.027753540156896166,0.22078440570126295,0.3619966824103338,True
300155,安居宝,C39,计算机、通信和其他电子设备制造业,C,3,2015股灾; 2018去杠杆; 2020疫情,,0.225268535456611,0.08742532547006333,0.014269681888968435,,-0.572137917549561,1.0816043008325575,0.4687488930653946,0.10898784760521425,0.32607175878279704,-52241453.41333335,-0.0026138988684121533,-0.01590259603121315,0.007540589042779146,-0.041385058736617845,0.11024282660066517,False
600237,铜峰电子,C39,计算机、通信和其他电子设备制造业,C,3,2008金融危机; 2018去杠杆; 2020疫情,0.20767595478068682,-0.10839084653100911,0.08854187848606225,0.030447953240160964,1.2197626511290351,1.1082310176303665,-0.28227465974453264,1.0594151284221858,0.10888859550230334,0.6656343732688961,-15424725.749999994,0.07258685599058519,0.010798474790314363,-0.029919335931126594,0.05254396647555246,0.21604310722203027,False
002557,洽洽食品,C13,农副食品加工业,C,3,2015股灾; 2018去杠杆; 2020疫情,,0.06364484778000519,0.16495991836276536,0.09345217655083407,,0.24940493425482332,0.3726708388646797,0.3340140467881132,0.10735231423120155,0.31869660663587207,171289757.50666666,0.02528611925464151,0.004944750709846864,0.03553351446652133,0.14841248219540676,0.4304353156727987,True
600219,南山铝业,C32,有色金属冶炼及压延加工业,C,3,2008金融危机; 2018去杠杆; 2020疫情,0.10039766092478807,-0.02747116310591536,0.18481973207358027,0.03672802649986859,-0.3585940916438331,-0.32578710983663656,-0.11498877296804653,0.2792277734511101,0.10731513983274565,-0.06478503038692318,721071003.7833332,-0.024169874380798224,-0.0462199483487187,0.021343503978529937,0.10593814594799594,0.19981281676075033,True
002196,方正电机,C35,专用设备制造业,C,3,2015股灾; 2018去杠杆; 2020疫情,-0.23747433696587425,0.27621897597150036,0.034546653959019985,0.01050714339073313,-0.4698807153840722,4.62022256937507,-4.905303676582337,-43.98896607927453,0.10709092444041783,-14.758015728827267,-57459588.129999995,-0.2507953156182641,-0.03713769569590585,0.0130372872338519,-0.020333261710372048,0.6589299970178831,False
601311,骆驼股份,C38,电气机械及器材制造业,C,3,2015股灾; 2018去杠杆; 2020疫情,,0.04060053505609825,0.21078956065646837,0.0683137049444866,,-0.10298988871640344,0.10121191774991647,0.1945665680088672,0.10656793355235107,0.06426286568079341,438896153.0,-0.00853221084885245,-0.008793353719165758,-0.002108566559231695,0.06505772817854286,0.3511178876509765,False
600166,福田汽车,C36,汽车制造业,C,3,2008金融危机; 2015股灾; 2020疫情,0.07911611543367822,0.009088664787626623,-0.20607819841070818,0.2299446886123739,-0.10939934813172164,-0.2226223204754688,-126.78700893796821,-0.03669211394061185,0.1060498229445596,-0.12290459418260076,752588513.7433332,-0.03282788476336265,-0.006916159039656658,-0.018374083269474133,0.0028864459829025446,0.7199381050022727,False
000338,潍柴动力,C36,汽车制造业,C,3,2008金融危机; 2018去杠杆; 2020疫情,0.132149287207269,-0.07430257009299805,0.05071234988057447,0.13265704298831837,-0.13804512475177844,-0.6261257246453008,0.26664512585879535,-0.05309204073026226,0.10517289335872061,0.025169320125584885,1556217635.2500007,-0.03036694427543632,-0.017935768927417994,0.007993147519292513,0.11706985301907202,0.6453446996967297,False
600493,凤竹纺织,C17,纺织业,C,3,2008金融危机; 2018去杠杆; 2020疫情,0.06457773354450617,-0.07323695507453724,0.2236224378743272,0.02556225507638849,-0.8667799912406144,0.2978139111268172,0.23262056743716525,0.14156335902221728,0.1045874754984073,-0.16419868826041065,83811826.10333334,-0.015357153046355479,0.006449236000644999,0.05395934096962703,0.047304328500971424,0.3244428613482804,False
600009,上海机场,G56,航空运输业,G,3,2008金融危机; 2015股灾; 2018去杠杆,0.06567979787833923,0.09294526616720852,0.15513233155708617,-0.6067980408282981,-0.4771325238039544,0.19289049099010372,0.1488401210637393,-1.2221278634170794,0.10458579853421131,-0.04513397058337045,251521873.7066668,-0.020589296097905354,-0.05036005227490694,0.007137429509605266,0.05111460361041153,0.37855173489499694,False
002155,湖南黄金,B09,有色金属矿采选业,B,3,2015股灾; 2018去杠杆; 2020疫情,-0.04543643986541533,0.019681028163425957,0.2067799670557815,0.08557498823568378,-0.5311733704490683,-0.844680720911303,-0.11611843509178124,0.4470316021200833,0.10401199448496375,-0.17125585129433363,170890887.16,-0.010050585415806125,-0.012995507552819363,0.002962625291128488,0.12301741465907981,0.14929022985261553,True
603688,石英股份,C30,非金属矿物制品业,C,3,2015股灾; 2018去杠杆; 2020疫情,,0.1492218141865296,0.12462034254620517,0.037324665623240015,,0.11697596447255196,0.32050241493455656,0.15309205428372025,0.10372227411865827,0.1968568112302763,13338879.173333332,0.005673578681719418,0.009435291367337617,-0.03440531154051613,0.05703668390713858,0.0531443875360409,False
600366,宁波韵升,C30,非金属矿物制品业,C,3,2015股灾; 2018去杠杆; 2020疫情,-0.5914884582104982,0.00014767162174023695,0.07725271343963004,0.2330041049847036,-0.010111190118900833,0.6765017461352543,-0.7860476011037882,2.8156557503799613,0.1034681633486913,0.9020366318038091,45088671.80666668,-0.0023338856149123836,-0.024628937089790193,0.01948932499764257,0.016134514936433683,0.3425437839906178,False
002527,新时达,C38,电气机械及器材制造业,C,3,2015股灾; 2018去杠杆; 2020疫情,,0.15474773772017578,0.03272478286359305,0.11972207966439165,,-0.05743546223140545,-3.1477347730768543,0.5332422051827282,0.10239820008272016,-0.8906426767085106,3592822.573333343,-0.047335497530162966,-0.026935383387414042,0.04127488712136548,-0.23066662683696193,0.7016046814409747,False
601008,连云港,G55,水上运输业,G,3,2008金融危机; 2018去杠杆; 2020疫情,0.16081477159220817,-0.1873429379292466,0.007159536996514472,0.1385041674507203,0.0137214973912805,-0.5009940417124088,0.2783031592480171,1.8456559512151829,0.10215949201314765,0.7125602026181602,-444969643.32,0.0036641162204143797,-0.0123175373038062,0.021429672578657948,0.04873131268311257,0.579984604313915,False
600509,天富能源,D44,电力、热力生产和供应业,D,3,2008金融危机; 2018去杠杆; 2020疫情,0.13462231228335325,-0.021069728133065714,0.16943759377083956,0.0003037596847531149,-0.06262232424880446,-0.12812966174023233,-0.777007293793644,1.2220167911108768,0.1014545552463153,0.12746239102280946,352507208.54,0.02132703871998254,-0.003312791968344405,0.03893831983738746,0.030403517787937477,0.7233644736759608,False
002668,奥马电器,C38,电气机械及器材制造业,C,3,2015股灾; 2018去杠杆; 2020疫情,,0.054116982280377035,0.12040255828548539,0.12886372888156528,,0.31447906369758194,-5.799647914959882,-13.986874273654728,0.1011277564824759,-6.49068104163901,736805668.8566667,-0.40990283279117373,0.0007457611333090419,0.07564001789761925,0.5478283046263706,0.7621296609202822,False
600823,世茂股份,K70,房地产业,K,3,2015股灾; 2018去杠杆; 2020疫情,-0.6155449694778322,0.18359648514799015,0.10754203716455453,0.01194531780770851,-0.273897739712404,0.1193491652787747,0.27261359865895585,-0.15425445734504545,0.10102794670675107,0.0792361021975617,75755430.72666685,-0.009369671754063674,-0.0169599961559897,-0.0101256246712725,,,False
002091,江苏国泰,F51,批发业,F,3,2008金融危机; 2015股灾; 2018去杠杆,0.03210751527804344,0.20319866798298328,0.06699704223302563,-0.2338851864139636,0.5829913964305956,0.1526434357358757,0.46273850488821927,0.026627531737094683,0.10076774183135079,0.39945777901823015,575846040.37,0.030284221177384413,0.006036374716913109,0.03322457802087845,0.08487724942655234,0.5141020980104982,False
002448,中原内配,C36,汽车制造业,C,3,2015股灾; 2018去杠杆; 2020疫情,,0.018897651307231044,0.06145312565204371,0.22149995316142004,,0.0666002759820958,0.007389969031437483,0.7864030471669707,0.1006169100402316,0.286797764060168,-74032606.77333333,0.0025266601144129076,-0.013822578327179683,0.0013368256693003417,0.05998560122514157,0.3268770435530382,False
300415,伊之密,C35,专用设备制造业,C,3,2015股灾; 2018去杠杆; 2020疫情,,0.011700044967880838,0.00331384705935912,0.2859011751613202,,0.016973097354778817,-0.36011530749031756,0.6315663166614616,0.10030502239618672,0.09614136884197427,87491340.38666667,-0.048758709698519066,0.00025558772344245567,-0.06616611503778697,0.20830172728973406,0.5758080607688447,True
002655,共达电声,C39,计算机、通信和其他电子设备制造业,C,3,2015股灾; 2018去杠杆; 2020疫情,,0.07900157598762782,0.02265161426476525,0.19888738145595847,,-0.1983091016942905,1.122059718976772,0.4905284562785848,0.1001801905694505,0.4714263578536888,31248353.753333334,0.14622104954593104,-0.012590907710769058,0.0011936655498892372,0.12168034690699069,0.6105281768528442,False
600315,上海家化,C26,化学原料及化学制品制造业,C,3,2008金融危机; 2015股灾; 2018去杠杆,0.10292783654474975,0.09582730106223011,0.10013509718301995,-0.0743148323025357,0.25211553297909106,1.4351319071321988,0.3862939373465026,-0.22777150083500192,0.09963007826333327,0.6911804591525974,-162131384.0566666,0.05527282038820564,0.0031597265389806117,-0.03180514733657117,-0.12449544795816056,0.3270863743260984,False
600004,白云机场,G56,航空运输业,G,3,2008金融危机; 2015股灾; 2018去杠杆,0.1364895811762364,0.016653786331666844,0.14571612631721884,-0.3361275123848436,0.3186470796143774,0.11903952563606508,-0.2743586747460589,-1.2195032550429317,0.0996198312750407,0.054442643501461184,244756364.3900001,-0.004349162576988345,-0.04638852571139929,0.018794123796624207,0.05194461625522904,0.31135569425888443,False
600207,安彩高科,D45,燃气生产和供应业,D,3,2008金融危机; 2018去杠杆; 2020疫情,0.08667674352912351,-0.0754210030898733,0.07561033497886296,0.13609155229001071,3.780501878179739,1.0849478739216956,-26.08539376896135,3.407990064010054,0.0994595435993324,-6.2989672755905195,17472949.28,-0.04449487308643616,0.022656373452547517,-0.0077922550210362635,-0.1417257073184196,0.5599997101245693,False
300331,苏大维格,C39,计算机、通信和其他电子设备制造业,C,3,2015股灾; 2018去杠杆; 2020疫情,,0.021984662181535847,0.20219540517540585,0.07332133133417446,,1.1451324728403578,-0.2623054908690531,-0.5966336879905132,0.09916713289703871,0.09539776466026384,-19642096.573333334,-0.017673317671725693,-0.01189475706273683,0.06301231983632515,-0.037441908563915445,0.4516134149112109,False
600452,涪陵电力,D44,电力、热力生产和供应业,D,3,2008金融危机; 2018去杠杆; 2020疫情,0.0958821248618722,-0.014712934507368726,0.18806274096737452,0.012394257976796887,-0.1441150654771772,1.5915207031498693,0.5428888567469059,0.008166648370858984,0.09877970793534786,0.13564681321352923,23125651.216666605,0.00782828431164403,0.015684788621580098,0.024494780971667424,0.09686261193407181,0.18363893919669544,False
600863,内蒙华电,D44,电力、热力生产和供应业,D,3,2008金融危机; 2018去杠杆; 2020疫情,0.06791767523869652,-0.20570581610929842,0.1663891099103944,0.061019604793126396,-2.6357342037194447,-0.4106374588026124,0.37182430738416183,-0.4140664616175551,0.0984421299807391,-0.8926587859842794,333226602.95,-0.06516587248134884,-0.016474049676731137,-0.019451847777196996,0.10005425676089405,0.4087709729653052,True
002302,西部建设,C30,非金属矿物制品业,C,3,2015股灾; 2018去杠杆; 2020疫情,,0.008215489631484921,0.26334710640485093,0.02300409444264829,,0.003151160766150476,1.375282848805149,0.2895659589784507,0.09818889682632805,0.5559999895165834,-749931996.6433333,0.011594151397380287,0.0068331888551999105,0.008855847854347268,-0.020576204976093995,0.6800260168413281,False
002298,中电兴发,I65,软件和信息技术服务业,I,3,2015股灾; 2018去杠杆; 2020疫情,,0.07820144227712732,0.21247768257737273,0.0038688983703552234,,3.669945467594678,-0.0256791434772291,0.02636771530924941,0.0981826744082851,1.2235446798088994,91032448.63333333,0.004054299052346451,0.026484086705913994,0.01430518122669816,-0.7644745815683596,0.5974996810518965,False
600872,中炬高新,C14,食品制造业,C,3,2015股灾; 2018去杠杆; 2020疫情,-0.07729444277030954,0.04416841946828161,0.15434632270408652,0.09594551914849495,0.0014280358429444129,-0.06344882248795565,0.33209226294997524,0.22751792286040687,0.09815342044028769,0.16538712110747547,24689784.30666669,0.0061580711293921,-0.0028534593305868015,-0.006980258272056912,0.1662061656616517,0.299484598175773,True
002328,新朋股份,C36,汽车制造业,C,3,2015股灾; 2018去杠杆; 2020疫情,,0.08041925687828595,0.033615007133258296,0.1799060990957628,,-0.03122604017808973,0.05486803416263624,0.14690842291937675,0.09798012103576902,0.05685013896797442,-198687926.84333333,0.0014676439991779717,-0.011506548965802721,0.015896418802048024,0.06478120957730735,0.35005809681815236,False
600379,宝光股份,C38,电气机械及器材制造业,C,3,2008金融危机; 2015股灾; 2018去杠杆,0.211499657725628,0.027029139030722422,0.05524040242998401,-0.03408070235394231,-0.09809570363806874,0.33201561606515084,0.06726429642769646,0.04520270288249954,0.0979230663954448,0.10039473628492619,35539415.00333333,0.0035898018753487784,-0.007084813802051874,0.06738811862655703,0.11913321582031171,0.5570974084478553,True
002003,伟星股份,C18,纺织服装、服饰业,C,3,2008金融危机; 2015股灾; 2018去杠杆,0.24621520805464284,0.01357227338141887,0.03322520701338929,-0.08650299723110569,0.3147370118882652,0.06000334476718169,-0.2004423867371673,0.39486406691197623,0.097670896149817,0.058099323306093194,24458454.800000023,-0.027748229107880634,-0.00547456961467017,-0.05985894910700604,0.16068855568268495,0.30055896750079,True
000533,顺钠股份,C38,电气机械及器材制造业,C,3,2015股灾; 2018去杠杆; 2020疫情,-0.10836187677723627,0.060030322805714575,0.15634446103178584,0.07568541997402367,-0.4912766143492101,0.0734000660710798,-19.415687117548387,9.338973542129397,0.09735340127050802,-3.3344378364493035,174917834.67333332,-0.4108746990766134,-0.023966062579076797,0.03659189791934642,0.128707081946184,0.652935320990974,False
000819,岳阳兴长,C25,石油加工、炼焦及核燃料加工业,C,3,2008金融危机; 2015股灾; 2018去杠杆,0.010447166275178374,0.014681259389763921,0.2663530353274383,-0.1659300506869523,27.817092807962624,0.29222875240609636,4.701873965698569,-0.5337081381570985,0.0971604869974602,10.937065175355762,70063238.99,0.10848370359818722,0.00902241134566234,-0.1802681680361082,0.023429742992184636,0.26026458293768323,False
300016,北陆药业,C27,医药制造业,C,3,2015股灾; 2018去杠杆; 2020疫情,,0.11693838723201483,0.16365378537395336,0.010033013993487976,,-0.6716805668090462,0.24361233318245307,-0.5502960633924096,0.09687506219981873,-0.32612143233966756,29589713.783333335,-0.08381326464109674,0.0008014484381947407,0.025604528792002645,0.00014629873259556725,0.38556875030025917,False
600090,同济堂,F51,批发业,F,3,2008金融危机; 2015股灾; 2018去杠杆,0.123976443989365,0.0643124096696729,0.10006701679993006,-0.8013564536599377,-0.005262764533665315,-0.3213152549568943,-0.028218962836312693,-18.661511859075723,0.09611862348632265,-0.1182656607756241,-270173204.3433333,-0.033888051203013005,-0.0029769002748547455,0.03670432128661636,,,False
600835,上海机电,C34,通用设备制造业,C,3,2008金融危机; 2018去杠杆; 2020疫情,0.13729198313385607,-0.07138954333974601,0.09052348612815712,0.057779128031469396,0.08310205552759344,0.5559442018143336,-0.09548256188335975,0.033389183106662966,0.09519819909782752,0.0070028922502988825,-453212522.6033333,-0.010414996425820527,-0.013783916568825485,-0.01465269781043349,0.08269371802378317,0.5352733242160392,False
900925,机电B股,C34,通用设备制造业,C,3,2008金融危机; 2018去杠杆; 2020疫情,0.13729198313385607,-0.07138954333974601,0.09052348612815712,0.057779128031469396,0.08310205552759344,0.5559442018143336,-0.09548256188335975,0.033389183106662966,0.09519819909782752,0.0070028922502988825,-453212522.6033333,-0.010414996425820527,-0.013783916568825485,-0.01465269781043349,0.08269371802378317,0.5352733242160392,False
002545,东方铁塔,C33,金属制品业,C,3,2015股灾; 2018去杠杆; 2020疫情,,0.19377092246369138,0.07339685844115557,0.017446563465943997,,0.1259064233033457,0.7726311264545682,0.024269549817251542,0.09487144812359698,0.3076023665250551,56086060.683333315,0.009587335327234192,-0.017560102003293044,0.016485868991933477,0.0632292315068062,0.34360849203876176,False
300112,万讯自控,C40,仪器仪表制造业,C,3,2015股灾; 2018去杠杆; 2020疫情,,0.15785290289606738,0.0754388761594108,0.05028067323906233,,-0.4250267903525102,0.2253684187728983,0.36476396439163444,0.09452415076484684,0.05503519760400752,2092988.4799999993,-0.0020010093262752132,0.006252459172955749,0.01492197247320686,-0.056586788575646446,0.3314763106780016,False
600710,苏美达,F51,批发业,F,3,2008金融危机; 2018去杠杆; 2020疫情,0.007837681120254774,-0.2411880847410714,0.10627098965802138,0.16860792475361375,-0.429927140372585,-1.934904153342782,0.1282995681798188,0.15381544395393268,0.09423886517729663,-0.04927070941294451,-131514484.87,-0.015561556639241888,-0.012942593673537927,0.011831713270749796,0.22432403178978275,0.735561642615287,False
900953,凯马B,C36,汽车制造业,C,3,2008金融危机; 2015股灾; 2020疫情,0.108002350111057,0.02882482334214135,-0.24873469177194865,0.14543253638246034,1.2481901590763773,1.1834472860929555,-11.454801036983307,-0.39423774336112005,0.09408656994521956,0.6791332339360708,85578622.52333333,0.1781441388259378,-0.004143791956755222,-0.01286789222947271,,,False
002476,宝莫股份,C26,化学原料及化学制品制造业,C,3,2015股灾; 2018去杠杆; 2020疫情,,0.11090382587772195,0.09775364080008432,0.07297412170410615,,-1.204391751971807,-680.162252930176,-0.855526604431718,0.09387719612730415,-227.40739042885983,58454725.943333335,-0.17214351909268513,0.007416312025954636,0.07904909132704835,0.06083600900721764,0.11794588655570443,False
000969,安泰科技,C33,金属制品业,C,3,2008金融危机; 2018去杠杆; 2020疫情,0.1530966798960018,-0.09553987476201388,0.08464779331141553,0.04161599767471201,-0.00042809120396990484,1.5855715181559378,-7.939507173552471,-0.22911038721202398,0.09312015696070979,-2.7230152173228217,187483564.04999998,-0.029231783180548105,-0.0036302262847133135,0.009306760437965375,0.06830823254654142,0.4268472165694534,False
600305,恒顺醋业,C14,食品制造业,C,3,2015股灾; 2018去杠杆; 2020疫情,-0.15700508685826717,0.08102800444514938,0.09866506432710148,0.09939792763314252,-2.7747272489912307,1.9262249496808472,0.08487199660462617,-0.030850356618366517,0.09303033213513112,0.6600821965557023,16323896.50333334,0.024232526913772662,-0.009645627372212917,-0.03199732182135015,0.0335397339008745,0.237219103769582,False
200152,山航B,G56,航空运输业,G,3,2008金融危机; 2015股灾; 2018去杠杆,0.09055048768536386,0.046555969386157914,0.13838519077909484,-0.4452778763882457,1.1489894279920916,0.8490816105254101,-0.29157356894777403,-7.598275185947536,0.09183054928353888,0.5688324898565759,628496903.5100001,0.02700889609553687,0.0054241797845427835,0.004734287534674271,,,False
600967,内蒙一机,C37,铁路、船舶、航空航天和其它运输设备制造业,C,3,2008金融危机; 2018去杠杆; 2020疫情,0.20680324664045255,-0.3289132993250895,0.02502289195116058,0.04360632796755764,1.3260467822156627,-1.2236193635538941,0.020019166244165817,0.14036388073615516,0.09181082218639025,0.49547660973199453,230100190.01666677,0.0051962884977780855,0.0014393279110854428,0.015293568314358944,0.042605655223961196,0.42027002438870403,False
600563,法拉电子,C39,计算机、通信和其他电子设备制造业,C,3,2008金融危机; 2018去杠杆; 2020疫情,0.13588419322415785,-0.016107862489832106,0.014012300535403841,0.12512620726877127,-0.2267320282168643,0.059361470646120025,0.052798444822830345,0.209761404592946,0.09167423367611098,0.011942607066304012,7259993.173333347,-0.012497822142452606,-0.013787027370040153,0.028362787199629924,0.1948982985589339,0.3158786220964345,True
600133,东湖高新,E48,土木工程建筑业,E,3,2008金融危机; 2018去杠杆; 2020疫情,0.011813193807381888,-0.16817544612140994,0.13881942358199256,0.12421916796187099,-0.3390423211075678,-0.4623525363223302,-0.5652740716394026,2.1302144575098896,0.09161726178374847,0.4086326882543064,279935966.1600001,-0.030242954347432505,0.0723928410830882,0.04139314707995506,0.05887721299550271,0.4899526299166689,False
000881,中广核技,C26,化学原料及化学制品制造业,C,3,2008金融危机; 2015股灾; 2018去杠杆,0.17356384028624,0.03471377680944561,0.06510017604548507,-0.05268612082170907,0.8876773945619539,-13.428818639618497,-0.11159363960361612,1.0705742651829768,0.0911259310470569,-4.217578294886719,384184135.84,-0.4406103520378058,-0.021136268561624972,0.023319784083578616,-0.06610591592432313,0.48157470732834723,False
000541,佛山照明,C38,电气机械及器材制造业,C,3,2008金融危机; 2018去杠杆; 2020疫情,0.14881640148555852,-0.06256257640331633,0.00046515727599345954,0.12204594406573196,-0.4744542163176389,-0.8586819014365547,-0.4916331368845093,0.06167727128491862,0.09044250094242799,-0.3014700273057432,121115971.8,-0.045112253898407,-0.010612158440163416,0.027314563341196776,0.05149118250312963,0.4075384477455571,False
200541,粤照明B,C38,电气机械及器材制造业,C,3,2008金融危机; 2018去杠杆; 2020疫情,0.14881640148555852,-0.06256257640331633,0.00046515727599345954,0.12204594406573196,-0.4744542163176389,-0.8586819014365547,-0.4916331368845093,0.06167727128491862,0.09044250094242799,-0.3014700273057432,121115971.8,-0.045112253898407,-0.010612158440163416,0.027314563341196776,0.05149118250312963,0.4075384477455571,False
002686,亿利达,C34,通用设备制造业,C,3,2015股灾; 2018去杠杆; 2020疫情,,0.15877831589903152,0.10605546313994559,0.0020022648839723898,,0.24340189978955926,-0.976671851969976,1.0621818841266935,0.08894534797431651,0.10963731064875892,-42457284.43666667,0.10592009577210158,-0.02928926122625361,0.03692908176988532,0.014032958520357243,0.44548714061705574,False
600085,同仁堂,C27,医药制造业,C,3,2008金融危机; 2015股灾; 2018去杠杆,0.08738867866536064,0.11593114450262242,0.06225121097459128,-0.033986590447421076,0.12167862329228027,0.16837194770393102,0.04640057826416755,0.03506783441101396,0.08852367804752477,0.11215038308679294,305897272.24000007,-0.0047395784012879555,0.015064578873517939,-0.032774278302963304,0.10910183296519968,0.3300429573005554,True
002198,嘉应制药,C27,医药制造业,C,3,2008金融危机; 2018去杠杆; 2020疫情,0.027325671444702528,-0.15908792288332144,0.147203004376683,0.08836088074226547,-0.4381023297823478,-0.09909866638882674,1.167062415727048,1.1623638985064406,0.08762985218788366,0.6304413281503802,35914915.88666666,0.16372284820098187,-0.030969664131409225,-0.06452886684564835,0.027184166895143334,0.09608694738628668,False
600060,海信视像,C39,计算机、通信和其他电子设备制造业,C,3,2015股灾; 2018去杠杆; 2020疫情,-0.09647347031213535,0.04078032038579523,0.06868996243370522,0.15276408816083006,-0.00437194931201613,0.0649266961454097,-0.46762636437035976,0.8906657895506749,0.0874114569934435,0.1626553737752416,-1321590595.9066668,-0.0008450339590617232,0.003762364983904772,0.003250260083751418,0.10286864266765222,0.46417715716450075,True
000823,超声电子,C39,计算机、通信和其他电子设备制造业,C,3,2008金融危机; 2018去杠杆; 2020疫情,0.05396356473046652,-0.08598940716208783,0.14034150021296604,0.06750978859472292,0.008417948776835524,-0.37917369590450395,0.3691894754185745,0.012428318552787962,0.08727161784605182,0.13001191424939934,-42809142.61666665,0.0029539835039256493,-0.0054859618409458894,-0.010163010078404497,0.048373712749567734,0.3656726970759178,False
002463,沪电股份,C39,计算机、通信和其他电子设备制造业,C,3,2015股灾; 2018去杠杆; 2020疫情,,0.025925476678735355,0.18806765067009876,0.046500337367182364,,1.457336353517083,1.802940198900019,0.11346106140796249,0.08683115490533883,1.1245792046083547,391179494.3333333,0.02274523418907391,0.019293539215226103,-0.020651228255964882,0.21563090008833286,0.43808015559518454,True
300233,金城医药,C27,医药制造业,C,3,2015股灾; 2018去杠杆; 2020疫情,,0.12155184939478371,0.07888379558065488,0.05979510001405108,,0.5566129584265287,-0.027358702886909735,-3.2460644357869715,0.08674358166316322,-0.9056033934157842,52324293.133333355,-0.05463034224297808,0.047110336152064135,0.011921420662901564,0.05420850408969688,0.3162960777985395,False
600197,伊力特,C15,酒、饮料和精制茶制造业,C,3,2008金融危机; 2015股灾; 2018去杠杆,0.14472162665256702,0.005675194890198432,0.10697392301678721,-0.21705833453257004,0.13907298397722193,0.05010681121854957,0.21553379884273954,-0.2560383425163614,0.08579024818651755,0.13490453134617034,1979035.4599999886,0.0020479282555289587,0.014762179942860184,-0.021156820570364377,0.07320204853949729,0.2211576197073722,False
603020,爱普股份,C14,食品制造业,C,3,2015股灾; 2018去杠杆; 2020疫情,,0.10373968354340958,0.07520064371205445,0.07823197830084587,,0.17983451039073514,-0.18609425074370703,0.4415383262838977,0.08572410185210329,0.14509286197697527,-2363921.049999992,-0.02355344337429847,-0.015064393846822186,-0.022694492894712006,0.056181851292795286,0.0675024162176799,False
000623,吉林敖东,C27,医药制造业,C,3,2008金融危机; 2015股灾; 2018去杠杆,0.09782348944383433,0.04225772093829792,0.11667224185991242,-0.2709280438730886,-0.5572903634103525,0.8351274311862685,-0.49887108493873994,0.21387627906167891,0.08558448408068155,-0.07367800572094131,13562889.876666686,-0.08236531129633258,0.004735865188259118,0.029571222188606795,0.051880979710293866,0.11271058403916756,False
601333,广深铁路,G53,铁路运输业,G,3,2008金融危机; 2015股灾; 2018去杠杆,0.11230440607510789,0.06246479822555546,0.08164102366549104,-0.22801517271872015,-0.1525642303528083,0.6083299394885047,-0.23002692487673132,-1.7461582698304021,0.08547007598871814,0.07524626141965501,-8146244.8033332825,-0.0019392346459855478,-0.02195772765788569,0.02155753684727652,0.039104412885717775,0.25974155083963535,False
002536,飞龙股份,C36,汽车制造业,C,3,2015股灾; 2018去杠杆; 2020疫情,,0.18589254494854698,0.057978032732270625,0.010311437693048604,,0.4116949519287144,-0.0031985727572941573,0.6959215688726852,0.0847273384579554,0.3681393160147018,-48563956.89333334,0.0038955532461002057,0.0015297476462838948,-0.026372592122995513,0.09851188908783878,0.3759617770548123,False
600168,武汉控股,D46,水的生产和供应业,D,3,2015股灾; 2018去杠杆; 2020疫情,-0.09642934220027928,0.01737253384106027,0.1602274460446666,0.07460843972018451,-0.026892643483987237,0.04717703446813935,-0.122541410579699,0.051642642024559544,0.08406947320197046,-0.0079072446956667,-48078649.77666665,-0.0035482942065878285,-0.002796075580170365,0.02593270086780793,0.015299475563413103,0.7730578846208173,False
002287,奇正藏药,C27,医药制造业,C,3,2015股灾; 2018去杠杆; 2020疫情,,0.046965507827490996,0.15198027766297778,0.052426114054390384,,0.10994160173347879,0.05541960673660547,0.11396681346935973,0.08379063318161972,0.09310934064648134,16378015.603333345,-0.001428945792716842,0.018005623894950123,0.058236432125424155,0.14133854758756012,0.39424770509533946,True
601800,中国交建,E48,土木工程建筑业,E,3,2015股灾; 2018去杠杆; 2020疫情,,0.10294511444715493,0.016710261338436744,0.13120914017433405,,0.146791425145852,-0.04808084653122383,-0.10505214129776422,0.08362150531997524,-0.0021138542277120143,594608596.3333334,-0.016248933319187628,0.004580805919548357,-0.013129581861039444,0.06486882382480882,0.7482527628401981,False
000639,西王食品,C13,农副食品加工业,C,3,2015股灾; 2018去杠杆; 2020疫情,-0.18122151604849399,0.19967582023699149,0.040349790720946674,0.009196885069354727,-0.666745737829147,0.2449985680982311,0.34377694589858065,1.3527753930964772,0.08307416534243096,0.6471836356977629,350972263.59,0.09602893077159085,-0.019229054478171675,-0.1021350904435806,-0.1760633964194198,0.45665987834911276,False
300160,秀强股份,C30,非金属矿物制品业,C,3,2015股灾; 2018去杠杆; 2020疫情,,0.21826988578471773,0.016621741768727372,0.013619590248872963,,0.8415476921798508,-2.9673842643112582,0.015166320034749691,0.0828370726007727,-0.703556750698886,8485565.576666662,-0.10811291303949305,-0.019992048277037867,0.05504119661710908,0.08704981312535562,0.17657709173933228,False
831855,浙江大农,C34,通用设备制造业,C,3,2015股灾; 2018去杠杆; 2020疫情,,0.0915835954204523,0.06297271488977685,0.09247732650519115,,0.808654874593148,-0.25304483916448156,-0.10332423419319439,0.0823445456051401,0.15076193374515734,4328725.7266666675,-0.012299272708658424,-0.009548783040068528,0.002557353164137466,0.06972592880438569,0.1749543061503785,False
002732,燕塘乳业,C14,食品制造业,C,3,2015股灾; 2018去杠杆; 2020疫情,,0.08687506311303544,0.04678475400172997,0.11303029693257823,,0.21677830839971315,-0.6343570367158027,-0.15498335179009887,0.08223003801578121,-0.19085402670206278,-11136298.979999999,-0.02984851807766235,-0.020226393477928057,0.0070195352926956485,0.06888733249372948,0.23055863779198296,False
600963,岳阳林纸,C22,造纸及纸制品业,C,3,2008金融危机; 2018去杠杆; 2020疫情,0.1036367844075803,-0.09926598634989915,0.1414701617604497,0.0013959202020447819,0.15827801126038862,-30.351598906497404,0.05213804893410398,0.3226437018167294,0.08216762212335825,0.17768658733707401,182992206.14,0.005102328640589096,-0.005630614336449347,-0.011403168098292208,0.021052825397263792,0.6102479722812723,False
831627,力王股份,C38,电气机械及器材制造业,C,3,2015股灾; 2018去杠杆; 2020疫情,,0.024422907742347857,0.005384598110097597,0.21268224105900754,,2.1686881554981383,-0.1851658893781859,0.7646207287816963,0.080829915637151,0.9160476649672162,-998676.9066666638,0.02609181962752773,0.03293695779929937,-0.05393647164312284,0.07334656980742704,0.429328586388354,False
002718,友邦吊顶,C41,其他制造业,C,3,2015股灾; 2018去杠杆; 2020疫情,,0.08474506290217225,0.08605310728206005,0.07128619156095928,,0.1538382050995927,-0.19403480494966155,-0.16260480391414572,0.0806947872483972,-0.06760046792140485,-76263781.00666665,-0.015501185550491353,-0.04330299610451229,0.0010019627243584666,-0.12710231143190256,0.3305157690404302,False
600448,华纺股份,C17,纺织业,C,3,2015股灾; 2018去杠杆; 2020疫情,-0.021812809566385535,0.010896051523738959,0.14520165460659254,0.08360271526374315,1.0294121658249862,-0.45029749769300603,2.056958560557713,0.6131559537291134,0.07990014046469156,0.7399390055312735,24005094.583333332,0.0006823614899883075,-0.00251225088263018,0.03666177404429297,-0.046363171973066976,0.6694350580910128,False
002544,杰赛科技,I65,软件和信息技术服务业,I,3,2015股灾; 2018去杠杆; 2020疫情,,0.17820700920190324,0.04856439610966124,0.011115832620286741,,0.16473161670679493,-0.8801727247756046,1.086557515414832,0.07929574597728374,0.12370546911534075,122458033.17333333,-0.02431696371122204,-0.009220928569110878,-0.012219145967434453,0.0006473967868554319,0.6131986299093857,False
300406,九强生物,C27,医药制造业,C,3,2015股灾; 2018去杠杆; 2020疫情,,0.11396886273346438,0.11508489464964948,0.008630208775001562,,0.16332270971703647,0.10072755488074499,-0.6331141030542854,0.0792279887193718,-0.1230212794855013,-10552321.219999984,-0.04650632465339973,-0.032659686730969716,0.0040853886365560905,0.12852357061389408,0.2586859598154131,True
600660,福耀玻璃,C30,非金属矿物制品业,C,3,2008金融危机; 2015股灾; 2018去杠杆,0.10671123889084579,0.04991524834048052,0.08064802939400835,-0.05673289440270601,-0.7317382795065389,0.17598915148138683,0.3045922068378497,-0.10342042639547366,0.07909150554177823,-0.0837189737291008,363820361.0,-0.08003310600721004,-0.016293856296342318,-0.034365837968061086,0.21028215446332876,0.4358385841491163,True
600081,东风科技,C36,汽车制造业,C,3,2008金融危机; 2018去杠杆; 2020疫情,0.08683431297715812,-0.015645362261535026,0.09364098574069922,0.054920226018970356,-6.4515296943697855,-0.2637240002352038,0.03741696087616576,-0.21147376485173738,0.07846517491227589,-2.2085288327817856,-81471019.23,-0.0684737139528886,0.004005747887869522,0.029137836737281358,0.041570560236510644,0.45270899785000235,False
000529,广弘控股,C13,农副食品加工业,C,3,2015股灾; 2018去杠杆; 2020疫情,-0.130698852803066,0.02717365523791059,0.0836387658102415,0.12432894789684724,68.38718035994006,-0.5153006012909424,0.22760926636020154,0.17867514291649145,0.07838045631499978,-0.03633873067141646,56129607.459999986,-0.019474367648091295,0.020615670538316852,0.017452073863461138,0.03844329410395311,0.486055878086708,False
600785,新华百货,F52,零售业,F,3,2008金融危机; 2015股灾; 2018去杠杆,0.12114229123956305,0.08602102493179699,0.025600437873848213,-0.2574377057219856,0.43813583940068546,-0.3183402110008858,0.41701166269815526,-0.8750952934308601,0.07758791801506941,0.1789357636993183,-20999364.91000001,0.008908516026475523,-0.0024505044234876725,0.016639947019057872,0.05506531770956986,0.7606222845728035,False
601111,中国国航,G56,航空运输业,G,3,2008金融危机; 2015股灾; 2018去杠杆,0.06496073768870056,0.03914528274526005,0.12698694680983189,-0.4896211129492735,-3.453803290061001,0.6988879335781376,-0.05058246424866627,-3.1817590511698355,0.07703098908126417,-0.9351659402438433,5654589000.0,-0.18298973922659034,-0.017646425176024893,0.03770511695890274,-0.059838258488313006,0.8815823274732005,False
600775,南京熊猫,C39,计算机、通信和其他电子设备制造业,C,3,2008金融危机; 2015股灾; 2018去杠杆,0.11991013153213696,0.03608222981450528,0.0736121129180345,-0.15188301308514368,-0.5969724155884302,-0.03719918598025816,0.3609040125390909,0.036025461647571456,0.07653482475489225,-0.09108919634319916,-51970717.870000005,-0.009544070134213496,-0.010754873417094283,0.01546618435402756,-0.04172528846956737,0.3629502866294429,False
600797,浙大网新,I65,软件和信息技术服务业,I,3,2015股灾; 2018去杠杆; 2020疫情,-0.036236215959932434,0.12004312115781184,0.09357142268351336,0.015110200234371929,-0.5523568636159965,2.549386281474138,-0.3658942090912201,0.11546581220702602,0.07624158135856571,0.7663192948633145,220418015.72333336,0.05781596717634128,0.011382336930799672,-0.036525548331294934,-0.01988241527181954,0.4041850407734411,False
300193,佳士科技,C34,通用设备制造业,C,3,2015股灾; 2018去杠杆; 2020疫情,,0.06227006110687933,0.10760739371655897,0.05665664774071534,,0.5220168506477696,0.3317156981122976,-0.23016802871728156,0.07551136752138454,0.20785484001426188,-3890870.506666675,0.0034647172812916744,0.0024999545364870293,0.01210392944023688,0.11380712881466581,0.2614029897084884,True
300045,华力创通,C35,专用设备制造业,C,3,2015股灾; 2018去杠杆; 2020疫情,,0.028773793347887353,0.18943642388737061,0.006717754254853251,,-0.31992256974836547,0.46508737907916725,1.198345097738373,0.07497599049670374,0.4478366356897249,45977558.41333333,0.029327125913256893,-0.02868055653619428,-0.01767264487832501,-0.08849564787577445,0.34300710616639296,False
000970,中科三环,C39,计算机、通信和其他电子设备制造业,C,3,2008金融危机; 2018去杠杆; 2020疫情,0.0025269025599943627,-0.098522131755278,0.06912854216737797,0.15307840647725604,-0.28870988703300815,-0.04160579516236191,-0.10716977583938501,-0.36078704976475484,0.07491128373487613,-0.252222237545716,61590059.870000005,-0.02401475393444019,-0.02993879650264587,0.008200973171196826,0.0030042782900517075,0.262287540825967,False
002205,国统股份,C30,非金属矿物制品业,C,3,2008金融危机; 2018去杠杆; 2020疫情,0.18321522262368212,-0.5108768098359396,6.14570962889037e-05,0.038086276999643565,0.6505316812102772,-2.0117992970707967,-0.832031298619212,0.4535903946697985,0.07378765223987153,0.09069692575362122,-35796758.31999999,-0.01873171219828506,0.014040883775554505,-0.016342270412407194,-0.5057362054988014,0.8709398103308164,False
600303,曙光股份,C36,汽车制造业,C,3,2008金融危机; 2015股灾; 2020疫情,0.05133971778035879,0.0925344594990386,-0.23472990337390812,0.07195366607450289,-0.3033573159820124,3.5603790095373418,-1.4160091430241424,0.17749772719051463,0.07194261445130008,1.1448398069152814,-204357946.48,0.005107842669651954,-0.03019825545408197,-0.0021675228311733297,-0.2526316017573472,0.6108744703581531,False
002064,华峰氨纶,C28,化学纤维制造业,C,3,2015股灾; 2018去杠杆; 2020疫情,-0.2914757023778938,0.07868789772966817,0.0689280591358227,0.06808981537306127,-0.5698990801462216,-0.38119081447364533,0.15493264383537622,0.23794387019346938,0.07190192407951738,0.0038952331850667563,464964125.9966667,-0.0304668281812496,-0.0074725893853930525,-0.024638649235791066,0.08386641993279152,0.2617465334404915,False
002222,福晶科技,C39,计算机、通信和其他电子设备制造业,C,3,2015股灾; 2018去杠杆; 2020疫情,-0.13902608655927756,0.04233995132209085,0.08286748800273223,0.09041299658895512,-0.14732288442514527,3.537408787261431,0.0895853811907233,0.08628263857885037,0.07187347863792606,1.2377589356770013,8111947.846666674,0.023944944297611518,0.002081951354196865,-0.005824344044119347,0.1326769940734663,0.14616809321987517,True
430418,苏轴股份,C34,通用设备制造业,C,3,2015股灾; 2018去杠杆; 2020疫情,,0.005562844204930768,0.20289043672379112,0.006632455198223845,,0.38464832234250684,0.10069191408460464,-0.03785528630702467,0.07169524537564857,0.14916165004002893,9040216.950000001,-0.01973307610887164,-0.00859243471628148,-0.05647087204913024,0.18425032763630564,0.14120047026285207,True
002636,金安国纪,C39,计算机、通信和其他电子设备制造业,C,3,2015股灾; 2018去杠杆; 2020疫情,,0.12557070853354566,0.002017320683838195,0.08566152959841689,,0.31057266856784094,-0.43513200466165236,0.1382920245033223,0.07108318627193358,0.0045775628031702875,-83279269.47,-0.03695434376459447,-0.023492452205928962,0.007489754096639878,0.008578809250867925,0.4504743109257608,False
600742,一汽富维,C36,汽车制造业,C,3,2008金融危机; 2018去杠杆; 2020疫情,0.04560906411923282,-0.1250516520473257,0.06870504131787449,0.09844356736971455,2.950191365409024,-0.247127067776265,0.04773931578565703,0.3653206926452608,0.07091922426894061,1.1210837912799807,571712497.93,0.03901072081977461,0.010413984485554084,-0.05577592964074459,0.07459751991477595,0.5659430352547183,False
000720,新能泰山,K70,房地产业,K,3,2008金融危机; 2015股灾; 2020疫情,0.08922701909886592,0.04689776109146457,-0.0516681941347074,0.07616459863277643,-1.477313584217912,0.05271144283935256,2.9157593911672604,-0.42003364628160883,0.07076312627436897,-0.6148785958867228,206128388.55333328,-0.11260018985591554,-0.06500590598299368,0.034546661964578174,-0.05062722892607773,0.5727621598202306,False
000543,皖能电力,D44,电力、热力生产和供应业,D,3,2008金融危机; 2018去杠杆; 2020疫情,0.07054104259273025,-0.12191099667626365,0.09903994412304963,0.04099852911492769,-0.9248766046211998,0.21358996703363542,7.0671440632686515,0.25478064928619554,0.0701931719435692,2.132349369311216,294505631.2099998,0.01095762241327164,-0.023164725069810457,0.04577245655449469,0.128447486881568,0.6500693791314842,False
000923,河钢资源,B08,黑色金属矿采选业,B,3,2008金融危机; 2015股灾; 2020疫情,0.14087693659341183,0.04618152807549035,-0.07946562362404982,0.023320044508185533,-0.577488961421154,1.0096806825170845,-0.5264684429658755,1.019424997427763,0.07012616972569591,0.4838722395078978,472260653.6033333,0.07510098998005148,0.08529523964637607,0.026090243398436925,0.05610150960928008,0.2234628134277292,False
600283,钱江水利,D46,水的生产和供应业,D,3,2015股灾; 2018去杠杆; 2020疫情,-0.04110608484733471,0.0018067706270358669,0.08810211769701523,0.11933560452080212,0.8986591676125327,-2.4001744111694157,-0.6851344936495438,1.251814985428424,0.06974816428161774,-0.6111646397968452,110604179.32666667,-0.020878299436749497,0.0070577356613530555,-0.028509792241820264,0.07547974668813785,0.6329959245047966,False
002327,富安娜,C17,纺织业,C,3,2015股灾; 2018去杠杆; 2020疫情,,0.062363441700523894,0.11554348998397247,0.03055269097799208,,0.06552297288352801,0.10113515722935405,0.018926747319429164,0.06948654088749615,0.061861625810770406,-120947494.55000003,-0.000321299465376725,0.006243406552233303,-0.014075174919961677,0.13933589993676615,0.21470874539822857,True
600844,丹化科技,C26,化学原料及化学制品制造业,C,3,2008金融危机; 2015股灾; 2018去杠杆,0.11232642561636372,0.01773723889870718,0.07655423014440793,-0.12536249119031573,-0.767102875704071,-2.0859768161102616,-0.9752840873128167,0.06418254566904864,0.0688726315531596,-1.2761212597090499,-39422617.13999999,-0.1452978551244701,-0.12020331866943883,-0.06265789118046271,-1.0324639985213993,0.7006124389143259,False
900921,丹科B股,C26,化学原料及化学制品制造业,C,3,2008金融危机; 2015股灾; 2018去杠杆,0.11232642561636372,0.01773723889870718,0.07655423014440793,-0.12536249119031573,-0.767102875704071,-2.0859768161102616,-0.9752840873128167,0.06418254566904864,0.0688726315531596,-1.2761212597090499,-39422617.13999999,-0.1452978551244701,-0.12020331866943883,-0.06265789118046271,-1.0324639985213993,0.7006124389143259,False
600850,华东电脑,I65,软件和信息技术服务业,I,3,2015股灾; 2018去杠杆; 2020疫情,-0.10418722425704688,0.054069359475634404,0.10694557330273066,0.04509243519932606,-0.15041761612292168,0.18420252293493922,0.03633469573263178,-0.021934814725090086,0.06870245599256371,0.0662008013141603,-224098947.7966667,-0.008300405755563539,-0.001273399861705336,0.015059860245881315,0.11029257204388208,0.5854786820951634,True
002540,亚太科技,C32,有色金属冶炼及压延加工业,C,3,2015股灾; 2018去杠杆; 2020疫情,,0.02110213895321444,0.05356962337834801,0.12987431028365198,,0.09367459878080459,0.23530013467653935,-0.013099617729534635,0.06818202420507148,0.1052917052426031,137265634.97,0.0033343415872122925,-0.0032278471461198075,0.03518232163137002,0.08316428207042219,0.31030096784856653,False
300304,云意电气,C36,汽车制造业,C,3,2015股灾; 2018去杠杆; 2020疫情,,0.0018940994735884788,0.026716417051335966,0.17558757104368,,-0.1402548106730672,-0.06075648831586106,0.533020101256606,0.06806602918953482,0.1106696007558926,-5420396.450000006,0.0012857646856182837,0.002255805380571222,0.001900359884841667,0.1373062754086443,0.21327143615613786,True
002160,常铝股份,C32,有色金属冶炼及压延加工业,C,3,2015股灾; 2018去杠杆; 2020疫情,-0.17076620929293615,0.17277709132598226,0.018160020328152175,0.010668482331607965,-0.8548344615984597,4.534288492635025,-3.5311619735027704,0.001950962573244484,0.06720186466191413,0.3350258272351665,52683930.113333344,-0.05796075671568024,0.006615135702941144,-0.03344013039565924,0.019427838316595458,0.5659409414555961,False
000561,烽火电子,C39,计算机、通信和其他电子设备制造业,C,3,2015股灾; 2018去杠杆; 2020疫情,-0.7180195535227331,0.1631241239212935,0.005801329862803231,0.03163992698824008,2.8468296848726324,1.1738849648902725,0.11559155295458177,0.13456799936187183,0.06685512692411227,0.4746815057355754,-52618867.65666669,0.016290283968384476,0.006123354900937572,0.02047215706755103,-0.08551075949723067,0.5491511670947997,False
600781,辅仁药业,C27,医药制造业,C,3,2008金融危机; 2015股灾; 2018去杠杆,0.047152913848589204,0.0627020278091364,0.08920619127974558,-0.4410231115450164,0.18308315784017185,1.0658171201278224,0.1519365053059893,-3.887041528097578,0.06635371097915706,0.4669455944246612,178999160.27333334,-0.001420242903479349,0.02538749320610993,-0.04642943475814737,,,False
600037,歌华有线,I63,电信、广播电视和卫星传输服务,I,3,2008金融危机; 2015股灾; 2018去杠杆,0.14756227940598904,0.041390659549958235,0.010030650571966745,-0.06642017386157387,-0.10406358176407635,0.1825883479507064,-0.08812308196953297,-0.7183123650897011,0.06632786317597134,-0.0031994385943009775,-32515454.156666636,-0.01811726136513701,-0.01768543205870496,-0.05805344106757488,-0.005469551065706212,0.20742520343627532,False
600160,巨化股份,C26,化学原料及化学制品制造业,C,3,2008金融危机; 2018去杠杆; 2020疫情,0.024313572133079664,-0.025338082789805795,0.13714637675051006,0.02939768537943709,-0.6271025462259887,0.0029800769443701584,1.3119424830568533,-0.8883959211379555,0.06361921142100894,-0.0678519947690303,509917635.90999985,-0.01568520280893937,-0.004196271355676073,0.012742795376547785,0.11342720455718865,0.3125250206088478,True
600774,汉商集团,F52,零售业,F,3,2008金融危机; 2015股灾; 2018去杠杆,0.07604849920344067,0.04540770465779209,0.06846305427854471,-0.5721083423469027,-0.9261425637574684,-0.7298948964220465,0.7613638219954516,0.11658461195229514,0.06330641937992583,-0.29822454606135446,-15577039.036666667,-0.020986769074499523,0.010189555429889308,-0.0026395476684987576,-0.01388988153835705,0.48816922078922587,False
300172,中电环保,N77,生态保护和环境治理业,N,3,2015股灾; 2018去杠杆; 2020疫情,,0.0008081189544032646,0.1733428746805131,0.014281992852456482,,0.19338081095309978,0.02049113258064424,0.22506558108631422,0.06281099549579096,0.1463125082066861,-31335654.996666674,0.003549139083309505,0.032701845441230636,0.008273988695975473,0.03954222083277301,0.2885662230717344,False
600900,长江电力,D44,电力、热力生产和供应业,D,3,2008金融危机; 2018去杠杆; 2020疫情,0.008208082092043495,-0.09884528466282541,0.0212798451298908,0.15858496186027535,-0.2684251765116405,-0.026204276947098246,0.016563166652262987,0.22899394052931246,0.06269096302740322,-0.00762268977668835,2095063853.450001,-0.008800847770462144,-0.01941842633953139,-0.02415179448202263,0.1483637079610854,0.6079016421282977,False
600822,上海物贸,F51,批发业,F,3,2008金融危机; 2018去杠杆; 2020疫情,0.09614697595893902,-0.1809680440467451,0.013338868190415713,0.07654188767625175,-0.10190955064940911,-38.0637589384011,0.2788432238375135,0.6316651108366415,0.06200924394186883,0.26953292800824863,95445296.48666668,0.01830829907516901,-0.0028157466883279303,0.010293190912246416,0.028094270968060397,0.3956771838650567,False
900927,物贸B股,F51,批发业,F,3,2008金融危机; 2018去杠杆; 2020疫情,0.09614697595893902,-0.1809680440467451,0.013338868190415713,0.07654188767625175,-0.10190955064940911,-38.0637589384011,0.2788432238375135,0.6316651108366415,0.06200924394186883,0.26953292800824863,95445296.48666668,0.01830829907516901,-0.0028157466883279303,0.010293190912246416,0.028094270968060397,0.3956771838650567,False
000692,惠天热电,D44,电力、热力生产和供应业,D,3,2008金融危机; 2018去杠杆; 2020疫情,0.08082449523212326,-0.0026757200655356072,0.08052652231373782,0.023311038205936115,-2.689244878739984,0.6927860914054479,1.4080877991619587,-8.440527227458603,0.0615540185839324,-3.2405614356788757,36798238.00333335,-0.8778791852911138,-0.041645185707544406,0.05342399258927207,-1.5488823575412238,0.9631437392441508,False
300403,汉宇集团,C38,电气机械及器材制造业,C,3,2015股灾; 2018去杠杆; 2020疫情,,0.07265243621380942,0.02020774098270282,0.08635613114163841,,0.10732602614683417,-0.021131776027953044,0.25982462209995405,0.05973876944605022,0.11533962407294507,-11544836.5,0.01012034182697238,0.006270625107595092,0.07444302490580107,0.11652444053801134,0.1824947806635907,True
002416,爱施德,F51,批发业,F,3,2015股灾; 2018去杠杆; 2020疫情,,0.025837048276174612,0.0026050309138307996,0.1476040416732185,,1.9312313290192906,-1.175382113667405,1.4891092496874345,0.0586820402877413,0.7483194883464401,751647459.9833332,0.0038181703339633527,-0.0012161786520931347,-0.003202784626864482,0.10018446720966519,0.4555079963684838,True
600007,中国国贸,K70,房地产业,K,3,2008金融危机; 2015股灾; 2018去杠杆,0.011968251201078845,0.016565520658814798,0.14614594368347503,-0.12248447173608205,0.22558648277228038,0.16973327491833123,0.22006353605548634,-0.1510167195613549,0.05822657184778956,0.20512776458203263,93180076.0,0.011386021812152583,-0.0004304524645447061,-0.013460994513782335,0.13082592008422672,0.21634322038745926,True
200986,粤华包B,C22,造纸及纸制品业,C,3,2008金融危机; 2018去杠杆; 2020疫情,0.11277084306378468,-0.0761828521563406,0.027865616582946694,0.033949173132993594,-0.6515675052667503,0.14509858434428177,-2.617602758123015,10.579958304356433,0.05819521092657499,2.4369293469888893,319320972.8933334,-0.004875938826929549,0.014273693494949299,0.014188045935318508,,,False
601126,四方股份,C38,电气机械及器材制造业,C,3,2015股灾; 2018去杠杆; 2020疫情,,0.012795146293316845,0.10881049845627927,0.04943930818615443,,0.009287609279856375,-0.12780157231099998,0.8832799416586296,0.05701498431191685,0.2549219928758287,97709775.60333335,0.007312228306219653,-0.012330961059224063,0.03075442766765213,0.1563236095046105,0.5854341785665976,True
600560,金自天正,C35,专用设备制造业,C,3,2008金融危机; 2018去杠杆; 2020疫情,0.07428602585587668,-0.06247675748428518,0.040507824434115706,0.05419976284204965,0.11955910908869301,-0.039696044869879356,0.05564570893544598,0.4526761186219382,0.056331204377347344,0.20929364554869237,26919300.863333333,0.006096062840794614,0.01976286513743819,0.033033120318557284,0.05822802947815787,0.44689787158644084,False
600864,哈投股份,J67,资本市场服务,J,3,2008金融危机; 2018去杠杆; 2020疫情,0.1286604295041185,-0.01868109091801959,0.00385583342197081,0.033701103733967216,-0.09554545002036019,2.1779930300883357,-1.4853576873454528,-0.22645080024485795,0.05540578888668551,-0.6024513125368903,4079475364.8566666,0.006754452336655655,-0.03759202351554627,-0.0006145310687360276,0.022170322500927157,0.7054611333302635,False
600029,南方航空,G56,航空运输业,G,3,2008金融危机; 2015股灾; 2018去杠杆,0.009915343725949922,0.029119311624643394,0.1265520946905223,-0.4002086546312256,-3.352133398724865,1.0620347394540943,-0.49421923020635156,-4.819063004846527,0.055195583347038536,-0.9281059631590408,1001666666.6666666,-0.22205393121206804,-0.024695381383690887,-0.00022191383404416656,0.0029280349843140985,0.840494574480345,False
600598,北大荒,A01,农业,A,3,2008金融危机; 2018去杠杆; 2020疫情,0.032354583754746175,-0.2848478867029806,0.09101821067889405,0.041649653697099734,0.01902553473652106,-0.13943010877498102,0.2003899800236716,0.16563340562775988,0.05500748271024666,0.12834964012931752,255950379.51666668,0.005470291649837635,-0.1361213929200892,-0.03577930015856933,0.1430786379460695,0.1539456737391153,True
002407,多氟多,C26,化学原料及化学制品制造业,C,3,2015股灾; 2018去杠杆; 2020疫情,,0.023551479310280416,0.04735751319257064,0.09297667944564023,,3.1051295699189105,-0.562321408468242,1.1047575533420264,0.05462855731616376,1.2158552382642316,129414949.22666664,0.027118509137067138,0.0013923609436539603,-0.03701497836742945,-0.044192475456144874,0.527927601587921,False
000920,南方汇通,C26,化学原料及化学制品制造业,C,3,2008金融危机; 2018去杠杆; 2020疫情,0.03780282632449904,-0.5613280906293515,0.0205695845872224,0.10342320884977817,0.148976617549384,-0.49792212985749573,-0.17789560103434882,0.1144796180655247,0.0539318732538332,0.02852021152685329,-43374117.293333344,-0.004582757272623691,0.02175236451660917,0.04076559195396656,0.09974447852436193,0.26278333244957325,False
300259,新天科技,C40,仪器仪表制造业,C,3,2015股灾; 2018去杠杆; 2020疫情,,0.0004215273108836766,0.14816160634618036,0.011578166265230248,,-0.25969430416549666,-0.08925245866510911,0.37988179412684225,0.0533870999740981,0.010311677098745494,15633516.263333336,-0.009347890118288038,-0.024558044417009577,0.0006170396250673171,0.06545756365545395,0.14644010610893904,False
600578,京能电力,D44,电力、热力生产和供应业,D,3,2008金融危机; 2018去杠杆; 2020疫情,0.031271372708351446,-0.16126683229563868,0.03882683759977524,0.08998220351196985,-0.21929801207219904,-0.001231623817253228,2.101759391324374,0.05858669304354835,0.05336013794003217,0.6470160240985745,485067612.1333334,-0.004447092750264362,0.011290322464894106,0.07747254513055148,0.0650105073452006,0.6370201149392895,False
300421,力星股份,C34,通用设备制造业,C,3,2015股灾; 2018去杠杆; 2020疫情,,0.015114295251904575,0.06470311734988651,0.07949002236682333,,0.007868578954721974,-0.012280688731916543,0.5663141466888064,0.05310247832287148,0.1873006789705373,-5985254.720000003,-0.018162286170525493,-0.005896169796893179,-0.0995334163318972,0.0440416961866613,0.34448295594703643,False
600128,弘业股份,F51,批发业,F,3,2008金融危机; 2018去杠杆; 2020疫情,0.0280007256197626,-0.07867353501912201,0.09897605555833855,0.029101968243995628,-0.05615366916438354,-0.1413257485678299,-4.302477381420127,2.6933166662003827,0.052026249807365595,-0.5551047947947093,-226915372.7433333,-0.0216308618500113,-0.008885197392252969,-0.012333099638227854,0.02285832777510676,0.5473072552011827,False
002553,南方轴承,C34,通用设备制造业,C,3,2015股灾; 2018去杠杆; 2020疫情,,0.0026654376991877187,0.009543143362810142,0.14367303908749807,,-0.0007051410678262963,0.147877808911846,8.32544244293967,0.05196054004983197,2.8242050369278964,-4157005.8366666636,0.10208989379778273,-0.019518428554407347,0.008250705186130719,0.008355863389891497,0.1986571374888098,False
600018,上港集团,G55,水上运输业,G,3,2008金融危机; 2015股灾; 2018去杠杆,0.110977321118952,0.02543993592222353,0.01652948063545449,-0.2765019367886046,0.21207263565547094,0.0022272057892390724,-0.10698646415864582,-0.0747988735549869,0.05098224589221001,0.0357711257620214,-2115867308.5400007,-0.005749113765260147,-0.01088227745640639,-0.018583872723507738,0.10897440544590191,0.3048575654109706,True
002048,宁波华翔,C36,汽车制造业,C,3,2008金融危机; 2015股灾; 2018去杠杆,0.015066426466617712,0.12591988011939226,0.00813608074249484,-0.011763456038532833,-0.09026091674718272,-0.42311445062166525,-0.1258462628743897,-0.1134209970426644,0.049707462442834936,-0.2130738767477459,18246383.669999998,-0.04443721159440239,-0.015542035513174726,-0.005795103020561705,0.09708229253465597,0.5563911493854952,False
300127,银河磁体,C39,计算机、通信和其他电子设备制造业,C,3,2015股灾; 2018去杠杆; 2020疫情,,0.007913931618176306,0.13716223002540787,0.0024632246545593056,,0.28787207352365607,-0.18929887104715484,0.004966252731829728,0.049179795432714495,0.03451315173611032,12486769.196666678,-0.005691798540158143,0.0010700028289819345,-0.00916515551378183,0.10150607258723801,0.0686152837404471,True
002474,榕基软件,I65,软件和信息技术服务业,I,3,2015股灾; 2018去杠杆; 2020疫情,,0.042280914536583364,0.09499081400939484,0.004334641682220969,,-0.2966812766455633,-0.00811493160104162,-0.10098513211588245,0.04720212340939972,-0.1352604467874958,-11477207.936666666,-0.003320267220454562,0.011175142445362052,0.02128850852371883,-0.06349321965873607,0.4467484495493849,False
002040,南京港,G55,水上运输业,G,3,2015股灾; 2018去杠杆; 2020疫情,-0.09420388609724549,0.05252253453787812,0.05883720277780204,0.02427652479215121,-0.4121186020290273,0.010325912213773877,0.4643478990143148,-0.0006218543359101703,0.04521208736927712,0.1580173189640595,28730833.51666667,0.0046229315009683565,0.0002162065976105687,-0.02526769710255546,0.04909846643384947,0.24560892608480883,False
600360,华微电子,C39,计算机、通信和其他电子设备制造业,C,3,2015股灾; 2018去杠杆; 2020疫情,-0.05533144156219838,0.052471860323695434,0.04549050439070976,0.037487769535295486,-0.650514530313432,0.3793199175455574,0.12919630141559385,-0.4516114120610481,0.045150044749900226,0.018968268966701046,150789530.39666668,-0.0003352800622402532,0.005863427970558749,0.02970252601638394,0.04027525124192418,0.4744752025846003,False
002491,通鼎互联,C38,电气机械及器材制造业,C,3,2015股灾; 2018去杠杆; 2020疫情,,0.09271632023905972,0.02654376003922053,0.013497578397181405,,0.4627192745658783,-0.2942896571630207,1.0235866197159675,0.044252552891820555,0.3973387457062751,-230872876.16666672,0.2215492149452226,-0.010295954595481457,-0.025215360983409745,0.029689650514041196,0.5325476603742509,False
603519,立霸股份,C38,电气机械及器材制造业,C,3,2015股灾; 2018去杠杆; 2020疫情,,0.06706790490854027,0.04858974393824901,0.011431702734677238,,0.1581477007156551,0.09553936471935168,-0.27650019881754745,0.042363117193822165,-0.007604377794180217,-46925950.90666667,-0.029671698209241617,-0.018009234896639203,-0.057772740536749134,0.11910822318406641,0.16742226592567264,True
002250,联化科技,C26,化学原料及化学制品制造业,C,3,2015股灾; 2018去杠杆; 2020疫情,,0.004390878461715972,0.0016407632875861506,0.11625567384282695,,0.15349044133259326,-0.7734376978680385,-0.31836530803632607,0.04076243853070969,-0.31277085485725714,95965387.84999998,-0.015164535717468933,-0.010093508764977,-0.010493709402887852,0.02200078463695431,0.5015390977933027,False
002543,万和电气,C38,电气机械及器材制造业,C,3,2015股灾; 2018去杠杆; 2020疫情,,0.05392595641984295,0.05847150486325222,0.008044089194690688,,0.19537387026405964,0.1771591630084132,0.005238713386175857,0.04014718349259529,0.1259239155528829,30746422.01000003,0.005167631621445318,-0.005490737381832755,0.01500114971810775,0.13833689468709148,0.45884064900328164,True
430510,丰光精密,C33,金属制品业,C,3,2015股灾; 2018去杠杆; 2020疫情,,0.03736035838522757,0.05997255394099823,0.02138776471301843,,0.03746954650764871,-0.09025421314356762,0.31057339354029995,0.03957355901308141,0.08592957563479368,-918124.413333334,-0.011939620758805206,-0.015518055641066952,-0.014430960008782842,0.05263311650239135,0.3138917972792145,False
000719,中原传媒,R85,新闻和出版业,R,3,2015股灾; 2018去杠杆; 2020疫情,-1.0,0.005077495363939078,0.1011260097143856,0.009678460680114643,1.606382068739888,0.09364973285586467,0.05821376545413391,0.11534708869812439,0.03862732191947977,0.08907019566937431,151322322.12333336,0.0006115462887584244,0.001123002323352107,-0.0011082520729448115,0.09016322496850948,0.36447584509623987,False
300225,金力泰,C26,化学原料及化学制品制造业,C,3,2015股灾; 2018去杠杆; 2020疫情,,0.013182974194561993,0.013756804489351375,0.08783949640914497,,-0.28152850553554193,-0.7583349389953378,2.0220228506749436,0.03825975836435278,0.32738646871468796,-29412456.71666667,-0.004024351579648981,-0.0004265529317918071,0.01079882659088687,,,False
600969,郴电国际,D44,电力、热力生产和供应业,D,3,2015股灾; 2018去杠杆; 2020疫情,-0.07536657183652079,0.013515249582021382,0.08788554634335792,0.011164082688282648,-2.314067243558364,-0.1738119264854618,0.07989370110479525,-0.3950424422936535,0.03752162620455398,-0.16298688922477333,129528966.21666662,-0.010611818761978467,-0.007331964519418643,0.012999707434920441,0.01547022428510005,0.7323465422981182,False
000630,铜陵有色,C32,有色金属冶炼及压延加工业,C,3,2008金融危机; 2018去杠杆; 2020疫情,0.008201180518606932,-0.021638307408013497,0.02619030109678493,0.07020198142929587,-0.4874765548515802,-3.163550328518262,0.3222053628963479,-0.055043348692763915,0.03486448768156258,-0.07343818021599875,2431062443.4400005,-0.03661056295387732,-0.00045259936377164733,-0.01933193415895366,0.09019428436898368,0.47795397619425367,False
000726,鲁泰A,C17,纺织业,C,3,2008金融危机; 2015股灾; 2018去杠杆,0.02917230587381856,0.0005890063830123493,0.07330602981943335,-0.301432731010774,0.06427538634281235,-0.24896858675951525,-0.028444462739380543,-0.9099487959242043,0.03435578069208809,-0.07104588771869448,198225334.58666673,-0.03266201181817385,-0.00922534676086371,-0.02075028122197554,0.04340057919181644,0.29491971756386764,False
200726,鲁泰B,C17,纺织业,C,3,2008金融危机; 2015股灾; 2018去杠杆,0.02917230587381856,0.0005890063830123493,0.07330602981943335,-0.301432731010774,0.06427538634281235,-0.24896858675951525,-0.028444462739380543,-0.9099487959242043,0.03435578069208809,-0.07104588771869448,198225334.58666673,-0.03266201181817385,-0.00922534676086371,-0.02075028122197554,0.04340057919181644,0.29491971756386764,False
600104,上汽集团,C36,汽车制造业,C,3,2008金融危机; 2015股灾; 2018去杠杆,0.012701503163838012,0.055306924852140886,0.034556246348808085,-0.1252070867131158,-1.157178892070537,0.04766429687968596,0.02734873976641671,-0.17288311180703933,0.03418822478826233,-0.3607219518081448,-440806778.21999997,-0.055907420327130634,-0.011991420615561401,0.03703934796582627,0.016823573173717053,0.6377397839158228,False
002293,罗莱生活,C17,纺织业,C,3,2015股灾; 2018去杠杆; 2020疫情,,0.055853294139775855,0.032381496709137106,0.010379848115432638,,0.06257414926629662,0.20258811572875637,0.0606286089613411,0.03287154632144853,0.1085969579854647,-123577092.63000001,5.287730702294158e-05,0.018202494580493944,-0.003142891094450484,0.10234654926474408,0.3180174714958124,True
000012,南玻A,C30,非金属矿物制品业,C,3,2008金融危机; 2015股灾; 2020疫情,0.02039493486139103,0.05484936062508924,-0.0247658617685412,0.01902452362776075,-0.11815349163791455,-0.3586604466052722,-0.43013751749282786,0.4488305090027217,0.03142293970474701,-0.00932780974682168,-11315712.666666666,-0.012474092548798337,0.002535236940383397,0.020085688235259542,0.01768241365667138,0.5514908222389845,False
200012,南玻B,C30,非金属矿物制品业,C,3,2008金融危机; 2015股灾; 2020疫情,0.02039493486139103,0.05484936062508924,-0.0247658617685412,0.01902452362776075,-0.11815349163791455,-0.3586604466052722,-0.43013751749282786,0.4488305090027217,0.03142293970474701,-0.00932780974682168,-11315712.666666666,-0.012474092548798337,0.002535236940383397,0.020085688235259542,0.01768241365667138,0.5514908222389845,False
000848,承德露露,C15,酒、饮料和精制茶制造业,C,3,2008金融危机; 2015股灾; 2018去杠杆,0.08799395375378771,0.0012751601905910497,0.004779293314878583,-0.1750250066723487,0.26384866619344527,0.041067532044000446,-0.013128401806052991,-0.06947801614351413,0.03134946908641911,0.09726259881046424,289673268.24666667,-0.006678719598092048,0.012805333979853025,0.010151283167826894,0.1937170800509232,0.2510133638981271,True
002334,英威腾,C38,电气机械及器材制造业,C,3,2015股灾; 2018去杠杆; 2020疫情,,0.02408418388963068,0.04982782611791636,0.01980756877772125,,-0.059161761520281825,-0.1620720835435306,1.1776497002158401,0.03123985959508943,0.3188052850506759,-38115747.57666667,0.09824663589955758,-5.101790361500269e-05,0.010268604652511809,0.07277491136977539,0.45202488046819583,False
000925,众合科技,C35,专用设备制造业,C,3,2015股灾; 2018去杠杆; 2020疫情,-0.2947385682316392,0.038209665872547795,0.0013191986841464935,0.05352977906931825,-0.9435407966927035,0.36910438357673137,-0.7840309207702996,-0.9509089638814858,0.031019547875337516,-0.4552785003583513,-192943964.38000003,-0.025903516675424426,0.011935863749544695,-0.023898326872424252,0.013494027220064373,0.5829264959832952,False
000488,晨鸣纸业,C22,造纸及纸制品业,C,3,2008金融危机; 2015股灾; 2020疫情,0.02405916135448412,0.05711364551828842,-0.020245935721797413,0.011221551326653282,0.033647007865109095,1.1573184772076182,-0.31770045997074503,0.08721568430691416,0.030798119399808605,0.42606038979321376,-3689930042.9266663,0.0023490202862754897,0.001900286048243253,-0.01139520855116094,-0.6071329602930584,0.7978914646047571,False
200488,晨鸣B,C22,造纸及纸制品业,C,3,2008金融危机; 2015股灾; 2020疫情,0.02405916135448412,0.05711364551828842,-0.020245935721797413,0.011221551326653282,0.033647007865109095,1.1573184772076182,-0.31770045997074503,0.08721568430691416,0.030798119399808605,0.42606038979321376,-3689930042.9266663,0.0023490202862754897,0.001900286048243253,-0.01139520855116094,-0.6071329602930584,0.7978914646047571,False
600012,皖通高速,G54,道路运输业,G,3,2008金融危机; 2015股灾; 2018去杠杆,0.0004014496144198597,0.037372429518408926,0.03688299943806462,-0.1065321731059128,0.2241529163149482,0.11501984947995278,0.01014795765524237,-0.18245235950289418,0.0248856261902978,0.11644024115004777,-94123689.94333339,0.006120376887421179,-0.018946015731594306,0.012894873317578789,0.11377777581118097,0.3912853603487135,True
000100,TCL科技,C39,计算机、通信和其他电子设备制造业,C,3,2015股灾; 2018去杠杆; 2020疫情,-0.016609848902301886,0.03514652646884659,0.0159773807880491,0.02327612664984864,0.34121071331796826,-0.2368964499718503,0.14683773135231115,0.3847928799633872,0.024800011302248112,0.09824472044794934,2822328333.3333335,-0.02381436428423574,-0.0037258508760987844,0.004277567386812842,-0.03131895057911855,0.6491657057462202,False
600273,嘉化能源,C26,化学原料及化学制品制造业,C,3,2015股灾; 2018去杠杆; 2020疫情,-0.024869743409055893,0.0017546721391739001,0.004977851206617392,0.036986765482862775,-0.9601699543148202,0.16020158349040367,0.13644716222672432,0.058754120519899894,0.014573096276218023,0.1184676220790093,108799307.58666669,0.0010920173702127962,0.022437498930932054,-0.022132763367572528,0.09911171351225902,0.2269103878505339,False
